Price,Close,Close,Close,Close,Close,High,High,High,High,High,Low,Low,Low,Low,Low,Open,Open,Open,Open,Open,Volume,Volume,Volume,Volume,Volume
Ticker,AAPL,AMZN,GOOGL,META,NFLX,AAPL,AMZN,GOOGL,META,NFLX,AAPL,AMZN,GOOGL,META,NFLX,AAPL,AMZN,GOOGL,META,NFLX,AAPL,AMZN,GOOGL,META,NFLX
Date,,,,,,,,,,,,,,,,,,,,,,,,,
2018-01-02,40.26707458496094,59.45050048828125,53.22063446044922,180.00738525390625,20.10700035095215,40.276426884472016,59.5,53.357999362017694,180.16614305976034,20.165000915527344,39.56580192963127,58.5255012512207,52.21941091232708,176.16752355717324,19.54199981689453,39.77618586634448,58.599998474121094,52.21941091232708,176.29650102694924,19.610000610351562,102223600,53890000,31766000,18151900,109669000
2018-01-03,40.26005935668945,60.209999084472656,54.12862777709961,183.2321014404297,20.5049991607666,40.802378551359595,60.27450180053711,54.355750700510285,183.34124555259893,20.621000289916992,40.196947390215975,59.415000915527344,53.23154311672444,179.91811132907898,20.149999618530273,40.330187330739136,59.415000915527344,53.256335915730126,180.46383188992525,20.204999923706055,118071600,62176000,31318000,16886600,85914000
2018-01-04,40.44707107543945,60.47949981689453,54.33889389038086,182.89471435546875,20.562999725341797,40.54992497445396,60.79349899291992,54.75148424777262,184.76008056071637,20.704999923706055,40.22500210267125,60.233001708984375,54.26451170182566,182.66650949205325,20.399999618530273,40.3325285848356,60.25,54.4048503854512,183.46026817175525,20.6200008392334,89738400,60442000,26052000,13880900,60296000
2018-01-05,40.9075813293457,61.457000732421875,55.05943298339844,185.39512634277344,20.999000549316406,40.99407050276175,61.457000732421875,55.22258571487363,185.4447249132327,21.00200080871582,40.4517547079046,60.5,54.63841320373191,183.49006281380875,20.55900001525879,40.54292003219282,60.8754997253418,54.720237383951606,184.1449274556417,20.725000381469727,94640000,70894000,30250000,13574500,70332000
2018-01-08,40.755638122558594,62.34349822998047,55.25382614135742,186.81398010253906,21.204999923706055,41.050171408244445,62.65399932861328,55.49929868498433,187.4291477052418,21.25,40.65745679380547,61.60150146484375,55.04505284208835,184.87916656179783,20.8439998626709,40.755638122558594,61.79999923706055,55.094642223098475,185.7423875707489,21.00200080871582,82271200,85590000,24644000,17994700,55802000
2018-01-09,40.750953674316406,62.6349983215332,55.18341064453125,186.40716552734375,20.930999755859375,40.921595685232134,62.96649932861328,55.463596141591765,187.32993205476637,21.29800033569336,40.53589715868877,62.0880012512207,54.95579208730221,185.64317195063535,20.858999252319336,40.802380620103136,62.845001220703125,55.463596141591765,187.23070463806178,21.211000442504883,86336000,73226000,26808000,12393100,61259000
2018-01-10,40.741600036621094,62.71649932861328,55.05199432373047,186.37742614746094,21.25200080871582,40.74393989480724,62.71649932861328,55.182912254345965,186.42703986268575,21.36400032043457,40.440054379738385,61.86149978637695,54.74652041343671,184.18464225033807,20.69099998474121,40.477456442146824,62.25749969482422,54.89627981139507,185.4844398333351,20.756999969482422,95839600,53720000,20734000,10529900,59515000
2018-01-11,40.973018646240234,63.83399963378906,55.1467170715332,186.30796813964844,21.724000930786133,41.02210929584681,63.8385009765625,55.28556886064353,186.93305246691168,21.774999618530273,40.788351771134415,62.823001861572266,54.870500380318546,185.92100540754097,21.334999084472656,40.8117253834916,62.98699951171875,55.159610992440236,186.93305246691168,21.429000854492188,74670800,62500000,22424000,9588600,76595000
2018-01-12,41.3961296081543,65.26000213623047,56.069091796875,177.9733428955078,22.12299919128418,41.459245154422774,65.28800201416016,56.10132281445176,180.0669141301532,22.2549991607666,41.0595181171993,63.669498443603516,54.94637108166763,176.0186809548209,21.600000381469727,41.18340935111223,63.669498443603516,55.05001429043601,176.6735455434726,21.718000411987305,101672400,108874000,38586000,77551300,81994000
2018-01-16,41.18574142456055,65.24299621582031,56.071563720703125,177.00099182128906,22.152999877929688,41.93376483703263,66.99700164794922,56.97311273998097,180.33483027965096,22.60700035095215,41.17405283422285,64.61499786376953,55.87121991457771,176.65371098896813,21.719999313354492,41.58546481936825,66.1500015258789,56.54812417657074,180.08677686798706,22.423999786376953,118263600,144414000,36462000,36183800,135161000
2018-01-17,41.86597442626953,64.75,56.488128662109375,176.21714782714844,21.75,41.90103662850465,65.69999694824219,56.49903628307341,177.92375649243675,22.114999771118164,40.923931879747094,64.04399871826172,55.71402429869447,174.43116025417478,21.631999969482422,41.17638686955348,65.61199951171875,56.352250653332995,177.86421095668882,22.100000381469727,137547200,105076000,27830000,27992400,91231000
2018-01-18,41.90338134765625,64.66600036621094,56.332908630371094,178.39999389648438,22.033000946044922,42.09974042023661,65.2300033569336,56.5620140670971,179.57079858271496,22.058000564575195,41.6672874824555,64.20099639892578,55.762125662718006,175.7011719113024,21.655000686645508,41.929094823419305,64.69750213623047,56.50052202410961,176.7429991351371,22.034000396728516,124773600,80538000,27498000,23304900,82253000
2018-01-19,41.71637725830078,64.72899627685547,56.70632553100586,179.87838745117188,22.04599952697754,41.97818459371661,65.6500015258789,56.72021070996429,180.94997989978438,22.349000930786133,41.470931097919724,64.64949798583984,56.16083473617007,178.76711312223028,21.850000381469727,41.75143946684489,65.5999984741211,56.43506891231279,179.44182620764286,22.274999618530273,129700400,91570000,30552000,26826500,105486000
2018-01-22,41.375083923339844,66.3655014038086,57.73085403442383,183.92662048339844,22.757999420166016,41.557414516297534,66.37249755859375,57.86574078088286,183.9464689935451,22.77899932861328,41.2815823355666,64.83300018310547,56.62300979947485,179.00524976543338,22.1200008392334,41.44521189759825,64.8584976196289,56.722192343467434,179.39221244341843,22.200000762939453,108434400,82802000,29550000,21059500,177033000
2018-01-23,41.38444137573242,68.12699890136719,58.32643508911133,187.87567138671875,25.02899932861328,41.9454617211586,68.24500274658203,58.44247659523314,188.07411110002806,25.770999908447266,41.33301798842127,66.86699676513672,57.884091874682795,184.10525627392343,24.802000045776367,41.44522063076343,66.90450286865234,58.051209652613295,184.60136312718652,25.5049991607666,130756400,103386000,39138000,25678800,277053000
2018-01-24,40.72523498535156,67.87550354003906,58.084434509277344,185.09747314453125,26.1299991607666,41.44520856729474,69.40799713134766,58.86597712030096,189.17547215366278,26.17099952697754,40.48680131877495,66.9000015258789,57.891528893223416,185.06770794402502,24.930999755859375,41.43351997804808,68.74099731445312,58.763325166375935,188.4114633473833,25.08799934387207,204420400,136150000,37128000,24334500,173524000
2018-01-25,39.998268127441406,68.89749908447266,58.62248229980469,186.0201873779297,26.969999313354492,40.89589656869833,68.91699981689453,58.76431163354587,187.1513101905273,27.229999542236328,39.862688274304936,67.88099670410156,58.11170450023698,185.14704977134807,26.023000717163086,40.79304264101837,68.4000015258789,58.551569524647675,186.4865289457528,26.299999237060547,166116000,95060000,29984000,17377700,153364000
2018-01-26,40.09175491333008,70.10250091552734,58.891265869140625,188.5205841064453,27.459999084472656,40.206297393461384,70.12650299072266,58.891265869140625,188.5205841064453,27.459999084472656,39.75280718937289,69.04550170898438,57.922772751632536,185.35542029826166,26.875999450683594,40.206297393461384,69.60050201416016,58.88977898213961,186.28810350518478,27.14900016784668,156572000,97146000,42170000,17759200,110218000
2018-01-29,39.261924743652344,70.88400268554688,58.83770751953125,184.5319061279297,28.458999633789062,39.77619070677116,71.56950378417969,59.408986114209235,187.3696380145805,28.680999755859375,39.05388063992829,70.02200317382812,58.71769720777798,184.18464040479603,27.392000198364258,39.77619070677116,70.45899963378906,58.913084740245644,187.2803424120587,27.420000076293945,202561600,114038000,31494000,20453200,175297000
2018-01-30,39.030494689941406,71.89099884033203,58.38594055175781,185.66297912597656,27.8799991607666,39.12399627428952,71.9625015258789,58.90961228811915,186.71472297874615,28.273000717163086,38.499864103281,69.5999984741211,58.24411121339858,180.42409323068864,27.270000457763672,38.6938832793173,70.15850067138672,58.40329891610791,186.1590858595453,27.700000762939453,184192800,117438000,37338000,20858600,124829000
2018-01-31,39.13802719116211,72.54450225830078,58.6264533996582,185.434814453125,27.030000686645508,39.374124613366014,73.62899780273438,58.82977478286543,188.3519251010696,28.229000091552734,38.92063436894064,72.50199890136719,58.12460068518997,183.77781942071672,26.95800018310547,39.007123526143936,72.56500244140625,58.70530002463101,186.90328646352634,28.194000244140625,129915600,128494000,36022000,43275100,116951000
2018-02-01,39.21984100341797,69.5,58.595211029052734,191.5865478515625,26.506999969482422,39.41619648711814,72.99400329589844,58.8858123025016,193.79919539749767,27.19499969482422,38.98140730643512,69.25700378417969,57.98872383699025,186.42703942001728,26.33799934387207,39.07724875688061,72.25,58.31750745953423,186.75447177174732,26.641000747680664,188923200,182276000,73514000,54211300,96690000
2018-02-02,37.518089294433594,71.49749755859375,55.50128173828125,188.79840087890625,26.743000030517578,38.990762671698725,74.9000015258789,56.10132195619659,192.69780816421374,27.062000274658203,37.42458769489759,70.69999694824219,55.10307223257932,188.50073377361915,26.270999908447266,38.80375590576933,73.86949920654297,55.908911977935325,190.5446913486245,26.299999237060547,346375200,222514000,117842000,26677500,91236000
2018-02-05,36.58071517944336,69.5,52.68406295776367,179.84864807128906,25.426000595092773,38.30818309023463,72.9489974975586,55.292505129117984,189.12585213250935,26.790000915527344,36.466172711856956,66.03600311279297,52.40388126656308,179.20371522852162,25.003000259399414,37.19082244248908,70.13099670410156,54.57939722930204,185.47449787905256,26.200000762939453,290954000,229900000,83550000,33128200,118961000
2018-02-06,38.1095085144043,72.14199829101562,53.777034759521484,183.86709594726562,26.57200050354004,38.270801859878276,72.19950103759766,53.92332476135925,184.32352085530795,26.670000076293945,35.99867726898092,67.5895004272461,51.07833873275728,176.35604702517875,24.5,36.19269654202508,68.072998046875,51.275213158237804,177.17958611274838,24.770000457763672,272975200,221336000,76630000,37758500,125958000
2018-02-07,37.293678283691406,70.83899688720703,52.33792495727539,178.77703857421875,26.45599937438965,38.19598257725575,73.04949951171875,53.88116972799256,183.63889428170924,27.2450008392334,37.183815515739305,70.75749969482422,52.298747569900236,178.5488336861869,26.433000564575195,38.123518306819236,72.44999694824219,53.803809994563316,182.71612776405163,26.658000946044922,206434400,143254000,51942000,27601900,89815000
2018-02-08,36.267494201660156,67.5250015258789,49.97248077392578,170.2440185546875,25.010000228881836,37.63497773878801,71.6875,52.7604354198397,180.42412507381815,26.761999130249023,36.23944442797,67.49700164794922,49.823213214703266,170.14479113447067,25.0,37.46900825511856,71.48400115966797,52.55910033343243,179.60058593395013,26.70800018310547,217562000,171572000,66792000,38478300,93067000
2018-02-09,36.711090087890625,66.9800033569336,51.884674072265625,174.73875427246094,24.94700050354004,37.058460813619604,69.17500305175781,52.154939421196886,175.5225964292041,25.579999923706055,35.26292594672998,63.29650115966797,49.44136696056784,165.87827811141383,23.611000061035156,36.865999961496776,68.67449951171875,50.873530413868025,173.3992597294425,25.385000228881836,282690400,282830000,98360000,39887600,169069000
2018-02-12,38.18976974487305,69.3115005493164,52.295780181884766,175.0364227294922,25.795000076293945,38.4667265805271,69.69049835205078,52.841766609935185,176.1675457436953,25.915000915527344,36.96927155384121,67.20050048828125,51.84599874927794,170.50199884607702,24.899999618530273,37.201636376347686,68.2334976196289,52.40041465388367,175.68135557952797,25.214000701904297,243278000,134778000,56240000,32092100,85349000
2018-02-13,38.57234573364258,70.72550201416016,52.27494812011719,171.80177307128906,25.82699966430664,38.66857795561748,70.98600006103516,52.62604638340829,174.5998225974383,26.141000747680664,37.94097353876356,69.17649841308594,51.91690726786351,171.75217450492073,25.469999313354492,38.011387447072025,69.29650115966797,52.069644225040435,174.2525417929948,25.729000091552734,130196800,118358000,31586000,21809400,68552000
2018-02-14,39.283504486083984,72.55249786376953,53.19533920288086,178.12220764160156,26.600000381469727,39.32340485070856,72.60299682617188,53.33270409658668,178.40994295297568,26.988000869750977,38.229656385108385,70.16799926757812,52.05972837561951,171.86134161775726,26.033000946044922,38.2672073520852,70.3125,52.28387374049977,172.0994632161415,26.047000885009766,162579600,119184000,41304000,28929700,109720000
2018-02-15,40.602596282958984,73.08799743652344,54.12069320678711,178.5587615966797,28.027000427246094,40.62606519891659,73.4469985961914,54.256571212523454,179.0945502655238,28.049999237060547,39.666099508224036,71.84200286865234,52.9240821910196,175.46304494787478,26.76300048828125,39.85151934431027,73.34449768066406,53.728435037863214,179.0945502655238,27.003000259399414,204588800,113054000,37396000,20922100,107597000
2018-02-16,40.47114562988281,72.43450164794922,54.32600021362305,175.97901916503906,27.851999282836914,41.032107382495894,73.29000091552734,54.96124903312961,178.47940188173544,28.195999145507812,40.31623936113969,72.3280029296875,54.130117040712896,174.92727508499433,27.569000244140625,40.45471775078253,72.86849975585938,54.22086633158134,177.59633231075645,27.87299919128418,160704400,89452000,39948000,20645300,83124000
2018-02-20,40.33502960205078,73.4175033569336,54.72718048095703,174.63949584960938,27.854999542236328,40.900679588295006,74.4384994506836,55.35697356321542,176.5643924968906,28.58099937438965,40.234102152798535,72.32450103759766,54.053249936484505,173.74650973941633,27.660999298095703,40.38197101922367,72.32450103759766,54.19011920041888,174.40137429487885,27.77400016784668,135722000,129984000,33754000,21204900,77690000
2018-02-21,40.15195083618164,74.14600372314453,55.231014251708984,176.52471923828125,28.104000091552734,40.86781542185468,75.17449951171875,56.3443141726212,179.8585574271064,28.663999557495117,40.13786518942926,73.94599914550781,54.921571529083906,175.0264670633768,28.000999450683594,40.56504027258118,74.25,55.00042193417786,175.33406598655316,28.207000732421875,149886400,126088000,41486000,23200800,93711000
2018-02-22,40.487579345703125,74.26699829101562,55.04009246826172,177.59632873535156,27.81399917602539,40.82790900653201,75.12699890136719,55.811714885519635,178.80683061366898,28.450000762939453,40.30215954364588,73.78800201416016,54.80454007218007,176.02862933326867,27.44499969482422,40.32328263855121,74.76799774169922,55.49979401074562,177.30857829510717,28.38800048828125,123967600,97162000,28010000,18464200,88915000
2018-02-23,41.19171142578125,75.0,55.942142486572266,181.86282348632812,28.593000411987305,41.226916584183606,75.0,55.9872712108776,181.9620509019941,28.600000381469727,40.73167706139258,74.32499694824219,54.967698009947114,178.1122573018194,27.7810001373291,40.76219058627438,74.76699829101562,55.47450705289825,178.49921999895196,28.100000381469727,135249600,88362000,25292000,19007300,73018000
2018-02-26,42.006160736083984,76.09750366210938,56.716243743896484,183.49008178710938,29.416000366210938,42.10473876856565,76.14199829101562,56.741036543518234,184.2144087264484,29.565000534057617,41.358360702033096,75.3499984741211,56.00412704241539,181.79340475053135,28.701000213623047,41.39122004619365,75.45999908447266,56.12909364877986,183.14281605809265,28.875,152648800,99100000,30912000,17599700,102686000
2018-02-27,41.87002944946289,75.5989990234375,55.41747283935547,180.0470733642578,29.06100082397461,42.36057381022389,76.33899688720703,56.74351486728619,183.26183550381754,29.736000061035156,41.81604700695905,75.3604965209961,55.38176863743762,180.0470733642578,29.05900001525879,42.03667557380085,76.2249984741211,56.716240141035705,183.01378212193907,29.476999282836914,155712400,96176000,42964000,15849800,94165000
2018-02-28,41.80665969848633,75.62249755859375,54.74354553222656,176.93153381347656,29.13800048828125,42.39343632161307,76.43499755859375,55.92032007840852,181.4560253404468,29.575000762939453,41.79023181536693,75.5999984741211,54.69792496509287,176.75292749531835,29.077999114990234,42.07422969537611,75.97550201416016,55.64013458167167,180.88053964412475,29.309999465942383,151128400,90300000,49292000,18783000,76535000
2018-03-01,41.07435989379883,74.67250061035156,53.131370544433594,174.57005310058594,29.038999557495117,42.19627640895745,75.92449951171875,55.108033526161094,178.71749844130207,29.524999618530273,40.52513788389774,73.25,52.927057899393276,173.05196759166571,28.382999420166016,41.9052339409774,75.68000030517578,55.022244310460025,177.6161408034602,29.274999618530273,195208000,136704000,55338000,23201600,119321000
2018-03-02,41.35834884643555,75.01249694824219,53.762657165527344,175.24476623535156,30.104999542236328,41.379471937040876,75.05249786376953,53.899030812436955,175.73095636374896,30.118000030517578,40.47583485955829,72.75050354003906,52.07510469721638,171.64304105878443,28.322999954223633,40.55798498711084,73.45500183105469,52.465376601770885,171.94069303537623,28.46500015258789,153816000,131752000,50162000,20025900,133453000
2018-03-05,41.50153732299805,76.18049621582031,54.28929901123047,178.99534606933594,31.5,41.71747068327421,76.26899719238281,54.60766685300695,179.73950634701885,31.69099998474121,40.96170213160757,74.05000305175781,53.17401652362872,174.5204677165954,29.760000228881836,41.12365304716473,74.71199798583984,53.464617792333975,174.82805154230758,30.28499984741211,113605600,104678000,28648000,16189300,189861000
2018-03-06,41.46632766723633,76.88200378417969,54.593788146972656,178.38018798828125,32.52199935913086,41.83717090219632,77.10649871826172,54.82835310151064,180.959949811982,32.57899856567383,41.339585499505745,76.4000015258789,54.27641152552724,177.71540658801553,31.649999618530273,41.757370145425206,76.66000366210938,54.65329768227909,180.36461550190322,31.988000869750977,95154000,91234000,23382000,15086800,185258000
2018-03-07,41.081398010253906,77.25,55.294986724853516,182.2795867919922,32.11600112915039,41.273862430596104,77.29499816894531,55.35251373694703,182.3887309053718,32.374000549316406,40.903019234965775,76.12550354003906,54.04878630713491,176.68350208957622,31.454999923706055,41.06027491477236,76.32599639892578,54.19309379120403,177.34828345653224,32.0,126814000,83482000,30748000,19097300,171322000
2018-03-08,41.529693603515625,77.59300231933594,56.00611114501953,180.9202423095703,31.700000762939453,41.57193979190114,77.74400329589844,56.108263680275236,182.96420010787622,32.29199981689453,41.09078593320187,77.26249694824219,55.40210212118872,180.03717272273,31.413000106811523,41.187014556102035,77.5,55.40210212118872,182.13074423400033,32.220001220703125,95096400,77252000,33862000,17225900,113401000
2018-03-09,42.24321746826172,78.94450378417969,57.56621551513672,183.7877197265625,33.14400100708008,42.2479126835741,78.9469985961914,57.57414936212211,184.0655383216074,33.14400100708008,41.63531780640628,77.9540023803711,56.249597958853435,181.7834591680213,32.02299880981445,41.76910458230956,78.17500305175781,56.507960640273545,182.4780056556335,32.132999420166016,128740800,90686000,42662000,18526300,145002000
2018-03-12,42.651615142822266,79.91950225830078,57.818626403808594,183.32138061523438,32.130001068115234,42.80887083210406,80.2665023803711,58.42511353410311,184.65095835526108,33.39799880981445,42.29720338770059,79.33499908447266,57.48488274196282,182.78559192893863,31.860000610351562,42.31597708610445,79.62999725341797,57.774984573452286,183.787722221815,33.35599899291992,128828400,103484000,44306000,15301200,203692000
2018-03-13,42.24085998535156,79.40899658203125,56.52829360961914,180.46380615234375,31.58799934387207,43.06938797986928,80.87699890136719,58.41718483569654,184.54180446727887,32.58399963378906,42.06952227846858,78.90049743652344,56.26348396423701,179.6997974761212,31.327999114990234,42.85580050964318,80.7979965209961,58.11121150101052,184.1647584717446,32.387001037597656,126774000,130638000,43140000,18067500,129172000
2018-03-14,41.88177490234375,79.55000305175781,56.97360610961914,182.75582885742188,32.154998779296875,42.36997355339062,80.3219985961914,57.51264983982908,182.81535925214953,32.38800048828125,41.73390602581202,79.54450225830078,56.64928698277355,180.4340526231739,31.770000457763672,42.32303213300936,79.8499984741211,56.820373541679274,181.17821283722608,31.81599998474121,117473600,85188000,41870000,16821700,104751000
2018-03-15,41.93104553222656,79.11599731445312,57.058902740478516,182.42840576171875,32.10900115966797,42.30423809273555,79.84549713134766,57.648530918307635,182.56731506975962,32.34000015258789,41.79491654145905,78.90550231933594,56.317532656728815,180.7714107515244,31.81399917602539,41.89584037623486,79.75,57.007330847302676,181.81323813182047,32.31700134277344,90975200,81394000,33382000,15614300,56429000
2018-03-16,41.783180236816406,78.58399963378906,56.256046295166016,183.64881896972656,31.844999313354492,42.04135973699052,79.47200012207031,57.36636872328307,183.8869556936874,32.4109992980957,41.689293851971776,78.375,56.104300590504835,181.9819073219367,31.836999893188477,41.931045473172695,79.17250061035156,57.29396905727139,183.05349986979246,32.141998291015625,157618800,108500000,58656000,24403400,73337000
2018-03-19,41.144771575927734,77.24649810791016,54.5526237487793,171.21636962890625,31.347999572753906,41.65409318133053,78.08300018310547,55.50970975837877,175.79047474978412,31.700000762939453,40.759846310114575,76.26750183105469,53.99969099855427,168.73583572691126,30.733999252319336,41.61888802159753,77.72650146484375,55.42987187779874,175.63171694646186,31.579999923706055,133787200,131616000,63656000,88140100,99252000
2018-03-20,41.13069534301758,79.32550048828125,54.34087371826172,166.84071350097656,31.75,41.49684338174766,79.3499984741211,54.82437680342682,168.87475444209613,31.950000762939453,41.060281432169425,77.27050018310547,53.6773551646342,160.68899210879263,31.280000686645508,41.13069534301758,77.51699829101562,54.46980535202091,166.1660155091787,31.326000213623047,78597600,91632000,54598000,129851800,59919000
2018-03-21,40.198890686035156,79.09300231933594,54.25161361694336,168.07107543945312,31.648000717163086,41.09548343216158,79.5,54.980589276264126,172.0498468645589,31.940000534057617,40.196541287634304,78.15850067138672,53.91489614445986,162.028497733451,31.451000213623047,41.08374718435731,79.32250213623047,54.18070083702967,163.51681826044535,31.635000228881836,148219600,95016000,44898000,106598800,52639000
2018-03-22,39.63089370727539,77.24600219726562,52.225860595703125,163.60610961914062,30.670000076293945,40.52983232296425,78.69249725341797,53.75174724594238,168.94422394910038,31.41200065612793,39.572216046223105,77.12000274658203,52.05179643848939,162.44522145496325,30.56599998474121,39.90080951555583,78.27349853515625,53.55785036083692,164.8364600066346,31.30699920654297,165963200,126412000,69312000,73743000,80633000
2018-03-23,38.713165283203125,74.77799987792969,50.90675735473633,158.14892578125,30.0939998626709,39.88202301847782,77.45099639892578,52.90176997836697,165.302792529729,30.937000274658203,38.713165283203125,74.76799774169922,50.823446283165815,157.78181159245784,30.035999298095703,39.522916102330775,76.95050048828125,52.13758574321913,164.15182111516467,30.740999221801758,164115200,160120000,49880000,53609700,95299000
2018-03-26,40.55093765258789,77.79299926757812,52.27246856689453,158.81370544433594,32.03499984741211,40.62839255416464,77.84950256347656,52.529348153609014,159.84561606055564,32.10300064086914,39.065219627211995,74.9625015258789,50.11480262154062,147.85967402740113,30.200000762939453,39.447798921891554,76.5,52.09939946393313,159.5677974654145,30.93600082397461,150164800,112494000,65984000,126116600,119883000
2018-03-27,39.51118850708008,74.85250091552734,49.93429183959961,151.0347442626953,30.069000244140625,41.10956740172063,78.79850006103516,52.790684742551996,161.58197889751168,32.290000915527344,39.177899826116274,74.11599731445312,49.472112163939144,149.57618916708182,29.700000762939453,40.76454247240878,78.62000274658203,52.75894557229753,155.0928939537666,32.249000549316406,163690400,139992000,60816000,79117000,120686000
2018-03-28,39.07463073730469,71.57099914550781,49.84701919555664,151.83843994140625,28.57699966430664,39.905508501898744,72.79499816894531,50.829401328072805,154.66625464462274,29.8799991607666,38.771855553481785,69.30850219726562,48.79670183550129,149.625807940841,28.160999298095703,39.25535895321478,72.3499984741211,49.68486148491231,150.46918038322005,29.839000701904297,166674000,274106000,77698000,60029200,189729000
2018-03-29,39.37975311279297,72.36699676513672,51.431915283203125,158.5458221435547,29.53499984741211,40.31155469263699,72.77349853515625,51.97294539534583,160.16313533650757,29.53499984741211,39.17320659190049,68.26000213623047,49.790482890945164,152.93982073506774,27.59000015258789,39.38679414587791,70.30000305175781,50.146045610588935,153.94195113230754,28.700000762939453,153594000,251622000,69338000,59434300,191455000
2018-04-02,39.12156677246094,68.59950256347656,50.21645736694336,154.18008422851562,28.02899932861328,39.65201509761951,71.06800079345703,51.550433175130905,157.96041595386316,29.28700065612793,38.60285827668735,67.75,49.30499198011225,152.91005192026185,27.5049991607666,39.11217992291302,70.88099670410156,50.959813744048574,156.58123953443229,29.194000244140625,150347200,209272000,65068000,36796000,134058000
2018-04-03,39.52293395996094,69.60250091552734,50.51648712158203,154.89447021484375,28.367000579833984,39.60742995378505,70.69999694824219,50.829898715117885,156.16450244865112,29.125,38.69910070622657,67.7665023803711,49.45377143224254,149.6357349536215,27.801000595092773,39.34690093794411,69.56900024414062,50.391024871730004,155.331046633961,28.545000076293945,121112000,204624000,51322000,42543900,126949000
2018-04-04,40.2786865234375,70.52850341796875,51.06346130371094,153.892333984375,28.893999099731445,40.37256933160999,70.76950073242188,51.2137201179156,154.34874375774146,29.0310001373291,38.6732668664508,67.64399719238281,49.41706887438984,149.33806209635878,27.121999740600586,38.69908517590817,67.91200256347656,49.50236245886498,150.84623099352257,27.363000869750977,138422000,139646000,50724000,49885600,129140000
2018-04-05,40.5579948425293,72.5875015258789,51.208763122558594,158.09930419921875,29.39699935913086,40.89362930170126,72.97799682617188,51.90649525559335,160.31195132736013,29.916000366210938,40.38900291382461,71.35350036621094,50.78030509168495,155.430247314225,28.910999298095703,40.50635822090288,72.09950256347656,51.89062756065063,160.30201950222593,29.315000534057617,107732800,128270000,35836000,41449600,106552000
2018-04-06,39.52057647705078,70.2614974975586,50.083560943603516,155.97598266601562,28.885000228881836,40.482887897857516,72.625,51.37538191226471,160.1631254779056,29.885000228881836,39.478326701909054,70.01300048828125,49.90007607203774,155.58901994832812,28.565000534057617,40.12847614077942,71.49849700927734,50.73566868177713,156.50185468902743,28.90999984741211,140021200,117646000,40134000,41644800,114448000
2018-04-09,39.91252899169922,70.30400085449219,50.586402893066406,156.70028686523438,28.993000030517578,40.62604747443878,71.92400360107422,51.80135970518827,159.28004828590807,29.954999923706055,39.8655875988635,70.12850189208984,50.542265432473954,154.8250037634297,28.91200065612793,39.87262862871892,71.25150299072266,50.58392096488634,156.5911579034152,29.177000045776367,116070800,84164000,33220000,34915200,98536000
2018-04-10,40.663612365722656,71.81099700927734,51.400177001953125,163.75494384765625,29.80699920654297,40.839645319686824,71.91899871826172,51.633746876732836,164.68762715637567,29.895000457763672,40.259909838119526,70.78500366210938,50.35432045290916,155.78746897675782,29.16900062561035,40.60493471440127,71.59950256347656,51.090734279213066,156.70030377210585,29.76799964904785,113634400,85082000,36620000,57889300,106605000
2018-04-11,40.4734992980957,71.35250091552734,50.83285903930664,165.02499389648438,30.367000579833984,40.82087000785947,72.43900299072266,51.368929001481966,167.3368385509731,31.163999557495117,40.29981215251393,71.24449920654297,50.542261592399946,161.97889049562437,30.18199920654297,40.42420849279554,71.97200012207031,51.177014676224935,164.07246205954374,30.288000106811523,89726400,71650000,34060000,56144600,148774000
2018-04-12,40.87251281738281,72.42500305175781,51.439353942871094,162.5940399169922,30.924999237060547,41.074364121464306,72.60600280761719,51.804337399767896,166.1461664683181,31.113000869750977,40.61432966748776,71.75299835205078,50.881964286050106,161.83004633576897,30.674999237060547,40.70117504412537,71.9749984741211,51.15074275127111,165.67982485901135,30.972000122070312,91557200,62700000,32896000,38263000,102494000
2018-04-13,41.010990142822266,71.53949737548828,51.37736511230469,163.23899841308594,31.165000915527344,41.27151910294791,72.98899841308594,52.21742217739098,164.40980328499873,31.749000549316406,40.80444720984534,71.22599792480469,51.085280740933705,162.49483815518164,30.822999954223633,41.02272639139374,72.45700073242188,51.915421443053674,163.29852881132163,31.729000091552734,100497200,73706000,25410000,19990600,120466000
2018-04-16,41.26683807373047,72.07499694824219,51.876243591308594,163.54656982421875,30.777999877929688,41.353679888956265,72.3499984741211,52.14055760390715,164.48916971806412,31.610000610351562,41.03447318534113,71.3740005493164,51.272234561158584,162.1177798150317,30.399999618530273,41.081414610290174,72.25,51.84896886410997,164.42963932434435,31.599000930786133,86313600,56172000,29776000,18119400,203079000
2018-04-17,41.834815979003906,75.19149780273438,53.52560806274414,167.3467254638672,33.60599899291992,41.99911267229984,75.3594970703125,53.80529791473153,167.68407440600103,33.86199951171875,41.40529517848783,72.85099792480469,52.42123702824209,164.37008508979616,32.37699890136719,41.42407245506441,73.11499786376953,52.625054032184096,164.5387595608631,32.965999603271484,106421600,102288000,54584000,22743000,338665000
2018-04-18,41.74093246459961,76.39199829101562,53.32874298095703,165.06466674804688,33.45199966430664,41.970951432420364,76.69000244140625,53.656531576402124,166.8109573568676,33.88199996948242,41.515612292995044,75.20549774169922,53.08723923405093,164.47926431633744,33.11000061035156,41.73389143307444,75.73249816894531,53.50825905100342,165.5806220956449,33.630001068115234,83018000,104550000,31126000,20969600,112211000
2018-04-19,40.5579948425293,77.84549713134766,54.025978088378906,166.7911376953125,33.27000045776367,41.16589447365878,78.4260025024414,54.42567449731254,167.01934261897966,33.53099822998047,40.525135499803376,76.9530029296875,53.012851887323954,163.91370873176433,32.676998138427734,40.78331502653571,77.16100311279297,53.012851887323954,164.90592248333672,33.28799819946289,139235200,130474000,39884000,22235000,84388000
2018-04-20,38.896240234375,76.37449645996094,53.42445373535156,164.9852752685547,32.777000427246094,40.18714851166951,78.05999755859375,54.288808047357406,167.11852844056128,33.6510009765625,38.8281721559885,75.80449676513672,53.16559161615486,164.5189336679802,32.599998474121094,40.04162908827687,78.05999755859375,53.76910507630777,166.48351234573315,33.22200012207031,261964400,110832000,42434000,19119400,91587000
2018-04-23,38.78358840942383,75.89299774169922,53.25038528442383,164.5487060546875,31.868999481201172,39.177900575378345,77.4000015258789,53.954072501464275,167.1383842548743,33.12200164794922,38.51366901785712,75.17050170898438,52.89680886618381,163.80454582635772,31.70800018310547,39.15677747678798,77.33450317382812,53.70512676619585,165.96757942949182,32.915000915527344,146062000,89308000,69590000,23088100,89680000
2018-04-24,38.24374008178711,73.00450134277344,50.712860107421875,158.4466094970703,30.70199966430664,39.039408754872795,76.9749984741211,52.78820622986512,164.80670300071776,32.025001525878906,37.840037622972055,72.42250061035156,50.227870118170934,156.95828893465557,30.231000900268555,38.88449892224397,76.79000091552734,52.52587472547553,164.1419064929904,31.922000885009766,134768000,149894000,128220000,35079900,138932000
2018-04-25,38.41038513183594,73.00849914550781,50.7302131652832,158.4466094970703,30.576000213623047,38.82582386282192,73.49949645996094,51.3788514546625,159.80593743261562,30.99799919128418,38.11934630361461,70.7509994506836,50.433660591245754,154.97386151810258,29.261999130249023,38.16863352002018,72.9000015258789,51.065439929974254,158.8931026377988,30.636999130249023,113528400,131746000,57860000,41083600,149197000
2018-04-26,38.54417419433594,75.89800262451172,51.73788833618164,172.80393981933594,31.398000717163086,38.89858590345385,76.47100067138672,52.16981953466603,174.89751131005175,31.663000106811523,38.344668756042076,73.92500305175781,50.604256219813294,169.4701012165842,30.558000564575195,38.520701702278025,74.25050354003906,51.23752250402827,171.8712565286882,31.0,111852000,176022000,50926000,77556900,92667000
2018-04-27,38.098228454589844,78.63099670410156,51.149749755859375,172.23837280273438,31.176000595092773,38.56999549782901,81.90499877929688,52.15395087733861,175.72105258444364,31.7450008392334,37.70156694524858,78.36949920654297,50.95833480625479,171.25609092787653,30.649999618530273,38.49254056570322,81.70050048828125,51.84847693764193,175.43330213263187,31.625,142623200,261064000,40746000,29804700,70744000
2018-04-30,38.78828811645508,78.30650329589844,50.51152801513672,170.6607208251953,31.246000289916992,39.25770950585069,79.80000305175781,51.492915085401805,174.35175623098485,31.788000106811523,37.985577970356694,78.0469970703125,50.49764283582104,170.3729855737657,31.011999130249023,38.05364607740361,79.125,51.29703568793298,172.43677631637954,31.10700035095215,169709600,109282000,34492000,20750500,60888000
2018-05-01,39.6895637512207,79.11299896240234,51.610931396484375,172.5062713623047,31.329999923706055,39.71303266229741,79.25,51.659529516826396,172.66502918502357,31.347999572753906,38.790621726653995,77.60900115966797,50.11628476049857,168.90453085176392,30.66900062561035,39.05819166644517,78.16100311279297,50.39845274921856,170.66075330814073,31.035999298095703,214277600,91442000,35326000,26025900,60366000
2018-05-02,41.44286346435547,78.48400115966797,50.88196563720703,174.69906616210938,31.336000442504883,41.71982032748539,79.42500305175781,51.77111649862341,176.69341016579082,31.709999084472656,40.79271392537692,78.31800079345703,50.73864940386383,172.84361632507387,31.040000915527344,41.128348454227634,79.04900360107422,51.27620634858053,172.89323003600683,31.165000915527344,266157600,87206000,34698000,30424500,56971000
2018-05-03,41.517948150634766,78.60399627685547,50.89435958862305,172.6650390625,31.16900062561035,41.661121726302234,78.73999786376953,51.11206178747579,174.7486788299597,31.259000778198242,40.942908031819066,77.3010025024414,49.98140719485577,170.77982387482106,30.572999954223633,41.280891789552015,78.00050354003906,50.8482433914451,173.76639691815015,31.259000778198242,136272800,85038000,39282000,24026100,61358000
2018-05-04,43.1468505859375,79.04750061035156,52.119232177734375,175.23487854003906,32.00899887084961,43.245428609444815,79.24500274658203,52.162874009608664,175.60199279855607,32.097999572753906,41.81838771321594,78.1094970703125,50.48523810460643,171.71251654784345,30.767000198364258,41.8371649912268,78.12249755859375,50.56259783900899,171.73236506289277,30.871000289916992,224805200,68872000,36892000,17677800,82095000
2018-05-07,43.459014892578125,80.00700378417969,52.53876876831055,176.58425903320312,32.625999450683594,44.04813720028736,80.34750366210938,52.81349856487074,178.10234465949247,32.902000427246094,43.36278268851024,79.3915023803711,52.08303602194404,175.7904851097891,31.93400001525879,43.463706525898886,79.46700286865234,52.262552084785746,175.96909143404696,32.19900131225586,169805600,76038000,34400000,18697200,71178000
2018-05-08,43.66791534423828,79.61949920654297,52.49562454223633,177.52684020996094,32.68899917602539,43.707815723321396,79.84400177001953,52.82490378360529,177.6459009869167,32.73500061035156,43.1093028742744,79.12550354003906,52.1509732359064,175.73093617098658,32.30500030517578,43.41912263854349,79.75,52.79465149922729,176.86205897199665,32.59000015258789,113611200,61358000,26030000,15577200,47357000
2018-05-09,43.97538375854492,80.4000015258789,54.00117874145508,181.2377471923828,33.029998779296875,43.98477060792433,80.4000015258789,54.25161135803758,181.585012882542,33.19499969482422,43.47310315384662,79.5999984741211,52.670180384918446,177.38795342276703,32.750999450683594,43.78526872136192,80.0,52.76886730132735,178.27102295714008,32.87900161743164,92844800,72746000,47160000,23282800,56334000
2018-05-10,44.604393005371094,80.4540023803711,54.82040786743164,184.08538818359375,32.959999084472656,44.6818479195201,80.77999877929688,55.01579540037232,184.68072240018904,33.20600128173828,44.043434913260626,80.1719970703125,54.24565986859183,181.07898218374137,32.73400115966797,44.06456158540956,80.42400360107422,54.30120058047087,181.72391496840459,33.150001525878906,111957200,56350000,36414000,21071400,53023000
2018-05-11,44.43476867675781,80.14550018310547,54.716766357421875,185.53402709960938,32.645999908447266,44.781124079827364,80.55500030517578,54.995960595802366,186.8536730085692,33.125999450683594,44.1661668942968,79.89450073242188,54.411292432619845,182.7458941572334,32.48699951171875,44.646824986202176,80.54949951171875,54.56948509726962,183.41069059451098,32.96500015258789,104848800,45278000,30504000,21207800,45897000
2018-05-14,44.33110046386719,80.0770034790039,54.87644577026367,185.18673706054688,32.85300064086914,44.65625133862218,80.55899810791016,55.449211230043865,186.39723880728243,33.04999923706055,44.262773480511164,80.00250244140625,54.78718337501046,184.75016067451406,32.70399856567383,44.53373014599972,80.19999694824219,54.825365721168026,186.2484128302155,32.724998474121094,83115200,50190000,39338000,15646700,40898000
2018-05-15,43.928199768066406,78.80599975585938,53.798858642578125,182.88482666015625,32.612998962402344,44.07663883685339,79.38999938964844,54.505519699587815,183.84725996884964,32.694000244140625,43.61247553480892,78.26100158691406,53.4968540941105,181.77353708046485,32.24300003051758,44.008308257959634,79.38999938964844,54.395429520675584,183.4404638800126,32.59400177001953,94780800,101550000,35738000,15429400,47461000
2018-05-16,44.338157653808594,79.36399841308594,53.760169982910156,181.77352905273438,32.819000244140625,44.404133352868826,79.72149658203125,54.27045594367207,182.8848185833475,32.97200012207031,43.82451718880194,78.83350372314453,53.63818093955972,181.23774036867192,32.513999938964844,43.841012012369504,78.875,53.80976314670501,182.26963585426475,32.62799835205078,76732400,51412000,25628000,16975500,36717000
2018-05-17,44.05778121948242,79.08799743652344,53.61983871459961,182.3291473388672,32.52199935913086,44.51016293392808,79.7020034790039,54.10284623185004,182.62681441691026,33.04499816894531,43.90934217740125,78.6500015258789,53.37982184307083,180.80114521021164,32.31700134277344,44.29575178319089,79.02799987792969,53.629758862097965,181.25755494189804,32.75299835205078,69176000,42952000,25738000,14840700,49357000
2018-05-18,43.897560119628906,78.71849822998047,53.04358673095703,181.257568359375,32.417999267578125,44.25098366663279,79.17949676513672,53.24641245730837,182.75582054510755,32.641998291015625,43.85515101968935,78.6050033569336,52.79762237243837,181.18812128201085,32.279998779296875,44.10490308433846,79.06649780273438,52.86307943919217,182.06127407157805,32.4900016784668,73190800,52852000,35482000,13130500,35777000
2018-05-21,44.20856857299805,79.27300262451172,53.75621032714844,183.053466796875,33.18199920654297,44.59497812152537,79.60250091552734,54.21690317018759,183.85715727756656,33.1879997253418,44.038925005819245,78.75,53.45817460274617,181.70405588485707,32.54499816894531,44.29574521897252,79.25,53.50776398807306,182.3390718940434,32.71099853515625,73603200,58504000,25180000,13532900,66573000
2018-05-22,44.09783172607422,79.06999969482422,53.324771881103516,182.36886596679688,33.1619987487793,44.503090985077776,79.49449920654297,54.142514308298246,183.97624718272667,33.66299819946289,44.00829661681228,78.76249694824219,53.173521804708045,182.00173663305148,33.1150016784668,44.385283144558365,79.49449920654297,54.043335542942394,183.4900570596467,33.404998779296875,60962800,42312000,22226000,12731400,59644000
2018-05-23,44.380577087402344,80.09300231933594,53.8529052734375,185.4447021484375,34.47200012207031,44.41356314433773,80.09300231933594,53.954070332903406,185.45463397329314,34.5,43.76797477836174,78.31700134277344,52.91069191788155,180.76145308959406,32.808998107910156,43.90699078528495,78.55249786376953,53.06144635744468,181.0789686854369,32.90399932861328,80233600,67238000,23740000,16628100,100491000
2018-05-24,44.33110046386719,80.15350341796875,53.827613830566406,184.48226928710938,34.92900085449219,44.493675901244686,80.41200256347656,53.910429269372564,185.34550542321446,35.400001525878906,43.87400894390395,79.41899871826172,53.1755060953026,183.58928309387315,34.11199951171875,44.47718466879775,79.90149688720703,53.89952164864626,184.4326707185793,34.433998107910156,92936000,68600000,20604000,12354700,147586000
2018-05-25,44.43241882324219,80.50749969482422,53.75967788696289,183.48011779785156,35.12900161743164,44.68452580768962,80.70600128173828,54.03192954305403,184.87914246030516,35.43600082397461,44.21329430496593,80.02249908447266,53.686286961229406,183.01377624370036,34.882999420166016,44.34995187218112,80.1500015258789,53.88216635075408,184.57155869905148,34.9900016784668,69844000,53968000,22224000,10965100,78174000
2018-05-29,44.272186279296875,80.64350128173828,52.96574401855469,184.2937469482422,34.972999572753906,44.472461051919346,81.0895004272461,53.62380694610435,185.35540755506383,35.61000061035156,44.02950240859062,80.00749969482422,52.71828893081179,182.27955468877903,34.67100143432617,44.20150444915725,80.0354995727539,53.35899349214229,182.90463891897232,35.150001525878906,90056400,76930000,36076000,16398900,97179000
2018-05-30,44.177940368652344,81.24449920654297,53.431888580322266,186.20870971679688,35.354000091552734,44.29574820963541,81.30000305175781,53.50726580445433,186.53614199560766,35.400001525878906,44.00829679001992,80.64649963378906,52.89036283283215,183.80755481216127,34.92599868774414,44.22977610630169,80.90499877929688,53.234022894047186,185.08750359298813,35.23699951171875,74762000,58148000,28686000,13736900,56855000
2018-05-31,44.02950668334961,81.48100280761719,54.54914855957031,190.28672790527344,35.15999984741211,44.34994419353032,81.75,55.04504991011186,191.21941113572862,35.553001403808594,43.85750822129398,81.06749725341797,53.45816710174972,186.02020628722232,35.020999908447266,44.11197362013253,81.1500015258789,53.656524615224704,186.40716899560496,35.380001068115234,109931200,63326000,79368000,30782600,69217000
2018-06-01,44.823516845703125,82.0770034790039,56.28480529785156,192.47950744628906,35.99300003051758,44.82822656955289,82.33650207519531,56.44151106851261,193.03514459870436,35.999000549316406,44.236832657593474,81.75450134277344,55.14472626643727,190.57445929230366,35.28200149536133,44.29338170067204,81.85150146484375,55.18737684111706,191.56667281875295,35.38800048828125,93770000,66268000,63202000,17307200,71123000
2018-06-04,45.19816589355469,83.26349639892578,57.179412841796875,191.7750701904297,36.180999755859375,45.57279404120709,83.28399658203125,57.418438425591134,192.46961677947183,36.29999923706055,45.08507134987317,82.27449798583984,56.38398509535584,189.9791657459135,35.55099868774414,45.15339832964452,82.44499969482422,56.45837105864911,190.34627998441147,36.268001556396484,105064800,63754000,44754000,18939800,76820000
2018-06-05,45.5468635559082,84.81749725341797,57.0792350769043,191.43768310546875,36.58000183105469,45.69530257509716,84.94999694824219,57.579105234789964,193.48164057841362,36.983001708984375,45.323029393544196,83.50299835205078,56.902696589933235,191.12016750502286,36.14099884033203,45.49031809732934,83.64949798583984,57.259746162219145,192.7870941274096,36.332000732421875,86264000,95644000,32964000,15544300,83580000
2018-06-06,45.70473861694336,84.7874984741211,56.87740707397461,189.8501434326172,36.744998931884766,45.7283016281917,85.7249984741211,57.26222701862071,191.03088001937442,36.96799850463867,45.219370784997885,84.32350158691406,56.35026594935218,187.6375113806139,36.33300018310547,45.622275267995676,85.22550201416016,57.16602203245919,189.54255964412974,36.77799987792969,83734400,109464000,34934000,22558900,77123000
2018-06-07,45.582218170166016,84.46499633789062,56.256046295166016,186.7147674560547,36.13999938964844,45.756571499725034,84.99500274658203,56.82385172347052,189.48305216718774,36.869998931884766,45.31832612251338,83.80549621582031,55.84444723238327,185.31575764051456,35.779998779296875,45.74243513194571,84.9280014038086,56.759881533622824,189.264763941221,36.854000091552734,85388800,75314000,36108000,21503200,82780000
2018-06-08,45.16752624511719,84.19950103759766,56.17124557495117,187.62757873535156,36.05699920654297,45.23821166989341,84.47200012207031,56.47225504111874,188.00460956982465,36.23899841308594,44.71278969726127,83.65049743652344,55.70112826427263,184.9783553695816,35.625,45.04265021927023,84.05599975585938,56.09685961323271,186.06979627457957,35.805999755859375,106627200,59102000,27284000,12677100,52257000
2018-06-11,45.056785583496094,84.45600128173828,56.577388763427734,190.048583984375,36.14500045776367,45.231142481373176,84.71199798583984,56.91658816528668,191.10034310523886,36.56700134277344,44.81646017789385,84.02950286865234,56.1062839480188,187.32992844283444,36.090999603271484,45.08506190990398,84.07550048828125,56.1826524304794,187.33984512832245,36.1879997253418,73234000,46710000,24796000,12928900,44324000
2018-06-12,45.3041877746582,84.9375,56.938899993896484,190.9019012451172,36.382999420166016,45.38194138925669,84.97550201416016,56.96667034977643,191.77505410667226,36.597999572753906,45.03794087574918,84.57599639892578,56.5833372860979,190.06844540816672,36.20000076293945,45.09448993960545,84.6500015258789,56.5833372860979,190.6736963435667,36.36000061035156,67644400,45184000,26092000,11562700,42910000
2018-06-13,44.931922912597656,85.24299621582031,56.74251937866211,190.91183471679688,37.99300003051758,45.44556711832646,85.6875,57.30834603666052,192.98555764088545,38.42499923706055,44.87066411172824,85.00599670410156,56.700368217230384,190.41572788481517,36.4109992980957,45.33718229117637,85.1405029296875,57.141720123312105,191.23926704270227,36.75299835205078,86553600,66550000,34302000,15853800,182228000
2018-06-14,44.95547866821289,86.19300079345703,57.5300178527832,195.27757263183594,39.2869987487793,45.13690377351365,86.23999786376953,57.82160660348666,195.74391427429026,39.50299835205078,44.818821123524955,85.44349670410156,57.05841362577938,191.40794532208653,38.32500076293945,45.132190452604284,85.67400360107422,57.13825529447141,191.59646834435267,38.426998138427734,86440400,63488000,35422000,19120900,145983000
2018-06-15,44.49365997314453,85.79850006103516,57.48835754394531,194.32504272460938,39.198001861572266,44.80467436726028,86.04350280761719,57.718454229804756,195.535544547172,39.88600158691406,44.35700246014303,85.4260025024414,57.21164525280323,193.12445758781328,38.750999450683594,44.774043181267466,85.69999694824219,57.52058855939883,194.26549719007528,39.07099914550781,246876800,95552000,44438000,21860900,135881000
2018-06-18,44.4701042175293,86.18949890136719,58.69389343261719,196.765869140625,39.040000915527344,44.5831987359482,86.33699798583984,58.72116815848394,198.02598460408896,39.316001892089844,44.107254061254174,85.12799835205078,57.07824521357775,192.61842371690886,38.650001525878906,44.26747459129005,85.31300354003906,57.162051906971335,193.28320498693134,38.77199935913086,73939600,62154000,33038000,16826000,68248000
2018-06-19,43.7514762878418,86.73899841308594,58.45140075683594,195.95228576660156,40.49800109863281,43.90227017955534,86.80549621582031,58.65570961097429,196.41862740895397,40.52899932861328,43.223695869239414,85.01950073242188,57.604401118221695,192.2810830263839,38.849998474121094,43.62188694452313,85.4520034790039,58.025916529943856,194.71201866246838,38.95000076293945,134314000,85802000,47282000,19994000,166971000
2018-06-20,43.94232177734375,87.50399780273438,58.71819305419922,200.42715454101562,41.67599868774414,44.10725202475832,88.14649963378906,59.582055430097064,201.96508870534092,41.946998596191406,43.76089670758285,87.06800079345703,58.61703177653395,197.26199061868914,40.959999084472656,43.90698086547268,87.125,58.680010706447035,197.54974105161622,41.51499938964844,82514800,86652000,51686000,28230900,164946000
2018-06-21,43.69727325439453,86.51100158691406,57.99269104003906,199.93104553222656,41.54399871826172,44.378202233488864,88.15499877929688,59.028627478081944,201.80632867876594,42.32099914550781,43.574752128736236,85.87799835205078,57.69713348494236,198.5320206867189,40.637001037597656,44.11902362059803,88.0,58.7896056767175,201.18122924992667,42.13800048828125,102847600,98822000,44966000,19045700,183899000
2018-06-22,43.57004928588867,85.78350067138672,57.98525619506836,200.16917419433594,41.10900115966797,43.85985555346904,87.1500015258789,58.26841547546482,200.66528098709875,42.04999923706055,43.51821355084701,85.59500122070312,57.50720499767632,197.75808730872015,40.96500015258789,43.852787370982426,87.13099670410156,58.09435511024316,199.59368849793373,41.99800109863281,108801600,81502000,34220000,17420200,104286000
2018-06-25,42.922096252441406,83.15750122070312,56.4970588684082,194.8211212158203,38.448001861572266,43.57003919519067,85.25,57.32570897831866,198.44269433137754,40.5989990234375,42.5828091908229,82.31549835205078,55.53600014061848,191.60634411726062,37.875,43.21190245290347,85.12550354003906,57.276615220979416,198.44269433137754,40.46900177001953,126652400,150224000,57682000,25275100,224909000
2018-06-26,43.4546012878418,84.55449676513672,56.166786193847656,197.45053100585938,39.93899917602539,43.94939568980616,85.07849884033203,56.87344343530432,197.5497584342161,40.47800064086914,43.00928776415795,83.16699981689453,55.987270124992094,194.70209475216134,38.904998779296875,43.115317704014764,83.61849975585938,56.73806483186919,196.0614378487448,39.327999114990234,98276800,87732000,34688000,17897600,151912000
2018-06-27,43.39098358154297,83.02549743652344,55.38920974731445,194.31512451171875,39.03900146484375,44.12610333725696,85.59750366210938,56.84071407841611,199.186897340542,41.159000396728516,43.36035239331826,83.0,55.377307084911294,194.27544262589436,39.0,43.643090484345954,85.40550231933594,56.33439691500152,197.62911458730136,40.75600051879883,101141200,97444000,34538000,18734400,165414000
2018-06-28,43.70671463012695,85.07250213623047,55.87717819213867,194.70208740234375,39.54199981689453,43.874003367746724,85.2750015258789,56.23521906056949,195.8034451996165,39.689998626708984,43.306168638273,83.05850219726562,54.85016682481249,191.75521154315393,38.709999084472656,43.37685407100263,83.62699890136719,55.16357460022306,193.66026000384585,39.5,69460800,90594000,29726000,18172400,122199000
2018-06-29,43.614830017089844,84.98999786376953,55.99668884277344,192.8069610595703,39.143001556396484,44.104911190433064,86.17050170898438,56.600202261509295,196.06142057520924,40.132999420166016,43.0964761052573,84.71600341796875,55.889080601193115,192.44976354492806,39.05500030517578,43.892854866130506,85.8499984741211,56.1514121055337,195.78360196826287,39.91899871826172,90950800,90870000,31562000,15811600,92525000
2018-07-02,44.10254669189453,85.68900299072266,56.637393951416016,195.8232879638672,39.81800079345703,44.13082302172207,85.69450378417969,56.68103578672124,195.91258355940806,39.8380012512207,43.21663292019015,83.90299987792969,54.87645062613455,190.72331037215432,38.0,43.310881360931305,84.13500213623047,55.31036435023385,191.86435002178706,38.54499816894531,70925200,63714000,23216000,13961600,81425000
2018-07-03,43.33443069458008,84.697998046875,55.35647964477539,191.22933959960938,39.051998138427734,44.28396149351073,86.25,57.02419550778411,193.87854832631626,39.99800109863281,43.24489559550557,84.6240005493164,55.264739098157946,191.0209832037896,38.95000076293945,44.24626212598361,86.197998046875,56.999898337280264,193.03517577660398,39.94900131225586,55819200,43546000,16448000,13489500,52803000
2018-07-05,43.68315124511719,84.98650360107422,56.59672546386719,196.90478515625,39.8390007019043,43.92112541341989,85.53450012207031,56.73805916810667,197.1032248475129,39.92399978637695,43.419262800087296,84.10749816894531,55.695672023074046,192.51920287743454,39.08599853515625,43.65016518948845,85.26899719238281,55.76906672616169,193.22368119239252,39.380001068115234,66416800,59662000,28594000,19684200,84489000
2018-07-06,44.2886848449707,85.53150177001953,57.280574798583984,201.6475830078125,40.82500076293945,44.39706605714836,85.76349639892578,57.336115507701486,202.05439425234724,40.8650016784668,43.63602832826301,84.58350372314453,56.39588470082702,196.16064253975117,39.551998138427734,43.68786407155159,84.80000305175781,56.62052946544287,196.90480280366523,39.744998931884766,69940800,53006000,21820000,19740100,86296000
2018-07-09,44.90363693237305,86.95099639892578,57.88557815551758,203.14581298828125,41.89699935913086,44.92719634335544,86.97799682617188,57.9178129578326,204.19755695638088,41.9119987487793,44.6020491482026,85.8115005493164,57.38719860099272,200.5462031241345,41.11000061035156,44.649171565377365,86.20249938964844,57.52456350329926,203.33432085012856,41.595001220703125,79026400,60240000,21584000,18149400,111275000
2018-07-10,44.84944152832031,87.15350341796875,57.878631591796875,201.95513916015625,41.5629997253418,45.06856236255624,87.5,58.19402565354228,203.3144820178631,41.944000244140625,44.809383703042094,86.55000305175781,57.65150867103395,200.6851070282679,41.30799865722656,44.93426330823316,86.92649841308594,58.019965299848046,202.90767082906115,41.7239990234375,63756400,60058000,21334000,13190100,93829000
2018-07-11,44.267478942871094,87.75,58.09286117553711,200.96295166015625,41.8650016784668,44.71514733555964,87.8479995727539,58.53817810423882,202.90769713042994,41.97700119018555,44.20386169710242,86.69999694824219,57.294955331298716,200.17910951620655,41.060001373291016,44.41355952665594,86.89949798583984,57.30734983826059,200.64545115601763,41.13399887084961,75326000,64196000,33252000,12927400,97139000
2018-07-12,45.009666442871094,89.83100128173828,59.570648193359375,205.30882263183594,41.349998474121094,45.09920155846209,89.9000015258789,59.60684802511169,205.4675804308653,41.67900085449219,44.60440715522057,88.10900115966797,58.17418898558907,201.60787038932932,40.779998779296875,44.65624289633007,88.22550201416016,58.261468868395724,201.84599194789632,41.51599884033203,72164400,90654000,44148000,15454700,127433000
2018-07-13,45.08034133911133,90.65149688720703,59.727352142333984,205.70571899414062,39.58000183105469,45.20050402258601,90.76499938964844,60.02588345893193,206.80706149245074,41.0,44.979024743264155,89.7614974975586,59.27459320277427,204.84248291657892,39.507999420166016,45.02143742844953,90.19650268554688,59.647014850950164,206.1918939406068,40.91899871826172,50055600,87664000,32612000,11486800,157190000
2018-07-16,44.98137664794922,91.12449645996094,59.33509826660156,205.61643981933594,40.04800033569336,45.391345505498975,92.09750366210938,59.94009857353567,207.0948436755926,40.33599853515625,44.86592370559536,90.72250366210938,59.18087063251283,205.2294770838029,39.17499923706055,45.1251023128351,91.09750366210938,59.69710416604418,205.8843417562371,39.89799880981445,60172400,109324000,26784000,11078200,229600000
2018-07-17,45.108619689941406,92.19650268554688,60.15679931640625,208.35494995117188,37.948001861572266,45.207577840766284,92.58450317382812,60.43847167207757,208.82129157817744,38.5,44.57848442788754,89.86900329589844,58.61553709831687,203.24504056631784,34.400001525878906,44.708073766542675,90.5780029296875,58.652236340079845,203.30457096296044,34.69499969482422,62138000,113658000,40162000,15349900,584104000
2018-07-18,44.86122131347656,92.14600372314453,60.148372650146484,207.7298583984375,37.51300048828125,45.19108540259918,92.94400024414062,60.57881315843189,209.3471715552405,38.3129997253418,44.750481662975155,91.5634994506836,59.73429546433919,206.81702362195352,37.236000061035156,45.18637208262621,92.4000015258789,59.93116609674343,208.18628335666915,38.124000549316406,65573600,97238000,38948000,15334900,217463000
2018-07-19,45.2099494934082,90.64849853515625,59.463531494140625,206.4697265625,36.42300033569336,45.367811608312735,92.05000305175781,60.32540750849565,208.3549415063196,37.57500076293945,44.69395044584258,90.5634994506836,59.39559249601605,206.142294254258,36.29999923706055,44.69395044584258,91.4729995727539,59.8379356437987,207.14443969038666,37.10599899291992,81147200,93538000,38338000,11350400,168787000
2018-07-20,45.10626983642578,90.68499755859375,59.40304183959961,208.30532836914062,36.10499954223633,45.33952707669777,91.74199676513672,60.0422595129887,209.85317918327323,37.04999923706055,44.80703689306761,90.50299835205078,59.33906786095872,206.87653834379418,36.013999938964844,45.18637831095939,91.25050354003906,59.470485221423054,207.22381916439136,36.492000579833984,82704800,77688000,37938000,16163900,150967000
2018-07-23,45.14632797241211,90.0999984741211,60.05365753173828,209.2677764892578,36.26599884033203,45.22879491198378,90.94999694824219,60.256978917546036,209.97223967521748,36.38999938964844,44.66331503037205,88.49949645996094,59.11193976367233,207.17420516285148,35.36000061035156,44.927203484664524,90.6104965209961,59.29294649496772,208.94034418058064,35.915000915527344,63957600,77770000,65446000,16732000,115052000
2018-07-24,45.473819732666016,91.46199798583984,62.3918342590332,212.99850463867188,35.731998443603516,45.62932692206322,92.0,63.22742688600643,214.51659032772451,36.7400016784668,45.24998558773883,90.46900177001953,61.697075931089444,210.94463023465084,35.45600128173828,45.34423040816834,91.45050048828125,63.02906557438447,213.4350810715982,36.694000244140625,74791600,85574000,107600000,28468700,128515000
2018-07-25,45.902645111083984,93.18049621582031,63.274044036865234,215.80648803710938,36.2869987487793,45.90971329334485,93.19200134277344,63.38809924001521,216.91776257898957,36.327999114990234,45.33952022609749,91.13200378417969,61.94056369068938,212.60164190223546,35.564998626708984,45.487959243995,91.46499633789062,62.117601610181076,214.04034879448685,35.75699996948242,66839600,74764000,51104000,58954200,84678000
2018-07-26,45.7589225769043,90.4000015258789,63.74812316894531,174.88755798339844,36.308998107910156,46.17125001494184,92.23400115966797,63.842345640743225,178.72743478538428,36.55400085449219,45.617551731493165,90.2249984741211,62.63234507695743,172.39710737899168,35.66299819946289,45.85316741037176,91.94999694824219,62.83963148817105,173.52823024051227,35.819000244140625,76304000,198488000,54686000,169803700,69937000
2018-07-27,44.99788284301758,90.8635025024414,62.130985260009766,173.5282440185547,35.520999908447266,45.9898264659988,94.00250244140625,64.04268285456948,178.52899413497158,36.70000076293945,44.79054348344733,90.32649993896484,61.714426156660316,171.65296083240102,35.165000915527344,45.94270404769693,93.80249786376953,63.927636404358765,178.46946373858236,36.685001373291016,96096000,193620000,48362000,60073700,89495000
2018-07-30,44.74577331542969,88.96099853515625,60.99785232543945,169.72804260253906,33.49599838256836,45.285331624624746,91.4749984741211,62.13098879607649,173.93503338501145,35.202999114990234,44.547857012990356,88.3010025024414,60.70675921387237,165.2630817548119,33.402000427246094,45.2146462036936,91.36650085449219,61.742200025261354,173.93503338501145,35.19300079345703,84118000,131246000,43896000,65280800,182607000
2018-07-31,44.83530807495117,88.87200164794922,60.858001708984375,171.23622131347656,33.744998931884766,45.27119853960078,90.09149932861328,61.55176868310817,172.88329948852726,34.25,44.61147388845953,86.96600341796875,60.31102412822948,168.67630846236798,32.79999923706055,44.837666532786,89.32450103759766,61.08066016017137,169.34108974362823,33.1510009765625,157492000,114774000,39382000,40356500,140854000
2018-08-01,47.476566314697266,89.8584976196289,61.144142150878906,170.31344604492188,33.8380012512207,47.537825105988844,89.9219970703125,61.78434718993217,173.7167463191438,34.441001892089844,46.48933589897435,88.8010025024414,60.744941414022826,169.56928589883574,33.402000427246094,46.918158223646834,89.19999694824219,61.44763353400371,172.57569167782555,33.58700180053711,271742800,83062000,36994000,34042100,77905000
2018-08-02,48.86433410644531,91.71649932861328,61.54780197143555,174.9967041015625,34.45000076293945,49.097594916163985,91.8280029296875,61.71045906240289,175.41343198798833,34.5,47.20560135629759,89.30000305175781,60.403757983298746,168.94421035302224,33.47100067138672,47.25979195423673,89.4384994506836,60.42557700645674,169.35100641407132,33.722999572753906,249616000,87094000,34704000,32400000,71313000
2018-08-03,49.005706787109375,91.16449737548828,61.40052795410156,176.395751953125,34.308998107910156,49.182418547865296,92.05000305175781,61.815100793177606,177.45742788881466,34.7859992980957,48.41430912684515,91.07499694824219,60.967109863223676,174.77843876286042,33.847999572753906,48.7795141514494,91.88700103759766,61.74864867459752,176.30645635292112,34.775001525878906,133789600,69210000,21264000,24763400,88484000
2018-08-06,49.26017761230469,92.38749694824219,61.37622833251953,184.24412536621094,35.09199905395508,49.30258671388447,92.38849639892578,61.61376704258052,184.34333763121745,35.198001861572266,48.788946198074015,90.94599914550781,61.02215627306079,176.9910471772695,34.17399978637695,49.0080670799903,91.29049682617188,61.57161587717549,177.57644950272982,34.2869987487793,101701600,67836000,22114000,49716200,81981000
2018-08-07,48.798362731933594,93.1240005493164,62.27727508544922,182.37879943847656,35.18299865722656,49.36148405297779,93.48600006103516,62.78507909799041,186.83384444251334,35.73099899291992,48.715895807364944,92.3134994506836,62.07693127257693,182.289503838257,34.9010009765625,49.319074957057836,92.72650146484375,62.08734326383379,185.04785673822354,35.323001861572266,102349600,67550000,42506000,33398600,79709000
2018-08-08,48.831356048583984,94.32599639892578,62.54953384399414,183.73812866210938,34.76100158691406,48.963300271358555,94.57550048828125,63.06477234944003,185.3951388910154,35.229000091552734,48.188126164952756,92.7249984741211,62.092806044632866,182.32918700218374,34.6609992980957,48.548617914751276,93.05000305175781,62.32092023809937,183.3114840314187,35.22100067138672,90102000,79260000,34344000,22205200,53947000
2018-08-09,49.21540451049805,94.9260025024414,62.704742431640625,181.66439819335938,34.93600082397461,49.42745718493813,95.72850036621094,63.07666844860864,185.11731268449776,35.24399948120117,48.819568297610594,93.8740005493164,62.488530923546634,181.05914724577298,34.582000732421875,49.36855326479255,94.0999984741211,62.61895322230275,184.40291762701943,34.79600143432617,93970400,97208000,27326000,19732100,48203000
2018-08-10,49.068817138671875,94.31500244140625,62.11214828491211,178.85641479492188,34.58700180053711,49.4400328797773,94.9749984741211,62.54308825195144,180.68209929171536,34.90999984741211,48.865476836370014,93.9104995727539,61.84684299344489,178.02295901985093,34.44200134277344,49.02862242410072,94.42549896240234,62.442914440189575,180.62255375922936,34.691001892089844,98444800,72798000,26602000,21500400,43284000
2018-08-13,49.38563919067383,94.80999755859375,61.920230865478516,178.6480712890625,34.13100051879883,49.87743898167193,96.25,62.77962882865743,181.1881358188921,34.71900177001953,49.10900248470338,94.68350219726562,61.840392980843816,177.50701650387984,33.90700149536133,49.489674247514394,94.92500305175781,62.047183771312895,178.69768499971894,33.98899841308594,103563600,110630000,27500000,17423300,68889000
2018-08-14,49.59370422363281,95.98249816894531,62.391334533691406,179.69979858398438,33.749000549316406,49.785221646005944,96.05049896240234,62.51282794421975,180.5729513621932,34.24100112915039,49.24140438229996,95.0,61.46895771112205,177.2291813674494,33.625,49.69064629919543,95.96949768066406,62.11164468649074,179.30291921569534,34.20899963378906,82992000,79722000,28080000,19102000,58052000
2018-08-15,49.709571838378906,94.13099670410156,61.105960845947266,178.13211059570312,32.63999938964844,49.82779284898479,95.81050109863281,62.085860958793766,179.46167321744863,33.54999923706055,49.25796671198787,93.489501953125,60.809412028021946,173.4190958846087,32.099998474121094,49.46839996655359,95.47750091552734,61.70401855503376,177.9435875848628,33.40299987792969,115230400,154014000,37052000,33020200,117845000
2018-08-16,50.437808990478516,94.32599639892578,60.7013053894043,173.33973693847656,32.24399948120117,50.553663261058226,95.25,61.675257970750934,179.09457964480998,33.117000579833984,50.00038984892316,94.17749786376953,60.48162067754189,172.65510703710513,32.12099838256836,50.06659332005974,95.1969985961914,61.59045622905311,179.0152007290008,32.9900016784668,114001600,79142000,32176000,31351800,66897000
2018-08-17,51.44504928588867,94.11100006103516,60.29417037963867,172.44674682617188,31.67799949645996,51.53253166882398,94.4000015258789,60.84462122823014,174.8479022015008,32.4370002746582,50.39997610944165,92.77749633789062,59.706528439964295,170.70044099685646,31.29599952697754,50.466179578876776,94.29000091552734,60.601134976171906,173.14129339920424,31.900999069213867,141708000,82086000,33092000,24893200,104079000
2018-08-20,50.943790435791016,93.83550262451172,60.59666061401367,171.1568603515625,32.77299880981445,51.82335127939345,94.5875015258789,60.79303937970134,173.21074994297132,33.15999984741211,50.86103429992759,93.3030014038086,59.939592889575216,169.57924422887356,31.093000411987305,51.56799711668782,94.52850341796875,60.532690434450096,172.6848627620957,31.464000701904297,121150800,57240000,22218000,21518000,135911000
2018-08-21,50.84449768066406,94.1709976196289,60.371524810791016,171.27589416503906,33.801998138427734,51.35285026121521,94.88749694824219,61.132735197726866,172.8138281596967,34.150001525878906,50.60569250505204,93.72049713134766,60.25350080424783,170.05547576617158,32.970001220703125,51.26063800451161,94.0,60.64972776796793,171.46441715754236,33.099998474121094,104639200,62112000,23082000,19578500,147832000
2018-08-22,50.84684753417969,95.24500274658203,60.58675003051758,172.28797912597656,34.444000244140625,51.156585944720106,95.29000091552734,60.82378930614082,172.88331337730875,34.62099838256836,50.56075115648966,93.83200073242188,60.16374396189955,170.7897419514284,33.74100112915039,50.62222837910076,93.83200073242188,60.21333334109884,170.86912086093795,33.8489990234375,76072400,61610000,22296000,16894100,89307000
2018-08-23,50.95088195800781,95.1449966430664,60.557491302490234,171.55372619628906,33.91699981689453,51.319730857894314,95.9749984741211,61.252249616869754,174.18310133272556,35.007999420166016,50.74044874677419,95.03800201416016,60.46773327420355,171.4842791167488,33.76499938964844,50.75226795914584,95.3584976196289,60.49401674337012,171.74224920357818,34.81100082397461,75532800,71260000,24666000,18053600,113364000
2018-08-24,51.109317779541016,95.26950073242188,61.33060836791992,173.29010009765625,35.88199996948242,51.28428259912692,95.80049896240234,61.36283938682492,173.4587897337263,35.915000915527344,50.861052889031185,95.12699890136719,60.570389145868326,171.57357479979996,34.45399856567383,51.213352865683774,95.52549743652344,60.797512082349854,172.34750020068213,34.599998474121094,73905600,56018000,24454000,14631600,147291000
2018-08-27,51.53017807006836,96.38400268554688,62.29859924316406,176.07821655273438,36.45800018310547,51.719332421045124,96.38500213623047,62.37794527634453,177.27878642421945,37.44900131225586,51.149506246562076,95.46399688720703,61.52548996574035,174.42120666402909,36.0,51.343386840644364,95.75,61.69707216823736,174.6196614784686,36.71500015258789,82100400,71380000,28580000,17921900,174273000
2018-08-28,51.946311950683594,96.64099884033203,61.782371520996094,174.88755798339844,36.8489990234375,52.14492238496493,97.08899688720703,62.31298587132638,176.85215174812703,36.999000549316406,51.761887460591076,96.44100189208984,61.639055288987485,174.46091341649864,36.03799819946289,51.7831663768743,96.8864974975586,62.28025544041016,176.7132424542553,36.722999572753906,91107200,62014000,27330000,15910700,92226000
2018-08-29,52.72183609008789,99.90499877929688,62.71417236328125,174.53036499023438,36.80400085449219,52.84242381895519,99.93450164794922,62.83914276192529,175.41343448259514,36.986000061035156,51.877740027109745,97.4469985961914,62.12653038098002,173.38932541403022,36.29100036621094,52.052704797907644,97.67250061035156,62.23562930064032,174.92725951150646,36.720001220703125,109019200,130636000,36926000,18494100,81187000
2018-08-30,53.206539154052734,100.11900329589844,62.207847595214844,176.25682067871094,37.097999572753906,53.97024574907113,101.27850341796875,62.95417774723194,178.39007383101338,37.680999755859375,52.58469558416517,99.34500122070312,61.849311139539424,174.33192390092404,36.354000091552734,52.785672712873435,99.87100219726562,62.65217325716304,174.53036358997903,36.5,195175200,145546000,30104000,24216500,109810000
2018-08-31,53.82129669189453,100.635498046875,61.08513259887695,174.3616943359375,36.768001556396484,54.11448247965439,101.11900329589844,62.114126456740365,176.23697746280862,37.599998474121094,53.43589505535609,100.23699951171875,60.78511059701387,173.61753412463977,36.70800018310547,53.55647918343615,100.3499984741211,62.09726750466906,175.77063585253046,37.066001892089844,173360400,84088000,42308000,18065200,79434000
2018-09-04,53.99390411376953,101.97550201416016,60.06903076171875,169.82728576660156,36.36000061035156,54.18778470948037,102.5250015258789,60.89024638459833,172.53602469300188,36.88800048828125,53.58486039691757,100.6500015258789,59.83347835374634,167.48566103250337,36.125999450683594,54.00572693727098,101.32499694824219,60.62493731993848,172.1490619892304,36.64699935913086,109560400,114422000,41458000,29809000,76052000
2018-09-05,53.6416015625,99.74099731445312,59.463531494140625,165.87826538085938,34.11800003051758,54.303639960299556,102.01899719238281,60.2455658491192,169.79752128372485,36.3390007019043,53.223101771937806,99.49449920654297,58.28526639930624,165.3722418860996,33.58300018310547,54.14286111353829,101.90550231933594,59.965380381328714,168.17029155589415,36.0,133332000,164412000,53988000,31226700,130928000
2018-09-06,52.750213623046875,97.91549682617188,58.714229583740234,161.2644805908203,34.645999908447266,53.75509216076385,100.375,59.45808166722043,165.67982823051048,35.599998474121094,52.32461728550888,96.760498046875,57.70358155416032,158.75418131005338,34.19900131225586,53.49027465750758,100.32550048828125,59.437253899685246,165.67982823051048,34.74399948120117,137160000,149774000,46854000,41514800,130502000
2018-09-07,52.32461166381836,97.60350036621094,58.396846771240234,161.7705078125,34.86800003051758,53.28692866048203,98.76000213623047,58.940354968562986,163.3481390319225,35.57500076293945,52.18511175944655,96.86750030517578,57.98425649638422,158.91294277840828,34.125,52.454655476291386,96.93550109863281,58.11963507921533,159.06176877081657,34.220001220703125,150479200,97852000,32658000,24300600,91058000
2018-09-10,51.622379302978516,96.95050048828125,58.27138137817383,162.90162658691406,34.840999603271484,52.45465610496239,98.6520004272461,58.84662875014471,163.72516571701948,35.25,51.18259706413789,96.57599639892578,58.05070543262553,160.89736595410562,34.30799865722656,52.24185615259656,98.55000305175781,58.724635930554136,162.23684527128214,35.22700119018555,158066000,90896000,27670000,20197700,57522000
2018-09-11,52.927555084228516,99.35749816894531,59.01176834106445,164.64791870117188,35.59299850463867,53.03395328666953,99.44400024414062,59.05887957731326,165.88818563710336,35.6150016784668,51.20389049497037,95.8499984741211,57.81962176153576,162.4452034117594,34.38999938964844,51.54673075075559,96.41349792480469,58.0750106684798,162.6634916036815,34.46699905395508,142996000,100672000,29254000,20457100,61981000
2018-09-12,52.270240783691406,99.5,58.09980392456055,160.7386016845703,36.994998931884766,53.19945622059127,100.0,59.04647790579858,163.20921897566964,37.042999267578125,51.97941449205581,98.12200164794922,57.830030442616156,160.5401619944368,35.624000549316406,53.18527027618349,99.69999694824219,58.61553799863447,161.97886867287718,35.90800094604492,197114800,88280000,35716000,24078100,104808000
2018-09-13,53.532840728759766,99.49349975585938,58.62248229980469,160.1035919189453,36.814998626708984,53.99153884293053,100.43800354003906,58.90614096728705,162.04833729505097,37.409000396728516,52.6249042019705,99.10150146484375,57.98177782832389,159.607485104018,36.683998107910156,52.84952340827975,100.0,58.501484515976244,160.73860803645314,37.191001892089844,166825600,72430000,40068000,25453800,83661000
2018-09-14,52.9251823425293,98.5094985961914,58.416194915771484,161.05612182617188,36.45600128173828,53.63450842198434,99.68250274658203,58.91309138715943,161.57206200702052,37.10900115966797,52.61308074363496,97.96099853515625,58.19502330177372,159.09152796070794,36.34600067138672,53.376787478992235,99.64649963378906,58.91309138715943,160.46078759906553,36.85499954223633,127997200,72840000,24176000,21770400,47564000
2018-09-17,51.5159797668457,95.40149688720703,57.51612854003906,159.3296661376953,35.03499984741211,52.714738729611575,97.84100341796875,58.606614394562406,160.79813806735754,36.733001708984375,51.37175001470513,94.37049865722656,57.44818953887097,158.52597552173137,34.957000732421875,52.525584424011406,97.73650360107422,58.40577494821797,160.6592287650919,36.422000885009766,148780400,141004000,34096000,21005300,70719000
2018-09-18,51.601112365722656,97.05249786376953,57.87714385986328,159.05186462402344,36.76499938964844,52.45466827869166,97.91000366210938,58.58231793606274,160.5004881976009,36.814998626708984,51.336294826285084,95.77200317382812,57.5954714892381,157.6329911112942,35.15599822998047,51.49471056093672,95.93250274658203,57.656467902342634,158.14894649228484,35.367000579833984,126286800,85374000,32314000,22465200,104140000
2018-09-19,51.63185119628906,96.32099914550781,58.23221206665039,161.79034423828125,36.69599914550781,51.92740376962097,97.04149627685547,58.3313908288517,162.16739024418695,37.76100158691406,50.90597595225203,95.24500274658203,57.456125199601075,158.23821779836834,35.91699981689453,51.66258981841782,97.0250015258789,57.96888931276128,158.83355200348495,37.39500045776367,108495200,81136000,25962000,19629000,118768000
2018-09-20,52.02432632446289,97.21499633789062,59.090118408203125,164.72731018066406,36.5359992980957,52.55632075649238,97.75,59.21062434798751,165.15395477201457,37.0260009765625,51.81625623654511,96.61250305175781,58.33039865935432,163.1893760346749,36.31700134277344,52.07398072555896,96.92900085449219,58.54958773082675,163.219141232212,37.0260009765625,106435200,63098000,29244000,18936000,67681000
2018-09-21,51.463966369628906,95.75050354003906,58.12558364868164,161.661376953125,36.11899948120117,52.3388010443892,97.8655014038086,59.338557835453834,165.94774756550518,37.22200012207031,51.376480376679865,95.5250015258789,58.12260987524665,161.54231614944115,36.07400131225586,52.20166425202721,97.71099853515625,59.25623803596478,165.3424965801454,36.659000396728516,384986800,137118000,91222000,45994800,119306000
2018-09-24,52.20403289794922,96.71800231933594,58.49454116821289,164.1220703125,36.96099853515625,52.31516093786843,96.84400177001953,58.773731604603434,164.40980562138776,37.36399841308594,51.2204368199305,93.25,57.10304207996326,159.62734350208274,35.43299865722656,51.26536138174706,95.18949890136719,57.49530023539939,159.77616949978685,35.900001525878906,110773600,84274000,31150000,19222800,93225000
2018-09-25,52.535057067871094,98.72750091552734,59.205169677734375,163.62596130371094,36.94300079345703,52.684016706504345,98.79550170898438,59.352450934388095,164.3006593376893,37.13399887084961,51.94631509368086,96.94249725341797,58.223283283094446,159.89522818413434,36.44900131225586,51.95813791715987,97.1449966430664,58.72712229225433,160.72869918019714,37.02299880981445,98217600,90768000,33152000,27622800,67998000
2018-09-26,52.116539001464844,98.74250030517578,59.21359634399414,165.65005493164062,37.78799819946289,52.903891200651834,99.76249694824219,59.86719472365438,167.9817629115919,38.20000076293945,51.9604864341698,98.07599639892578,58.78414710213742,162.93139939924737,37.0880012512207,52.25367577807399,98.42500305175781,59.19525050604648,163.02069498827245,37.35900115966797,95938800,86270000,37650000,25252200,137997000
2018-09-27,53.18763732910156,100.64900207519531,59.873146057128906,167.52536010742188,38.07099914550781,53.53993727515141,100.80799865722656,60.34425083124083,170.43255416690397,38.31999969482422,52.85425317959996,99.42900085449219,59.411462016465464,165.9080620461887,37.599998474121094,52.92046027142845,99.66200256347656,59.50816262940116,166.24541107589576,37.98699951171875,120724800,86588000,36274000,27266900,73262000
2018-09-28,53.374412536621094,100.1500015258789,59.85926818847656,163.179443359375,37.41299819946289,53.39805456934215,101.32599639892578,59.9272071969865,167.47571460935237,38.08000183105469,52.96773205250956,99.822998046875,59.400557865496,161.29422857354166,37.37300109863281,53.14978977495271,100.22049713134766,59.71099187937632,167.01930486518697,37.92399978637695,91717600,81702000,35612000,34265600,71149000
2018-10-01,53.73381042480469,100.21800231933594,59.9311637878418,161.1751708984375,38.143001556396484,54.244526037328285,101.65950012207031,60.70824186282409,164.58838792042496,38.611000061035156,53.51865093552065,100.18000030517578,59.66635416408133,160.0043510409059,37.558998107910156,53.89695599056796,101.09950256347656,60.152834776756606,161.7605732572147,37.584999084472656,94403200,69210000,33164000,26407700,83766000
2018-10-02,54.21142578125,98.56549835205078,59.88703918457031,158.0894012451172,37.7140007019043,54.381664323409666,100.66950225830078,60.72412253885722,161.01642845821567,38.68000030517578,53.584855874564354,98.28849792480469,59.49131157579455,157.43453660843005,37.382999420166016,53.73144877171672,99.99949645996094,59.83893668619109,160.3218819374772,38.4379997253418,99152800,108014000,40180000,36031000,86387000
2018-10-03,54.87110137939453,97.63800048828125,60.07994079589844,161.16525268554688,37.70500183105469,55.20211876466658,99.48500061035156,60.21135436103565,162.38568635147246,38.09299850463867,54.329647132562286,97.4905014038086,59.61478353847458,158.28783921396985,37.487998962402344,54.39348748822865,99.08499908447266,60.103246708296815,158.75418083136026,37.85300064086914,114619200,105062000,26246000,23109500,57986000
2018-10-04,53.906410217285156,95.47100067138672,58.371063232421875,157.61314392089844,36.3650016784668,54.93729743069975,97.80000305175781,59.80074471048589,160.20282214580766,37.59199905395508,53.60849100299046,94.82849884033203,57.715482313943795,156.12482345003056,36.040000915527344,54.56608177727491,97.44999694824219,59.75760228989109,160.20282214580766,37.5880012512207,128168000,145140000,46576000,25739600,90744000
2018-10-05,53.03158187866211,94.48249816894531,57.9128532409668,156.10496520996094,35.1349983215332,54.00572550581806,96.4540023803711,58.615545451768625,159.6471598371,36.349998474121094,52.15438395852076,93.1415023803711,57.242891461684266,154.98375901365037,34.29999923706055,53.899327312763546,95.89949798583984,58.31800536091535,157.9703315953319,35.97700119018555,134322000,136446000,31852000,25744000,135230000
2018-10-08,52.90861511230469,93.22100067138672,57.322235107421875,156.0255889892578,34.90999984741211,53.15215002734901,95.0999984741211,58.31106033375174,157.10709818236126,35.29499816894531,52.06451563579391,91.53299713134766,56.3046444828215,153.18785748057903,33.81100082397461,52.53976625487125,93.69999694824219,57.52456145272138,154.32889706743453,34.518001556396484,118655600,147864000,46190000,24046000,123755000
2018-10-09,53.6416015625,93.51599884033203,56.78913879394531,156.67054748535156,35.57099914550781,53.73618053808223,94.83399963378906,57.60142551523333,159.33960493641354,35.87200164794922,52.54924055121309,92.61599731445312,56.739549411488625,156.19428911720067,34.70899963378906,52.87789482474594,92.99949645996094,57.09362146132531,156.46219107302704,34.847999572753906,107564000,95458000,33690000,18844400,87550000
2018-10-10,51.15658950805664,87.76249694824219,54.16036605834961,150.20130920410156,32.5890007019043,53.5186463057796,92.9280014038086,56.384979648297815,156.46217499750117,35.51499938964844,51.08329306782395,87.72049713134766,54.128131258402064,150.1318469804765,32.53900146484375,53.30821307731672,92.89450073242188,56.35423173524925,155.598953955172,35.35200119018555,167962400,219778000,58980000,30610000,171831000
2018-10-11,50.704994201660156,85.96800231933594,54.08994674682617,152.15594482421875,32.11000061035156,51.89902721215979,87.7699966430664,55.34557169434692,153.6045680419625,33.41999816894531,50.20137511528744,84.25499725341797,53.35353288306622,147.99856787662608,31.58099937438965,50.72154687603227,86.19999694824219,53.50974303096298,148.96101617360952,32.49399948120117,212497600,278718000,67696000,35338900,160821000
2018-10-12,52.51613235473633,89.43049621582031,55.5677375793457,152.5429229736328,33.95600128173828,52.69819370350563,90.44750213623047,55.83006909493526,155.66838973017065,34.130001068115234,51.27008201426514,87.12650299072266,54.302691828734865,150.12191938851547,32.88999938964844,52.11654480060176,90.4000015258789,55.52310448461403,155.5096319219713,33.957000732421875,161351600,188892000,49370000,25293500,148708000
2018-10-15,51.39303207397461,88.04750061035156,54.67015838623047,152.3246612548828,33.3129997253418,52.449928078120834,89.75250244140625,55.63022206287671,154.35870249863035,33.92100143432617,51.37175316034392,86.71150207519531,54.460885654082006,151.36221269281663,32.69300079345703,52.29151237472821,89.75,55.44178088322421,152.12622153012268,33.76300048828125,123164000,128744000,30074000,15433500,112150000
2018-10-16,52.52560043334961,90.99800109863281,56.18959426879883,157.54368591308594,34.63999938964844,52.72421449906567,91.19400024414062,56.35274700722505,158.2183990840519,34.79499816894531,51.25117791678364,88.07749938964844,55.13183877872976,153.80303612370565,33.055999755859375,51.76425673692637,89.17500305175781,55.217627994318065,154.18999885088436,33.7239990234375,116736000,117198000,38378000,19180100,201564000
2018-10-17,52.298606872558594,91.58650207519531,55.9173469543457,158.1787109375,36.470001220703125,52.64144705306185,92.25,56.87988872075528,159.240386895238,38.0,51.86118772679396,90.3499984741211,55.24341638076275,156.7201555439605,35.650001525878906,52.56105763845365,92.1395034790039,56.532759256237064,158.31762025402853,37.83300018310547,91541600,105904000,35652000,17592000,326109000
2018-10-18,51.076202392578125,88.53600311279297,54.44551086425781,153.7137451171875,34.67100143432617,51.955766930543895,91.50749969482422,56.15339540928809,157.4246298183748,36.220001220703125,50.36214653480621,88.39350128173828,53.871754093826716,152.08651524917622,34.60499954223633,51.51125481132157,91.07450103759766,56.036858277452815,157.27578867887388,36.06700134277344,130325200,117480000,46152000,21675100,184610000
2018-10-19,51.85409927368164,88.20149993896484,54.8060302734375,152.85049438476562,33.266998291015625,52.315160495072206,90.45500183105469,55.58806851316027,156.1248019987872,35.58000183105469,51.40958711776718,87.6500015258789,54.40187320171599,152.3543876293071,33.220001220703125,51.5585467461468,89.25800323486328,54.73313497653647,154.6463984171292,35.099998474121094,132314800,118144000,41286000,19761300,167172000
2018-10-22,52.17093276977539,89.46499633789062,55.112998962402344,153.57481384277344,32.95399856567383,52.81169226211933,90.4749984741211,55.6247680993471,156.11487813789978,33.58000183105469,51.766618916580256,87.80000305175781,54.54915850944491,153.25731337587135,32.034000396728516,51.967592478519066,89.19999694824219,55.1695309397228,153.5549653323491,33.310001373291016,115168400,90000000,27116000,15424700,170972000
2018-10-23,52.6627311706543,88.43499755859375,55.288536071777344,153.18785095214844,33.316001892089844,52.78568203373293,88.81700134277344,55.44177243403869,153.56489694981343,33.65800094604492,50.764102000238935,85.69999694824219,53.50825204162199,149.67542161066558,31.677000045776367,51.0312826427505,87.11199951171875,54.11721732541383,150.04253578314314,31.799999237060547,155071200,134478000,37686000,19095000,149073000
2018-10-24,50.8563117980957,83.20999908447266,52.42272186279297,144.9028778076172,30.183000564575195,53.017391656334006,88.885498046875,55.373337128787426,153.44583811795397,33.29999923706055,50.726267969157426,82.8280029296875,52.32056555034306,144.46631651009108,30.072999954223633,52.63199362779541,88.68499755859375,55.29299983985142,153.0787239045878,33.22800064086914,163702000,138568000,49286000,27744600,190393000
2018-10-25,51.96996307373047,89.1084976196289,54.72718048095703,149.77464294433594,31.28700065612793,52.34354194395916,89.7405014038086,55.43284641314189,151.0248417954003,31.993999481201172,51.24881410296684,84.60050201416016,53.3366726001315,145.8554021724594,30.524999618530273,51.47580005736859,85.16699981689453,53.57222499683899,146.57971387602666,30.711999893188477,119423200,205714000,72956000,22105700,133469000
2018-10-26,51.14241027832031,82.1405029296875,53.743309020996094,144.2380828857422,29.982999801635742,52.062169603151254,84.9229965209961,55.39217950296379,147.83982301609493,31.39900016784668,50.284124580632735,80.1500015258789,51.68432639569695,142.6803154421865,29.229999542236328,51.04783130446249,82.47949981689453,51.98682652307984,144.68459110750447,30.051000595092773,189033600,299276000,106438000,31303300,196160000
2018-10-29,50.18244934082031,76.94400024414062,51.31240463256836,140.983642578125,28.483999252319336,51.94394144771941,83.28700256347656,54.98703577121266,147.67116844140386,30.788999557495117,48.72832893518345,74.75,49.94718891468537,137.947471044523,27.540000915527344,51.825720452520564,83.0,54.37757102202303,147.34373609993975,30.525999069213867,183742000,277322000,81290000,31336800,216988000
2018-10-30,50.43307876586914,76.52100372314453,52.045345306396484,145.08148193359375,28.58099937438965,50.87758726765469,77.04949951171875,52.11427556975001,145.4982098521499,29.052000045776367,49.48021780499368,73.81800079345703,50.28291511551271,138.65194168447485,27.121000289916992,49.924726306779235,74.30799865722656,50.582437710545854,138.85038138759987,27.55699920654297,146640000,249202000,59768000,50528300,236857000
2018-10-31,51.747703552246094,79.90049743652344,54.082008361816406,150.6081085205078,30.17799949645996,52.123645519315744,81.19550323486328,54.94587068637152,155.1822142120117,31.149999618530273,51.21807209884028,78.25450134277344,52.97218166328328,147.8001571163338,29.5049991607666,51.27954933650239,78.49949645996094,52.97218166328328,153.79312110959418,29.777000427246094,153435600,187804000,70916000,60101300,203603000
2018-11-01,52.54214096069336,83.27649688720703,53.85390090942383,150.56842041015625,31.738000869750977,52.57524269602282,83.52249908447266,54.544194822068334,151.56063405371577,31.844999313354492,51.26298888864335,79.9219970703125,53.44924442209076,148.1871137216049,29.66699981689453,51.79262026173322,81.17649841308594,54.12267938183399,150.3402155113316,30.458999633789062,233292800,162710000,40132000,25640800,151215000
2018-11-02,49.05698776245117,83.27649688720703,53.13534164428711,149.17930603027344,30.90999984741211,50.51583454720711,84.87200164794922,54.44997677724087,152.9298718553426,32.1879997253418,48.57228091507329,82.59149932861328,52.945409798528566,147.80012986856786,30.83300018310547,49.54642446027015,83.92949676513672,54.00366474790069,150.61801257968224,31.799999237060547,365314800,139110000,43438000,24708700,134046000
2018-11-05,47.66435241699219,81.38999938964844,52.35379409790039,147.52230834960938,31.54400062561035,48.326390884436485,82.90450286865234,53.22757282190439,149.02056055050377,31.753000259399414,46.85572103174801,79.81800079345703,51.276202151660776,146.2919731954715,30.374000549316406,48.30511196562412,82.87850189208984,53.18690854656396,148.93126496157012,31.110000610351562,264654800,112494000,45358000,15971200,102830000
2018-11-06,48.17979431152344,82.1405029296875,53.040122985839844,148.77252197265625,31.083999633789062,48.40441352241418,83.25,53.54842264477756,149.79450085440686,32.02199935913086,47.68799444752672,80.72750091552734,52.248664069488854,146.8476250062586,30.530000686645508,47.74237510519479,80.9175033569336,52.31858558730312,148.1474225079038,31.47599983215332,127531600,85148000,28660000,16667100,97104000
2018-11-07,49.64099884033203,87.77449798583984,54.9577751159668,150.35011291503906,32.75,49.66700760551551,87.96150207519531,55.0415818163461,151.81858467998225,32.85599899291992,48.264908230328544,83.2040023803711,53.586608057537674,148.66335296530983,31.100000381469727,48.699960659016895,83.6500015258789,53.730419916510975,150.3898099340784,31.290000915527344,133697600,163844000,43388000,21877400,133283000
2018-11-08,49.46778869628906,87.74549865722656,54.2828483581543,146.7186279296875,31.79199981689453,49.85453137063265,89.19999694824219,54.95677886980131,149.7647311096227,33.20500183105469,49.05494289170183,86.25550079345703,53.77355745838438,145.59743679770625,31.660999298095703,49.82131414178584,87.75,54.91115830633009,149.31823799405643,32.79999923706055,101450400,130698000,33694000,24145800,110239000
2018-11-09,48.513980865478516,85.62149810791016,53.40957260131836,143.83128356933594,30.347000122070312,48.87937043055105,87.19599914550781,53.97142669030988,146.60946941087013,31.29800033569336,47.98724786748592,85.09349822998047,52.77680195086009,142.94821411113884,29.801000595092773,48.77022964453493,86.625,53.75670205685472,145.60733917088652,31.10700035095215,137463200,118044000,34860000,17326900,134808000
2018-11-12,46.070133209228516,81.84249877929688,52.037906646728516,140.4478302001953,29.406999588012695,47.41781165926097,85.42749786376953,53.26476998164376,143.91064577963837,30.249000549316406,45.97997059020177,81.50050354003906,51.59110279461373,139.39608626580937,29.062999725341797,47.21613325998762,84.91200256347656,53.21666748640021,143.35500861731956,30.0,204542000,136124000,34002000,18542100,109248000
2018-11-13,45.60983657836914,81.55850219726562,51.96897888183594,141.05308532714844,29.440000534057617,46.78430756047721,83.85299682617188,52.89631588540383,143.75190745988903,30.354999542236328,45.42476859914762,80.6875,51.59358341935655,140.51728151874886,28.90999984741211,45.467478543802656,82.4645004272461,52.308178293181584,140.89432752169836,29.5,187531600,118666000,25750000,15141700,122322000
2018-11-14,44.32147979736328,79.95050048828125,52.2967643737793,143.0970458984375,28.67300033569336,46.14368876236647,83.6500015258789,52.85267087372335,144.44645699339068,30.18400001525879,44.115055029309836,79.85350036621094,51.628785198438855,140.44783741628237,27.829999923706055,46.006073457133304,82.81600189208984,52.565542813210634,142.58109058978476,30.040000915527344,243204000,129738000,34666000,22068400,168536000
2018-11-15,45.415283203125,80.97200012207031,53.11351776123047,142.7299346923828,29.006000518798828,45.5481521610165,81.24099731445312,53.50131148140594,143.71221648246322,29.25,44.345206577891304,77.32550048828125,51.637712533591234,139.73344533339812,28.215999603271484,44.69873575688715,79.05049896240234,52.14204716151676,141.22176575713524,28.551000595092773,185915200,168546000,41584000,30320300,99671000
2018-11-16,45.91828536987305,79.67050170898438,52.97565841674805,138.44354248046875,28.621000289916992,46.25995045257277,80.7239990234375,53.18244920128964,140.66610607512533,29.172000885009766,44.95261049624972,78.65599822998047,52.312635487457975,136.69725224608018,28.100000381469727,45.19936660019544,79.375,52.824903973568865,139.97155968303758,28.714000701904297,147713200,121322000,35366000,37250600,90995000
2018-11-19,44.098445892333984,75.614501953125,50.94989776611328,130.52569580078125,27.059999465942383,45.24681733279806,79.05950164794922,52.96226867525788,136.67741679552446,28.509000778198242,43.89202475558644,75.16799926757812,50.724265514564266,130.18834682667722,26.915000915527344,45.08073115263296,78.85050201416016,52.7336550830274,136.53850750383592,28.378999710083008,167701200,155800000,45684000,44362700,129938000
2018-11-20,41.991512298583984,74.77300262451172,51.10015869140625,131.3988494873047,26.697999954223633,43.056842423109295,76.73750305175781,51.44233186700774,133.1153900428905,27.634000778198242,41.642729521839435,71.0,49.699734383253194,125.86230294350906,25.0,42.32131328103685,71.875,49.95165011439261,126.0409017075018,25.46299934387207,271300800,217576000,54458000,41939500,166938000
2018-11-21,41.94405746459961,75.83650207519531,51.74384307861328,133.77024841308594,26.21299934387207,42.77212054847709,77.5,52.30321906381659,136.12178986346993,27.534000396728516,41.889487071573676,75.75,51.54696864073382,133.08561858829606,26.150999069213867,42.643994348703465,77.14949798583984,51.837070517766705,133.353505366709,27.441999435424805,124496800,114336000,29698000,25469700,110230000
2018-11-23,40.878726959228516,75.10299682617188,51.082801818847656,130.70428466796875,25.881999969482422,41.901350698379524,76.80999755859375,51.72251504812093,133.45272039788455,26.549999237060547,40.83364927354388,75.09049987792969,51.00444704055386,130.2379430955289,25.68400001525879,41.507486637209176,75.8499984741211,51.25140647070109,132.6093328375205,26.01099967956543,94496000,54152000,14178000,11886100,52451000
2018-11-26,41.431556701660156,79.06649780273438,52.36421203613281,135.31809997558594,26.14299964904785,41.50985523537514,79.2405014038086,52.41677519212862,135.9332675826266,26.625,40.397072578660236,76.21099853515625,51.56233731257599,131.74612484443062,25.3799991607666,41.34139771589679,76.94999694824219,51.77210565786005,131.9644130546667,26.05500030517578,179994000,125154000,31558000,24263600,124986000
2018-11-27,41.341407775878906,79.07099914550781,52.18271255493164,133.94882202148438,26.663000106811523,41.46715900960743,79.88249969482422,52.900780619151305,135.5462863563767,26.908000946044922,40.54419042635813,77.90049743652344,51.846494482637375,132.6688732726465,25.61400032043457,40.693666190363125,78.79949951171875,52.13610072756611,134.69298214382596,25.923999786376953,165549600,115664000,33048000,20750300,111495000
2018-11-28,42.93109130859375,83.88749694824219,54.14201736450195,135.69512939453125,28.264999389648438,43.014132585864616,84.07250213623047,54.195079932226704,135.7248945919711,28.399999618530273,41.505114329859374,80.06099700927734,51.72003368504357,130.82337202047773,26.333999633789062,41.932195651447095,80.69599914550781,52.439588587382175,135.21887109551545,27.197999954223633,184250000,169174000,46042000,29847500,148013000
2018-11-29,42.601287841796875,83.67849731445312,54.280372619628906,137.6001739501953,28.875,43.37240554234032,84.49949645996094,54.556589291132255,138.8999864759306,29.048999786376953,42.16234247178632,82.61650085449219,53.656527087727646,134.60369979706752,27.549999237060547,43.33918830928703,83.74949645996094,53.73239993732191,134.86166988111822,28.23200035095215,167080000,132264000,31004000,24238700,154315000
2018-11-30,42.371131896972656,84.50849914550781,55.02770233154297,139.51516723632812,28.613000869750977,42.78634905488181,84.80000305175781,55.02770233154297,139.87236476950758,29.08099937438965,42.00336740445758,83.32499694824219,53.71505340891803,136.29047275122844,28.305999755859375,42.77685634955922,83.9749984741211,54.332452073378455,137.18345901418738,28.799999237060547,158126000,115236000,59668000,25732600,118601000
2018-12-03,43.851688385009766,88.61799621582031,55.36044692993164,139.99143981933594,29.030000686645508,43.8801592662894,88.91699981689453,56.28480631004417,142.56126989856986,29.871999740600586,42.99515437591232,86.5,55.13084208010113,139.66400745225496,28.45800018310547,43.76627212076378,88.4729995727539,56.14397201390017,141.8865717894194,29.319000244140625,163210000,137246000,57532000,24819200,141174000
2018-12-04,41.922706604003906,83.41999816894531,52.68803787231445,136.8560028076172,27.533000946044922,43.27512777330079,88.51699829101562,55.25532043785084,142.27349525916156,29.573999404907227,41.823054898940676,83.25,52.60423116972486,136.09200930212478,27.472000122070312,42.9334627157085,87.80000305175781,55.193332761663406,139.6342036766149,28.812999725341797,165377200,173890000,45630000,30307400,128006000
2018-12-06,41.455299377441406,84.95950317382812,53.462135314941406,138.5428009033203,28.288000106811523,41.46953482121454,85.05249786376953,53.528587431634996,138.61224798809107,28.32200050354004,40.435050335608125,80.49250030517578,51.696727612647116,132.62920071233876,26.714000701904297,40.75298731456774,80.74349975585938,51.82169421560711,132.77804184824052,26.83300018310547,172393600,175788000,47436000,28218100,130743000
2018-12-07,39.977115631103516,81.45649719238281,51.90004348754883,136.34999084472656,26.513999938964844,41.40071754199759,85.94650268554688,53.80678483588291,139.77312473044262,28.42099952697754,39.9320343246601,81.27300262451172,51.542498271462186,135.59591396050388,26.33799934387207,41.163450556848574,85.25350189208984,53.17203169584198,138.16574354618837,28.24799919128418,169126400,151522000,42682000,21195500,124667000
2018-12-10,40.24048614501953,82.05149841308594,52.22733688354492,140.74551391601562,26.969999313354492,40.356744662283546,82.89949798583984,52.54570469124087,141.9361672816189,27.118000030517578,38.7528209859677,79.54350280761719,51.22660911533888,137.92761561144712,26.06100082397461,39.14905645625793,81.19200134277344,51.719532890421675,138.51303317801737,26.41900062561035,248104000,149896000,33652000,26422200,96056000
2018-12-11,40.010337829589844,82.16200256347656,52.647369384765625,140.9737091064453,26.531999588012695,40.76009884419869,83.97350311279297,53.081283083389565,142.75969660179285,27.450000762939453,39.62359143727057,80.9800033569336,52.07460390793039,140.00134402452528,26.275999069213867,40.729256594178395,83.9000015258789,52.90970087647782,142.75969660179285,27.408000946044922,189126800,124894000,33852000,20300300,98432000
2018-12-12,40.12184524536133,83.177001953125,53.24641799926758,143.3748779296875,27.488000869750977,40.79093620431171,85.24949645996094,54.13903818940161,146.043935173059,28.177000045776367,40.10286345370511,83.01349639892578,53.159138117751525,141.40036723998642,26.648000717163086,40.43028940365676,83.44999694824219,53.412544503125076,141.96593630939051,26.766000747680664,142510800,131960000,28960000,23696900,114567000
2018-12-13,40.560794830322266,82.91899871826172,53.23699951171875,143.88088989257812,27.601999282836914,40.94516985024621,84.60600280761719,53.97490409793119,144.71436082995314,27.93199920654297,40.22862246288901,82.07499694824219,52.81300591382666,142.07506899821826,27.184999465942383,40.45165403262589,84.0,53.34262902700036,144.43654223082086,27.763999938964844,127594400,105426000,24986000,18148600,83793000
2018-12-14,39.26292419433594,79.59549713134766,52.15444564819336,142.9383087158203,26.68400001525879,40.11708645195532,82.12850189208984,53.14674409029984,144.87312247749196,27.767000198364258,39.21547154011385,79.25,52.038404143978894,141.40037439347307,26.5,40.0981046661854,81.9000015258789,52.56654035265501,142.2239136130523,27.180999755859375,162814800,127344000,36358000,21785800,99153000
2018-12-17,38.897560119628906,76.04550170898438,50.86212158203125,139.09840393066406,26.280000686645508,39.943908661901204,78.80650329589844,52.6835654583477,143.79156924089747,27.29800033569336,38.61046540084833,75.25050354003906,50.414818366454924,137.3421819108187,26.107999801635742,39.25583205591823,78.30000305175781,51.9213638360146,141.96590015336162,26.650999069213867,177151600,176596000,49932000,24334000,96347000
2018-12-18,39.40292739868164,77.5739974975586,51.74284362792969,142.5414276123047,27.0939998626709,39.749335147040604,78.37750244140625,52.55017019559987,144.7937418711437,27.575000762939453,39.00431700694578,76.15049743652344,51.10163977241483,138.74124722221976,26.32900047302246,39.23921261031191,77.0,51.27619952675167,139.98151438060336,26.329999923706055,135366000,130460000,43640000,24709100,103501000
2018-12-19,38.17388916015625,74.75399780273438,51.34860610961914,132.20257568359375,26.677000045776367,39.730360169185076,79.22650146484375,53.34461003728609,143.78170922120492,28.086999893188477,37.74680781733559,74.15899658203125,50.55367772499498,131.46833200164406,26.37700080871582,39.38632372817106,77.15249633789062,51.93525681051132,140.11052109141946,26.996000289916992,196189200,175844000,58264000,57404900,137884000
2018-12-20,37.21057891845703,73.04149627685547,50.75947189331055,132.3612823486328,26.058000564575195,38.463348216247596,75.4749984741211,51.942693316807016,134.5143990888896,26.989999771118164,36.84756074809764,71.6344985961914,49.979915657086195,128.98776231335148,25.187999725341797,38.05762010916007,74.19999694824219,50.87947841740383,129.68230877473562,26.464000701904297,259092000,199836000,53674000,40297900,167929000
2018-12-21,35.76325988769531,68.87249755859375,49.15621566772461,123.97709655761719,24.638999938964844,37.5261558756445,74.0,51.45818862230088,133.84961966709113,26.450000762939453,35.502268316215726,68.197998046875,48.657340601416045,122.45901083511416,24.128999710083008,37.21770799988889,73.24949645996094,51.178998222263665,132.35138245742544,26.382999420166016,382978400,272806000,104656000,56901500,213976000
2018-12-24,34.837913513183594,67.197998046875,48.82992172241211,123.0940170288086,23.38800048828125,35.957814025738095,69.80149841308594,50.19116856445792,128.72979816036587,25.065000534057617,34.78096813070543,65.3499984741211,48.48229286368024,122.06211397443818,23.368000030517578,35.15110406579586,67.30000305175781,48.81256335838148,122.14149287938721,24.200000762939453,148676800,144400000,36360000,22066000,95476000
2018-12-26,37.2912483215332,73.54499816894531,51.9630241394043,133.1352081298828,25.367000579833984,37.305483760117355,73.65799713134766,51.99277700934326,133.1947536610264,25.450000762939453,34.81180927021201,68.15049743652344,49.225646602209785,124.90976438424582,23.12299919128418,35.18669150802309,68.44450378417969,49.49046000831835,125.01890848137627,23.392000198364258,234330000,208236000,46318000,39723400,144027000
2018-12-27,37.04924011230469,73.08200073242188,52.21345901489258,133.4725799560547,25.55699920654297,37.19634811223778,73.44999694824219,52.23527804094149,133.9389215670963,25.55900001525879,35.606659957323785,69.5155029296875,49.93726961475843,128.6603378591269,24.010000228881836,36.97568792254167,72.70999908447266,50.8894031809876,131.4087738165464,25.01099967956543,212468400,194440000,45996000,31202500,122352000
2018-12-28,37.06822204589844,73.9010009765625,51.90500259399414,132.16285705566406,25.607999801635742,37.61156549819046,75.67350006103516,52.77530810884627,134.86167943373593,26.19099998474121,36.669615227461684,72.44999694824219,51.67291960999607,131.17064339137232,24.979999542236328,37.3695521467641,73.6675033569336,52.5407469801102,134.28619369164923,25.79400062561035,169165600,176580000,34398000,22627600,109928000
2018-12-31,37.4265022277832,75.09850311279297,51.8197135925293,130.06930541992188,26.766000747680664,37.81087365387044,76.03800201416016,52.71382450957579,133.5916674923913,27.010000228881836,37.12754345601977,74.3499984741211,51.22859846003051,128.93818227602833,26.0,37.61394158656188,75.54000091552734,52.457936179774954,133.40314444507882,26.016000747680664,140014000,139090000,33110000,24625300,135089000
2019-01-02,37.469200134277344,76.95649719238281,52.301734924316406,134.62353515625,26.766000747680664,37.68986030291286,77.66799926757812,52.60473073848045,136.43928787690126,26.975000381469727,36.593684420142715,73.04650115966797,50.84378346049996,127.55897910736016,25.658000946044922,36.750281492025124,73.26000213623047,50.938997204138,127.98563883187403,25.92799949645996,148158800,159662000,31868000,28146200,116795000
2019-01-03,33.736995697021484,75.01399993896484,50.85319900512695,130.7142333984375,27.1200008392334,34.574547927015324,76.9000015258789,52.875981979933826,136.10194632069562,27.57900047302246,33.69191438723821,74.85549926757812,50.69947078305662,130.0990506322651,26.44300079345703,34.16170203892372,76.00050354003906,52.10287264182408,133.64126067594293,27.020000457763672,365248800,139512000,41960000,22717900,149696000
2019-01-04,35.17719650268555,78.76950073242188,53.46163558959961,136.8758544921875,29.756999969482422,35.24600594521999,79.69999694824219,53.557344942092904,136.92546819706592,29.780000686645508,34.11898793915867,75.91549682617188,51.41802506935815,132.70856066201134,27.854000091552734,34.292191797955375,76.5,51.700688682993224,132.96653073141118,28.187999725341797,234428400,183652000,46022000,29002100,193301000
2019-01-07,35.09890365600586,81.47550201416016,53.35502624511719,136.97508239746094,31.534000396728516,35.31244611659193,81.72799682617188,53.69124431582315,137.78868962849725,31.68000030517578,34.617251961933846,79.45950317382812,52.696467715878086,134.8517460247865,30.165000915527344,35.281600249745665,80.1155014038086,53.60545509662506,136.488892311857,30.209999084472656,219111200,159864000,47446000,20089300,186201000
2019-01-08,35.76800537109375,82.8290023803711,53.82365036010742,141.42019653320312,32.027000427246094,36.02188283523813,83.83049774169922,54.21937794351435,142.02544740628335,32.058998107910156,35.238900899053064,80.83049774169922,52.9796244703007,138.45347255860054,30.801000595092773,35.48565702140331,83.2344970703125,53.85489011971535,138.80075335822818,31.99799919128418,164101200,177628000,35414000,26263800,153592000
2019-01-09,36.37540054321289,82.97100067138672,53.6391716003418,143.10696411132812,31.996000289916992,36.664866551777166,83.38999938964844,54.13457733639377,143.5733057172067,32.334999084472656,35.502259784558376,82.06999969482422,53.2781531970929,140.17002031683543,31.350000381469727,35.89612022438251,82.64900207519531,53.95357439752464,141.83693190722673,31.770999908447266,180396400,126976000,26998000,22205900,133432000
2019-01-10,36.49166488647461,82.81099700927734,53.49932861328125,143.07720947265625,32.465999603271484,36.53199984154206,83.1624984741211,53.54792673522367,143.4344070026676,32.5369987487793,35.79409933557466,81.08100128173828,52.797627727154754,139.74337090587684,31.25,36.183217066092084,82.05049896240234,53.30642301238766,141.9659349970562,31.457000732421875,143122800,130154000,26598000,16125000,134725000
2019-01-11,36.13339614868164,82.02799987792969,52.7872200012207,142.68031311035156,33.75899887084961,36.46794354601697,83.0145034790039,53.228571981097055,144.2281638432297,34.10900115966797,35.94832814598715,81.81099700927734,52.388514818858084,141.45989466942495,32.85200119018555,36.273386454644076,82.02749633789062,53.056494120511594,142.0353652116674,33.09600067138672,108092800,93724000,30864000,12908000,195004000
2019-01-14,35.590057373046875,80.8604965209961,52.144535064697266,144.2579345703125,33.29399871826172,35.891387539186205,82.41000366210938,52.488690800062685,145.4287544900615,33.54800033569336,35.404989364339656,79.75749969482422,51.997749412516484,140.17001938673516,32.91299819946289,35.791735812990616,80.75,52.23528436627234,140.8943310748982,33.42399978637695,129756800,120118000,28490000,20520300,104996000
2019-01-15,36.31845474243164,83.72799682617188,53.880184173583984,147.79022216796875,35.4640007019043,36.394378285844226,83.75800323486328,53.96746406204631,149.50674756683452,35.72200012207031,35.601907520616955,81.30049896240234,52.28982800056554,144.85327820204645,34.70000076293945,35.654106540640925,81.5999984741211,52.4668659224875,144.87311157453394,34.959999084472656,114843600,119970000,37518000,24069000,211812000
2019-01-16,36.76214599609375,84.18900299072266,54.02894973754883,146.3911895751953,35.138999938964844,36.98517753374155,85.25,54.666184830089556,148.4847609010033,35.8849983215332,36.30184748144305,83.79399871826172,53.95456755691764,145.85540088659008,34.81100082397461,36.320829274052095,84.21099853515625,54.05325069106837,147.83982810953688,35.400001525878906,122278800,127338000,38280000,18025700,153855000
2019-01-17,36.980430603027344,84.66100311279297,54.505516052246094,147.145263671875,35.319000244140625,37.407511879044904,85.00849914550781,54.58386705102719,147.83981008724263,35.57899856567383,36.363535024290115,83.875,53.71901337333294,145.3592763609466,34.64099884033203,36.58656655845522,84.0,53.95357830753692,145.8057694036846,34.95000076293945,119284800,84178000,24896000,15787900,188712000
2019-01-18,37.20820617675781,84.80999755859375,54.911163330078125,148.87171936035156,33.90999984741211,37.459708573550046,85.80999755859375,55.44177767329486,151.24310921857838,35.29999923706055,37.00889918007144,84.5770034790039,54.51344944130372,147.39333081098312,33.67300033569336,37.369545970773025,85.5999984741211,54.97513352063556,148.58398408281647,35.196998596191406,135004000,120410000,44892000,31029600,266210000
2019-01-22,36.37303161621094,81.6084976196289,53.489402770996094,146.4209747314453,32.51599884033203,37.186855683764556,84.09349822998047,54.49806812936221,150.3501322838118,33.6879997253418,36.21168817452131,80.51000213623047,53.105574125918835,145.23030624650642,32.10300064086914,37.11093212681015,84.05000305175781,54.350783108916545,148.0382726761916,33.48899841308594,121576000,128336000,39632000,22378700,179414000
2019-01-23,36.5201301574707,82.0009994506836,53.77604293823242,143.17645263671875,32.19900131225586,36.80959613916495,82.87149810791016,54.19954087399449,147.6414146827288,33.17499923706055,35.99339721507011,80.5999984741211,52.94094594559311,141.94610208920284,31.860000610351562,36.57470054471934,82.80000305175781,53.89753635595871,147.12545927377298,32.82500076293945,92522400,104504000,25194000,20098400,134801000
2019-01-24,36.23067092895508,82.74649810791016,53.755714416503906,144.6945343017578,32.66699981689453,36.65300590810053,82.86299896240234,53.95407574019982,145.2997853003888,33.18000030517578,36.00289663164888,81.58899688720703,53.06244293330347,141.41030918163793,31.899999618530273,36.565218274806185,82.05349731445312,53.681824076200236,143.5137975060694,32.060001373291016,101766000,81798000,29114000,20955500,111316000
2019-01-25,37.431243896484375,83.52850341796875,54.6240348815918,147.84974670410156,33.80500030517578,37.519035156053725,84.17400360107422,54.71577542869572,148.6633691432037,34.0,36.615048386108995,83.08049774169922,54.14251429554499,145.3989778409229,32.85100173950195,36.890275378715764,83.5250015258789,54.263016457589686,146.33166107014597,32.87200164794922,134142000,98918000,23260000,22237200,111529000
2019-01-28,37.0848274230957,81.89450073242188,53.550411224365234,146.32176208496094,33.566001892089844,37.09194514242652,82.25,54.22037301937259,147.80016601437944,33.630001068115234,36.458442779137826,80.70449829101562,53.29006221997259,145.07157821752008,32.88800048828125,36.963818953658674,82.17949676513672,54.05672842479024,146.8972478734598,33.470001220703125,104768400,96754000,29334000,15508500,86521000
2019-01-29,36.700443267822266,79.69400024414062,53.06441879272461,143.0672607421875,32.88999938964844,37.51901698952422,81.61900329589844,53.7919075035448,146.94681899143038,33.821998596191406,36.56520301406651,79.53600311279297,52.8640749781177,142.31316882552036,32.814998626708984,37.07295404789019,81.5634994506836,53.608918268991935,146.93688716727897,33.58700180053711,166348800,92656000,19704000,17632100,76552000
2019-01-30,39.2083740234375,83.52149963378906,54.4494743347168,149.24876403808594,34.066001892089844,39.42191288765638,83.84750366210938,54.52534718103893,149.7746360212973,34.178001403808594,38.017292600660475,80.98400115966797,53.39072388882378,144.56551475591945,33.08000183105469,38.73383999592237,81.1500015258789,53.42642809001765,145.08147005377919,33.275001525878906,244439200,115676000,29452000,44613200,92345000
2019-01-31,39.490726470947266,85.9365005493164,55.83303451538086,165.39210510253906,33.95000076293945,40.09812951029959,86.82050323486328,55.92130565019333,170.34324180670043,34.5989990234375,39.04466327999454,83.9540023803711,54.80949644829899,163.71526151672856,33.808998107910156,39.412427913785926,84.64250183105469,55.1561302445522,164.3105957964176,33.96799850463867,162958400,218206000,40232000,77233600,85355000
2019-02-01,39.50970458984375,81.3115005493164,55.47251892089844,164.41970825195312,33.98500061035156,40.09337942283648,83.65299987792969,56.25505273717581,167.78331146260734,34.683998107910156,39.36971429863973,81.10050201416016,55.25581177728074,164.37009454820185,33.650001525878906,39.61410265633867,81.94400024414062,55.65451311988307,164.54868571373441,33.71799850463867,130672400,230124000,33116000,30806500,98278000
2019-02-04,40.631980895996094,81.66549682617188,56.603172302246094,167.93215942382812,35.13399887084961,40.729261252002615,82.48149871826172,56.648796650028686,167.9817731340761,35.20000076293945,39.69003045070155,80.67500305175781,55.41747272312424,162.34599175743284,34.130001068115234,39.72087632465673,81.1500015258789,55.49185868396291,164.40979795592344,34.2599983215332,125982000,98582000,78408000,20036000,90514000
2019-02-05,41.32716369628906,82.94049835205078,57.121395111083984,169.82728576660156,35.58100128173828,41.54070616529914,83.26300048828125,57.16602820626715,170.6408930571049,36.0,40.89296827882337,82.125,55.71948385490271,167.37651692938948,35.290000915527344,41.013973143644144,82.16699981689453,56.018510837262355,167.8329267133362,35.31999969482422,144406400,89062000,82296000,22557000,90466000
2019-02-06,41.341407775878906,82.01300048828125,55.684268951416016,169.16250610351562,35.21900177001953,41.65697335385666,83.61299896240234,57.227018124056855,171.1270848386497,35.70399856567383,41.011606755653766,81.66699981689453,55.459624180838055,167.9520042717718,34.71900177001953,41.43868450470518,83.5374984741211,56.99245699091347,169.8669692977403,35.70000076293945,112958400,78798000,48256000,13281200,67177000
2019-02-07,40.55842971801758,80.71849822998047,54.84223556518555,165.08453369140625,34.47100067138672,41.27023086120382,81.2770004272461,55.143740692226345,167.92226571004377,34.875,40.416068041217194,79.64550018310547,54.231283896619765,163.96332727432804,33.902000427246094,40.90483758027317,81.25,55.13531121558473,166.8903548996406,34.790000915527344,126966800,92532000,38298000,17517600,78645000
2019-02-08,40.6060791015625,79.41100311279297,54.66717529296875,166.027099609375,34.75699996948242,40.665650250891964,79.42949676513672,54.80206204094916,166.06678149085363,34.79999923706055,40.131891443963546,78.33799743652344,54.263513873819036,162.93139809480107,33.79999923706055,40.26771540968325,79.30000305175781,54.29524926151284,163.18936817435636,33.79999923706055,95280000,113150000,21766000,12561400,75614000
2019-02-11,40.372554779052734,79.55000305175781,54.65427780151367,164.4990997314453,34.573001861572266,40.796704677929405,80.4645004272461,55.21514436928566,166.98956576367348,35.2869987487793,40.329665299757814,79.30000305175781,54.54914771565006,163.79463649538135,34.48099899291992,40.75857827237781,80.04900360107422,54.735110719226135,166.592671206755,35.0,83973600,66346000,18498000,12811200,54549000
2019-02-12,40.7204475402832,81.90049743652344,55.91685104370117,163.75494384765625,35.99700164794922,40.746658986823185,81.97000122070312,56.178686919455295,167.02925211487005,36.0,40.43688833751438,79.94400024414062,55.095139799771296,163.21915510646622,34.652000427246094,40.532204341266045,80.19999694824219,55.095139799771296,165.5607800649606,34.808998107910156,89134000,97172000,35036000,16292300,104294000
2019-02-13,40.55127716064453,82.0,55.96891403198242,162.79249572753906,35.176998138427734,41.09933254456883,82.81900024414062,56.674088088339815,164.92574895228006,35.959999084472656,40.48932446490647,81.85549926757812,55.83849173367112,162.45513159071416,35.02799987792969,40.83960316682641,82.3499984741211,56.18760746750366,164.09229314596084,35.72999954223633,89960800,71206000,28042000,14205100,105591000
2019-02-14,40.699005126953125,81.13249969482422,55.997188568115234,162.67344665527344,35.90700149536133,40.808613992609324,81.8949966430664,56.34084865258501,163.58628151861365,36.04499816894531,40.3606414751641,80.3030014038086,55.39665266279757,160.98668625258,34.83300018310547,40.43927581927432,81.2249984741211,55.78891087553587,161.91936963077,35.17499923706055,87342800,82410000,21106000,12755200,92953000
2019-02-15,40.608463287353516,80.39749908447266,55.522605895996094,161.2347412109375,35.6870002746582,40.91346730094003,81.44550323486328,56.49804534986026,163.41760852548938,36.439998626708984,40.44881303304922,80.2249984741211,55.37829841032092,159.60751119754636,35.54999923706055,40.80623995233979,81.39299774169922,56.49804534986026,163.22908548259963,35.84700012207031,98507200,86878000,27826000,15504400,92300000
2019-02-19,40.72998046875,81.37899780273438,55.86378479003906,161.0263671875,36.19200134277344,40.851507928428646,81.69999694824219,56.01899988835893,162.87188541808726,36.5,40.38685373654159,80.02799987792969,55.37433038810258,159.08163666321363,35.53200149536133,40.4392766336708,80.05000305175781,55.37433038810258,159.25031118848474,35.58000183105469,75891200,73634000,21980000,14345400,73966000
2019-02-20,40.99210739135742,81.1050033569336,55.57020950317383,161.29425048828125,35.99100112915039,41.299496621052455,81.74649810791016,56.08297359732325,162.44522196991008,36.67100143432617,40.74429295914237,80.50599670410156,55.13183515305827,159.9944530133293,35.66999816894531,40.79194916119121,81.5,55.981312910608274,160.98666667542744,36.48500061035156,104457600,66752000,24090000,11770700,81107000
2019-02-21,40.76095962524414,80.97200012207031,54.75791931152344,158.79388427734375,35.696998596191406,41.07311184292857,81.1780014038086,55.49879752935811,160.97676667216783,36.28499984741211,40.57986465359283,80.04550170898438,54.44897223963191,158.34739111112265,35.38800048828125,40.93729152317362,80.99250030517578,55.48044790900647,160.66916768745676,36.00299835205078,68998800,69668000,33272000,15607800,62279000
2019-02-22,41.216094970703125,81.5780029296875,55.370365142822266,160.6294708251953,36.301998138427734,41.22324321911487,81.74700164794922,55.40458246006071,161.1454261740566,36.612998962402344,40.83722326114031,81.05850219726562,54.57394989558548,159.06177140594767,36.005001068115234,40.8848794625303,81.17500305175781,55.03017826981313,159.32967333669976,36.034000396728516,75652800,61924000,29436000,15858500,70882000
2019-02-25,41.516319274902344,81.6500015258789,55.40855026245117,163.33819580078125,36.39099884033203,41.90710582108216,82.7300033569336,55.808742286415196,164.7769176135051,37.14899826049805,41.44959988672047,81.51950073242188,55.24887071273336,161.63158722042746,36.37900161743164,41.49964124582385,82.07250213623047,55.63666444539481,161.80027685335008,36.70100021362305,87493600,63690000,26208000,18737100,75693000
2019-02-26,41.540157318115234,81.81999969482422,55.640628814697266,162.85202026367188,36.49700164794922,41.77129368525542,81.99949645996094,55.860313518973165,164.9455915299292,36.56999969482422,41.26374629243125,80.80650329589844,54.88140468154048,162.52458796440192,35.93299865722656,41.392422020496234,81.29900360107422,55.261760191576904,163.0603766377669,36.29800033569336,68280800,53316000,35026000,13784100,49446000
2019-02-27,41.66881561279297,82.05449676513672,55.684268951416016,161.54229736328125,36.2869987487793,41.69979376594638,82.09049987792969,55.82510324372257,162.65357177504464,36.803001403808594,41.15888685160674,80.75499725341797,54.97364296316191,159.1609907266516,35.97999954223633,41.27326604666543,81.40899658203125,55.243908298338845,161.63159295565973,36.349998474121094,111341600,62976000,22092000,12697500,56299000
2019-02-28,41.25898361206055,81.99150085449219,55.86577224731445,160.19290161132812,35.810001373291016,41.678366901905775,82.5885009765625,56.23472452755319,162.22694275955087,36.638999938964844,41.20417916338669,81.69149780273438,55.46211080344531,159.60749915178485,35.770999908447266,41.53777983812131,81.76249694824219,55.49136804808821,161.10573641433965,36.24700164794922,112861600,60518000,27422000,11114200,61868000
2019-03-01,41.69264602661133,83.58650207519531,56.95526885986328,161.0164031982422,35.731998443603516,41.73553549832862,83.71299743652344,57.02866357187226,161.85979071681604,36.2869987487793,41.197013749810466,82.55000305175781,56.08645011269494,160.4310008754551,35.46900177001953,41.52822911316134,82.75650024414062,56.08645011269494,161.3339187807563,36.22600173950195,103544800,99498000,34086000,11097800,55265000
2019-03-04,41.90235900878906,84.80850219726562,57.19825744628906,166.0667724609375,35.104000091552734,42.35509840942423,85.47149658203125,57.79829765213025,166.19576506368998,36.224998474121094,41.454382683491055,83.71800231933594,56.44597212936097,162.55434325192755,34.80400085449219,41.86423259047958,84.25,57.254789415718996,162.62379032573335,35.97200012207031,109744800,123348000,35490000,18894700,74870000
2019-03-05,41.82609558105469,84.62149810791016,57.98028564453125,169.92649841308594,35.43000030517578,41.938089634020294,85.38999938964844,58.34229527188419,170.54168115014525,35.617000579833984,41.59019251792692,84.45050048828125,57.178414816379295,165.25318076046253,34.82500076293945,41.9237931397582,85.14749908447266,57.32619168410688,166.06678805273313,35.145999908447266,78949600,73630000,40094000,28187900,59378000
2019-03-06,41.585426330566406,83.44750213623047,57.76953887939453,171.16676330566406,35.96099853515625,41.81656266632499,84.88749694824219,58.255520128917794,172.21852244305563,35.987998962402344,41.447220836488704,83.41400146484375,57.67581203241563,169.9364281267931,35.16999816894531,41.62116756354591,84.79850006103516,58.10774323810325,171.55372600546673,35.36000061035156,83241600,79920000,23602000,21531700,62119000
2019-03-07,41.10409927368164,81.29750061035156,57.0708122253418,167.81309509277344,35.2599983215332,41.566372044364236,83.48750305175781,57.70209600970842,170.40277325733447,36.2859992980957,40.98972366767753,81.02549743652344,56.61755761884441,166.304926144912,35.04999923706055,41.4305480580372,83.36849975585938,57.54935904423013,170.16463653715266,36.01599884033203,99185600,99140000,30086000,18306500,61513000
2019-03-08,41.20178985595703,81.04000091552734,57.02717208862305,168.27943420410156,34.959999084472656,41.2399162634684,81.13600158691406,57.19974555782496,168.29926757550456,34.992000579833984,40.38923852105088,79.32849884033203,56.04677257369768,164.67769395731773,34.24700164794922,40.584633632595896,80.20050048828125,56.23025744721806,164.90589884827753,34.57500076293945,95997600,93340000,23694000,13184800,68988000
2019-03-11,42.629112243652344,83.53099822998047,58.47966766357422,170.73020935058594,35.88600158691406,42.68153514499979,83.614501953125,58.511898680700604,172.94284154218153,35.89799880981445,41.783204847044914,81.30049896240234,57.106514344542475,170.24401921360752,35.00299835205078,41.81656454463562,81.30599975585938,57.127837740777274,170.26386772572346,35.20000076293945,128044000,77528000,30032000,18884000,53873000
2019-03-12,43.10806655883789,83.65499877929688,59.371795654296875,170.5813751220703,35.62699890136719,43.52744613325643,84.2135009765625,59.79132858079616,172.44674169700022,36.01300048828125,42.74110624977912,83.04900360107422,58.63042546650762,169.8868285696962,35.380001068115234,42.89122670675174,83.44999694824219,58.63042546650762,170.75004963193408,35.9370002746582,129870400,72290000,42220000,12155300,51646000
2019-03-13,43.29869079589844,84.54049682617188,59.4615478515625,172.0200958251953,36.12099838256836,43.67756238941142,85.0,59.86124422838143,172.67496054457362,36.24800109863281,43.11044394955633,83.96749877929688,59.40452025427546,170.77982861727304,35.277000427246094,43.42736286383217,84.1500015258789,59.80223411527283,170.97828348252506,35.58100128173828,124130000,71040000,25888000,11973300,64441000
2019-03-14,43.780033111572266,84.31099700927734,59.137725830078125,168.8450164794922,35.88199996948242,43.868200895214414,85.0999984741211,59.74123922576075,169.81738174097552,36.38399887084961,43.501240536772094,84.21700286865234,59.07326001338981,166.85067223971927,35.810001373291016,43.82054106149008,84.55999755859375,59.459566851406144,168.43820519765399,36.04999923706055,94318000,58932000,27302000,18037400,52714000
2019-03-15,44.34953308105469,85.61799621582031,59.02714538574219,164.6876220703125,36.145999908447266,44.63785907607292,85.94000244140625,59.5934639595921,166.2751700114422,36.400001525878906,43.78241814804206,84.65650177001953,58.86399263821987,161.24463939572104,35.888999938964844,44.04691422627257,85.1500015258789,59.408991597657796,165.858442083391,36.10200119018555,156171600,151018000,51886000,37135400,84445000
2019-03-18,44.802276611328125,87.10749816894531,58.940364837646484,159.22052001953125,36.34400177001953,44.89044075986763,87.5,59.25774144322755,162.6238054519901,37.09700012207031,44.27089927495176,85.63150024414062,58.589762171099196,158.0397833952159,36.18600082397461,44.27328444822138,85.63500213623047,58.99689681247652,162.2963882822019,36.24700164794922,104879200,108582000,24442000,37524200,71947000
2019-03-19,44.44722366333008,88.09249877929688,59.63015365600586,160.31195068359375,35.87799835205078,45.03340534638429,89.20800018310547,59.6772648886832,162.5444311730838,36.69599914550781,44.30186992001534,87.67549896240234,58.985480400237876,159.56779052043038,35.68000030517578,44.88090335634377,87.67549896240234,59.097553074054794,160.2226399576314,36.63999938964844,126585600,127284000,29788000,25611500,75414000
2019-03-20,44.83562088012695,89.8635025024414,60.81883239746094,164.1518096923828,37.52199935913086,45.1525397614325,89.9749984741211,60.99537468269679,164.82650762915654,37.59000015258789,44.01830299972137,88.35150146484375,59.48783401935632,159.98451587237324,35.70100021362305,44.375729817383224,88.49700164794922,59.57759204890789,160.2424859411437,35.89099884033203,124140800,125312000,41508000,20211500,109172000
2019-03-21,46.4869384765625,90.96299743652344,61.29985809326172,164.7868194580078,37.7869987487793,46.782412668747526,91.1875,61.31523015861807,165.09440321979255,37.900001525878906,45.228796167797555,89.36399841308594,60.33036996643317,162.47496019236658,37.06100082397461,45.278837530094265,89.81300354003906,60.499969664619066,163.6060829737556,37.400001525878906,204136800,115356000,28150000,16223000,85440000
2019-03-22,45.524269104003906,88.2385025024414,59.88752746582031,163.06039428710938,36.10100173950195,47.106478547794836,90.9489974975586,61.17587898783279,166.11641427109546,37.643001556396484,45.45993125023579,88.15550231933594,59.805703287370676,162.81234086444795,36.00400161743164,46.546508338197334,90.50849914550781,60.938839711547274,164.36019179945845,37.595001220703125,169630800,127260000,34422000,16389200,86613000
2019-03-25,44.97383499145508,88.71299743652344,59.37823486328125,164.99522399902344,36.62300109863281,45.74587473890536,89.13400268554688,59.976292522278534,165.2432774458041,36.70399856567383,44.46390611241121,87.375,59.012260184414735,160.73863351385913,35.74399948120117,45.63388069031745,87.8895034790039,59.486342506890146,161.7308473009817,35.900001525878906,175381200,102076000,27576000,12631200,84738000
2019-03-26,44.50917053222656,89.18800354003906,59.00432586669922,166.37437438964844,35.99700164794922,45.96032623886354,90.28849792480469,59.88752527927204,168.13059675582596,36.8380012512207,43.982563700573884,88.66799926757812,58.603638248143895,165.05474358351418,35.801998138427734,45.66961879021226,89.6500015258789,59.76553245948187,166.04695721457836,36.7869987487793,199202000,97318000,30752000,15437900,76665000
2019-03-27,44.90950012207031,88.28500366210938,58.41767883300781,164.57846069335938,35.33700180053711,45.21688566494624,89.375,59.10747706719448,167.62456363307606,36.24700164794922,44.45199411345279,87.28399658203125,57.73432377537689,163.50686821651982,35.0369987487793,44.97621952108113,89.20649719238281,59.10747706719448,166.54305447088734,36.099998474121094,119393600,86496000,29428000,10620300,78524000
2019-03-28,44.96906661987305,88.6709976196289,58.133026123046875,164.26095581054688,35.46099853515625,45.169224796190974,88.89649963378906,58.37998553960002,165.42184384428168,35.59400177001953,44.685507385455566,87.67350006103516,57.69465178230228,162.05824052398015,34.91999816894531,45.02387105568849,88.5,58.293205073603154,163.28859077322645,35.44900131225586,83121600,60860000,22402000,10443000,43610000
2019-03-29,45.26215744018555,89.0374984741211,58.36213684082031,165.39210510253906,35.65599822998047,45.2931356005877,89.64299774169922,58.713235095709805,165.88821195562005,35.82500076293945,44.926175293457625,88.83149719238281,57.8409432687041,163.52673849016102,35.37099838256836,45.23356445269698,89.3290023803711,58.525285785823435,165.09443796269454,35.715999603271484,94256000,66416000,30890000,13455500,47056000
2019-04-01,45.569541931152344,90.70950317382812,59.457584381103516,167.3864288330078,36.69599914550781,45.67438408651486,90.78350067138672,59.518081382666765,167.58486852209703,36.83300018310547,44.88804792365926,89.9365005493164,58.831756331098426,165.97748735850328,35.85100173950195,45.66485430363971,90.00550079345703,58.89027081678806,166.52320785848195,35.900001525878906,111448000,84776000,27706000,10381500,70361000
2019-04-02,46.23196792602539,90.6989974975586,59.78289794921875,172.84361267089844,36.77199935913086,46.33681370641152,91.0,59.79628749892426,173.53815918933915,36.84199905395508,45.524262544352574,90.25599670410156,59.07375879410385,168.22982531127647,36.22200012207031,45.53379232623605,90.5510025024414,59.51064629415848,168.81522772396372,36.625,91062800,68962000,18288000,23946500,51587000
2019-04-03,46.54890441894531,91.03500366210938,60.04423904418945,172.1887664794922,36.974998474121094,46.822930291979866,91.5,60.52972467652331,176.57436455134132,37.340999603271484,46.02467531863321,90.48100280761719,59.76008850583736,171.60336400410253,36.61899948120117,46.0485052362601,91.33599853515625,60.13796211001895,173.14129833536398,36.92599868774414,93087200,78522000,22180000,27391100,53689000
2019-04-04,46.629913330078125,90.94300079345703,60.47269821166992,174.6494598388672,36.78799819946289,46.791945110655476,91.4375,60.52724767027451,176.61403872708658,37.20500183105469,46.02228688104425,90.20999908447266,59.95646465439694,174.1632696751247,36.2400016784668,46.41545501139502,91.03250122070312,60.06804171665994,174.6494598388672,37.00699996948242,76457200,72478000,21022000,17847700,46273000
2019-04-05,46.942054748535156,91.86399841308594,60.07596969604492,174.3517608642578,36.54899978637695,46.96588465709566,91.92900085449219,60.51930791115467,175.62179295806715,36.97999954223633,46.68708854348536,91.2594985961914,60.00555254911908,173.73659332693737,36.465999603271484,46.810997523319536,91.44999694824219,60.465254086840815,175.50273218051527,36.900001525878906,74106400,72810000,20012000,9594100,39055000
2019-04-08,47.680747985839844,92.49299621582031,59.91877746582031,173.56793212890625,36.14099884033203,47.7117225101516,92.51000213623047,60.19995044983661,174.1335011948488,36.59400177001953,46.78479559908021,91.25550079345703,59.74124391223257,172.87338557948675,35.99300003051758,46.8038588026213,91.6614990234375,60.05911614332501,173.84576588865332,36.51100158691406,103526800,75056000,21750000,7297400,46538000
2019-04-09,47.537776947021484,91.79199981689453,59.64155960083008,176.1973114013672,36.47100067138672,48.33603179875124,92.65450286865234,59.862731184859946,177.7947760706625,36.67399978637695,47.473439087978925,91.58899688720703,59.42782623456685,174.18311879312262,35.900001525878906,47.73317206117505,92.27449798583984,59.601890367217,174.25256587962437,36.05400085449219,143072800,74288000,19668000,19751000,54392000
2019-04-10,47.80465316772461,92.36650085449219,59.82801818847656,176.4354248046875,36.391998291015625,47.833249790891394,92.4000015258789,59.951497900092924,177.3978580416452,36.8849983215332,47.22323818776864,91.44049835205078,59.540893902709925,175.1653775025643,36.224998474121094,47.34238048248308,92.05000305175781,59.76057859967975,176.79260715656196,36.57899856567383,86781200,59280000,15510000,11701500,45456000
2019-04-11,47.406715393066406,92.20349884033203,59.983734130859375,176.12779235839844,36.76499938964844,47.89519949822014,92.49749755859375,60.13994427440462,177.0108616646344,37.012001037597656,47.28519156894748,92.0155029296875,59.7333052989614,175.6217689829064,36.08100128173828,47.85945826640106,92.43499755859375,59.94951681497526,176.85211902956172,36.5,83603200,53096000,16998000,8071000,65269000
2019-04-12,47.38764953613281,92.15299987792969,60.63535690307617,177.70547485351562,35.11399841308594,47.690271947006345,92.57499694824219,60.65122459868756,178.23134688889846,36.17499923706055,46.75381536646613,92.06500244140625,60.167225831691304,176.56442004581427,34.93600082397461,47.466283877663756,92.41999816894531,60.282767929038975,176.61403375744985,36.069000244140625,111042800,62288000,24312000,12329800,156462000
2019-04-15,47.47343826293945,92.24349975585938,60.82379150390625,178.25119018554688,34.887001037597656,47.62117718246721,92.34249877929688,60.961156397142275,179.09457791036886,35.22100067138672,47.18273076972158,90.94499969482422,60.23019825206835,175.49283723280718,34.22700119018555,47.31855473245824,92.0999984741211,60.70278993353485,177.1101504542983,35.07099914550781,70146400,74488000,23796000,10834800,88423000
2019-04-16,47.47819900512695,93.1520004272461,61.0905876159668,177.47723388671875,35.94599914550781,47.98336111335143,93.4885025024414,61.29241832671857,178.76711453729467,36.448001861572266,47.31378207550533,92.4000015258789,60.74990134124958,176.91168003268325,35.27199935913086,47.52824036298592,92.56749725341797,60.99586951444709,177.60622649376955,35.5,102785600,60892000,22622000,11215200,187402000
2019-04-17,48.402748107910156,93.24099731445312,61.498714447021484,177.38796997070312,35.4739990234375,48.462319253167394,93.82350158691406,61.7446826240801,179.33271554893227,36.875999450683594,47.325700783597725,93.02200317382812,61.13968232787188,176.97124201964976,35.060001373291016,47.54730369870625,93.64949798583984,61.342999928729455,178.20159249893595,36.505001068115234,115627200,57870000,30366000,9973700,180541000
2019-04-18,48.57669448852539,93.08450317382812,61.564666748046875,176.891845703125,36.03499984741211,48.64579541672132,93.54100036621094,61.786333956338936,177.4871799403403,36.04100036621094,48.25739402484164,92.9739990234375,61.46251043387367,175.95916246347767,35.16400146484375,48.400362590881734,93.43949890136719,61.73971835147511,177.40780103271302,35.5,96783200,54998000,24750000,11655600,83532000
2019-04-22,48.73634338378906,94.3655014038086,62.17413330078125,180.02725219726562,37.73400115966797,48.834040931260986,94.4209976196289,62.20289491593463,180.2554571040603,37.76900100708008,48.214499587608906,92.28199768066406,61.1629896255075,176.8620881413712,35.900001525878906,48.33126033721687,92.7699966430664,61.3266379946004,176.8620881413712,35.970001220703125,77758000,67476000,19084000,13389900,119805000
2019-04-23,49.43927764892578,96.1884994506836,63.00873565673828,182.34901428222656,38.18899917602539,49.50361549579041,96.46299743652344,63.19916312795564,182.78559068882757,38.47999954223633,48.586218519593615,94.47899627685547,62.08536748310274,180.06691997316187,37.47100067138672,48.712509040814076,94.55999755859375,62.31695486172242,181.31711879933349,37.54499816894531,93292000,92808000,31868000,19954800,100898000
2019-04-24,49.363033294677734,95.0875015258789,62.486053466796875,181.15835571289062,37.42300033569336,49.67756704213216,96.4844970703125,63.1778380265798,183.6984200336972,38.189998626708984,49.33682184606203,94.90799713134766,62.47415458773735,180.23558921854809,37.32699966430664,49.410689482360645,96.25,63.008733957122125,183.05348726817184,38.106998443603516,70162400,73516000,23396000,37289900,65419000
2019-04-25,48.91505813598633,95.11250305175781,62.84756851196289,191.7552032470703,36.83300018310547,49.5060028744457,96.12249755859375,63.118329495542696,196.93455967611376,37.47600173950195,48.87693173068337,95.0155029296875,62.38439754332146,190.62408029934696,36.56999969482422,49.28439996099873,95.8499984741211,62.99435414572165,195.44623921121573,37.44900131225586,74172800,121982000,31344000,54148800,62555000
2019-04-26,48.68154525756836,97.53150177001953,63.34743118286133,189.99899291992188,37.48500061035156,48.848343752952516,97.55000305175781,63.42132151606078,191.39800262786818,37.513999938964844,48.162082930875414,94.9000015258789,62.73152328568411,187.6176711306924,36.624000549316406,48.82451383821142,96.44999694824219,63.14708736238461,191.00112323298583,36.834999084472656,74596400,168652000,27228000,22075000,56219000
2019-04-29,48.75540542602539,96.92150115966797,64.27873229980469,193.26339721679688,37.18299865722656,49.07947258276034,97.81700134277344,64.31692221345482,193.88849673768493,37.45800018310547,48.57669200067746,96.70449829101562,63.06427110185339,189.16554949538525,36.9119987487793,48.70536406711703,97.44999694824219,63.50066293959323,189.46321665485482,37.36800003051758,88818800,80426000,72368000,19641300,38217000
2019-04-30,47.816566467285156,96.32599639892578,59.45658874511719,191.8940887451172,37.05400085449219,48.467082355820594,96.7854995727539,59.55675875734026,195.8530261409919,37.45000076293945,47.444843102407766,95.34750366210938,58.665129875689885,190.78281444731803,36.834999084472656,48.38606647084663,96.50499725341797,59.04350283921932,192.67794590443944,36.95600128173828,186139600,70120000,133178000,23494700,38701000
2019-05-01,50.163673400878906,95.57599639892578,58.18510055541992,191.52700805664062,37.88100051879883,51.30505499845377,97.18199920654297,59.470973972298495,194.65247513536207,38.5989990234375,49.85628424061624,95.52749633789062,58.10377200341703,191.5071595435752,37.31700134277344,50.01117140720834,96.65450286865234,59.38418971821205,193.2633820203702,37.400001525878906,259309200,62340000,74340000,15996600,92573000
2019-05-02,49.837223052978516,95.04100036621094,57.84739303588867,191.03089904785156,37.90599822998047,50.671219159962654,96.07749938964844,58.48561939060794,192.48945437207544,38.349998474121094,49.59417537681596,94.09349822998047,57.441745308851296,188.2725462221717,37.45100021362305,50.00164001010491,95.66649627685547,58.149397554904354,191.49724068974515,37.79999923706055,127985200,79258000,45098000,13209500,53982000
2019-05-03,50.456764221191406,98.12300109863281,58.98994827270508,193.947998046875,38.50299835205078,50.4782089626399,98.22000122070312,59.08168881529715,194.6326278689575,38.50299835205078,50.0945706099009,96.80000305175781,58.19650683878489,192.20170752125662,37.82699966430664,50.25183931905875,97.44999694824219,58.38792177079416,192.86648883169053,38.15299987792969,83569600,127632000,41588000,14575400,51303000
2019-05-06,49.677574157714844,97.52749633789062,59.183841705322266,192.37037658691406,37.867000579833984,49.7633567622048,97.94999694824219,59.28153357323216,192.76725596880635,38.1349983215332,48.490917825549325,95.5250015258789,58.07798005150367,189.06630349973676,37.599998474121094,48.679161066436805,95.89900207519531,58.11963558249348,189.75093330248222,37.76900100708008,129772400,108356000,31774000,13994900,57931000
2019-05-07,48.338409423828125,96.05000305175781,58.45983123779297,188.29237365722656,37.04600143432617,49.42498651293276,97.45500183105469,59.24880824988982,191.39799184008598,37.99100112915039,47.85469202351123,95.16899871826172,57.772511133831586,186.38732541720447,36.58100128173828,49.05802986425357,96.99949645996094,58.80448254772637,191.04079434883323,37.70000076293945,155054800,118042000,36604000,16253000,69749000
2019-05-08,48.34794235229492,95.88849639892578,58.05915069580078,188.0641632080078,36.4370002746582,48.92935733960514,96.76850128173828,58.72812125927446,189.2349831544809,36.900001525878906,48.073916525359294,95.5,57.90294053029143,187.08188141204525,36.13600158691406,48.109657759852,95.94349670410156,58.38197923659754,187.9153372207342,36.79199981689453,105358000,81572000,25520000,12505700,65720000
2019-05-09,47.828487396240234,94.99349975585938,57.9197883605957,187.1811065673828,36.275001525878906,48.05723858660724,95.47000122070312,58.22228848592108,188.29239619539774,36.41999816894531,46.86105245762417,93.80000305175781,57.25875177209827,184.80971645382024,35.275001525878906,47.752234575494825,95.0,57.65349184858847,185.74239974484124,36.09000015258789,139634400,106166000,29556000,12967000,58826000
2019-05-10,47.165889739990234,94.4990005493164,57.90342712402344,186.87353515625,36.104000091552734,47.56536064029775,95.18949890136719,58.331885117699095,188.52061362467137,36.5260009765625,46.11101077401089,92.80000305175781,56.84864546235913,183.15273357155255,35.305999755859375,47.223299584031466,94.9000015258789,57.9629366500334,186.78423955181256,36.1619987487793,164834800,114360000,31650000,12578500,56571000
2019-05-13,44.424644470214844,91.13400268554688,56.3636474609375,180.12644958496094,34.5260009765625,45.324043662968705,92.3270034790039,57.126344703806176,183.98615986841705,35.42599868774414,43.73813514502486,90.9000015258789,55.81369609539224,179.43190309564582,34.310001373291016,44.900658286424814,91.8280029296875,56.79260483461347,182.07119489502122,35.229000091552734,229722400,115668000,45626000,16833300,80267000
2019-05-14,45.12788391113281,92.00599670410156,55.78196334838867,179.32275390625,34.56100082397461,45.376652571018006,92.62200164794922,56.774261749590714,182.0612730435279,34.994998931884766,44.35047683033014,90.7874984741211,55.716006859862674,176.71324251758304,34.25,44.589679009038655,91.9749984741211,56.64780825816616,181.09882467136538,34.87099838256836,146118800,92582000,40392000,17628100,53530000
2019-05-15,45.66848373413086,93.55750274658203,58.06012725830078,184.81967163085938,35.499000549316406,45.86702199876712,93.72149658203125,58.43205324704957,185.8218021340044,35.650001525878906,44.49639441030362,91.1500015258789,55.61037353504548,178.61833528470646,34.138999938964844,44.55619496049758,91.39749908447266,55.66740112729412,179.0152147548677,34.33399963378906,106178800,93852000,59302000,16746900,63401000
2019-05-16,45.467552185058594,95.37850189208984,58.73951721191406,185.53402709960938,35.930999755859375,46.039245266520595,95.87550354003906,59.21855964212482,187.1116430949908,36.400001525878906,45.17094015892705,94.114501953125,57.94359761215228,183.6091302871413,35.39400100708008,45.42688825122322,94.2969970703125,58.11170663709032,183.6091302871413,35.637001037597656,132125600,94156000,35308000,12953100,64415000
2019-05-17,45.209228515625,93.44999694824219,57.9599609375,183.85719299316406,35.44499969482422,45.66371136347926,95.52649688720703,58.82828398541456,186.11943891159655,35.96200180053711,44.673414122943996,93.36650085449219,57.84292818102137,182.8451308275562,35.37900161743164,44.7140780703889,94.65249633789062,58.30957232000944,183.40076805103382,35.638999938964844,131516400,94732000,25362000,10485400,47254000
2019-05-20,43.795536041259766,92.94850158691406,56.76384735107422,181.2972412109375,34.81100082397461,44.09693319133087,93.38899993896484,57.17742890795264,182.79547805695395,35.242000579833984,43.123378349333606,91.7770004272461,56.440519449165286,179.95774700915234,34.540000915527344,43.89839489959819,92.6344985961914,57.17742890795264,180.4637855538148,35.12300109863281,154449200,75964000,30602000,10352000,46215000
2019-05-21,44.635135650634766,92.8759994506836,57.24884033203125,183.38095092773438,35.426998138427734,44.97001729820006,93.94999694824219,57.42538261961597,184.2540887248608,35.643001556396484,44.18064924329761,92.30000305175781,56.69690259812097,182.4581842755685,34.99300003051758,44.30503541950881,93.739501953125,57.25082284796915,183.13289749241818,35.095001220703125,113459200,80102000,20562000,7502800,40264000
2019-05-22,43.72138595581055,92.98400115966797,57.31876754760742,183.87704467773438,35.972999572753906,44.422250430132046,93.57450103759766,57.712017026724645,185.28598627299698,37.04600143432617,43.666370461560184,92.55000305175781,57.07825504628472,182.1803526396487,35.72999954223633,44.17108734343066,92.58899688720703,57.090653338983074,183.291627105776,35.80099868774414,118994400,58732000,18826000,9213800,62294000
2019-05-23,42.97507095336914,90.77400207519531,56.79756546020508,179.461669921875,35.22100067138672,43.185566421251686,92.19999694824219,57.03113533695104,182.46807593433465,35.742000579833984,42.53254539430105,90.20999908447266,56.19356022860048,178.27101662366948,34.77000045776367,43.00855911757338,91.82949829101562,56.83376907485774,180.99960403788043,35.54999923706055,146118800,88486000,25214000,12768800,56304000
2019-05-24,42.81002426147461,91.16400146484375,56.46382522583008,179.6501922607422,35.43899917602539,43.56829490792796,92.08799743652344,57.24486836060925,182.20018848372345,35.944000244140625,42.726302019305706,90.89250183105469,56.36960275599148,179.42198737159669,35.37900161743164,43.104241988346736,91.79450225830078,57.12783560846031,180.91030777380982,35.54100036621094,94858800,67394000,18554000,8807700,38310000
2019-05-28,42.63300704956055,91.82150268554688,56.51093673706055,182.8748779296875,35.50600051879883,43.19752438710172,92.4635009765625,57.35049814373282,183.27177243573908,36.119998931884766,42.55646424358909,91.36750030517578,56.466799275668336,180.03714655632237,35.3650016784668,42.7980571514169,91.63749694824219,56.60615046527899,180.12644214269247,35.43899917602539,111792800,64000000,20948000,14843300,47171000
2019-05-29,42.42970275878906,90.95950317382812,55.53798294067383,180.77142333984375,34.91899871826172,42.900931555316085,91.5,56.28480881348524,183.12296505399598,35.3849983215332,42.09960243535015,90.37650299072266,55.14175593690512,179.9379674335594,34.59000015258789,42.20006695771477,91.15599822998047,56.170749826952495,182.07122091416383,35.36000061035156,113924800,85580000,36230000,12797700,56589000
2019-05-30,42.649749755859375,90.81600189208984,55.610877990722656,181.58502197265625,35.185001373291016,42.87220603302129,91.47350311279297,55.878169570146916,182.0513636181961,35.42100143432617,42.25984903144603,90.3915023803711,55.33763507998775,179.4815337944626,34.83000183105469,42.56602753223366,91.27449798583984,55.548394687102004,181.65448419815255,35.05500030517578,84873600,62938000,18088000,8581500,40080000
2019-05-31,41.87712860107422,88.75350189208984,54.87148666381836,176.08816528320312,34.327999114990234,42.57559854863849,89.77950286865234,55.2136560321265,179.13425344749643,34.933998107910156,41.857991988135176,88.63500213623047,54.71527652351709,175.78058146081298,34.29199981689453,42.154600363851024,89.50050354003906,54.828839872947505,178.87628333774524,34.72200012207031,108174400,92376000,31582000,15226500,50234000
2019-06-03,41.4537353515625,84.6344985961914,51.511260986328125,162.87185668945312,33.66299819946289,42.558848170609615,88.31449890136719,52.912676521319256,173.68699403372227,34.76599884033203,40.72895309362441,83.5999984741211,50.930561642121816,159.75630658520944,33.26499938964844,42.00390105344583,88.00050354003906,52.90920711845489,173.63738032563361,34.35599899291992,161584400,181974000,96890000,56059600,78496000
2019-06-04,42.97028732299805,86.47799682617188,52.292301177978516,166.19578552246094,35.34000015258789,43.01573632949458,86.54100036621094,52.488184333554216,166.96971095429262,35.361000061035156,41.74557310553312,84.04450225830078,51.376866936082195,159.58763901376403,34.32500076293945,41.96563871336283,84.96199798583984,51.79639981884811,162.43530246984187,34.5,123872000,113582000,60512000,46044300,78916000
2019-06-05,43.66396713256836,86.92500305175781,51.8038444519043,166.86056518554688,35.573001861572266,44.25001543111583,87.5999984741211,52.40735790327319,167.40628571280695,35.78799819946289,43.32908551905767,85.76249694824219,51.226618255402414,163.34813557914495,34.87099838256836,44.080180266448075,87.4800033569336,52.31759986722469,166.17593535498227,35.4379997253418,119093600,84796000,46988000,19758300,50201000
2019-06-06,44.30502700805664,87.71800231933594,51.95856475830078,167.01931762695312,35.7130012512207,44.36482755162113,88.0,52.069646185885304,168.37864541840986,35.82099914550781,43.57067458111561,86.30650329589844,51.35108630948426,165.92787660754973,35.20899963378906,43.793134501142,86.885498046875,51.88170064785095,166.98955243005832,35.48400115966797,90105200,73786000,29020000,12446400,37100000
2019-06-07,45.48430252075195,90.20149993896484,52.98060989379883,172.000244140625,36.08700180053711,45.90769148933359,90.3125,53.23153811813064,172.51618434341103,36.51499938964844,44.43659923654732,87.97450256347656,52.126667734954445,167.52535084122192,35.569000244140625,44.61360655057878,88.18499755859375,52.281886608217675,168.84499682676795,35.73899841308594,122737600,96164000,43828000,16917300,47773000
2019-06-10,46.065574645996094,93.03150177001953,53.6942138671875,173.45880126953125,35.20100021362305,46.73294738855598,94.24349975585938,54.29326277551675,176.47512416844333,36.709999084472656,45.8359388555826,90.9000015258789,53.323279120792726,172.44673908569467,34.92900085449219,45.88138787190985,91.0999984741211,53.40857269826691,173.38933904535602,36.3650016784668,104883600,107420000,28510000,14767900,78103000
2019-06-11,46.59898376464844,93.18499755859375,53.60892105102539,176.71327209472656,35.12699890136719,46.8836349896468,94.68499755859375,54.74800885389501,178.57862361960088,35.757999420166016,46.309551123217446,92.9000015258789,53.53602575753216,175.4134593855052,34.849998474121094,46.61094460560243,94.1624984741211,54.39988435915306,177.09030301848856,35.5,107731600,80854000,33508000,15266600,53967000
2019-06-12,46.450679779052734,92.76599884033203,53.512718200683594,173.67709350585938,34.555999755859375,46.87645943951271,93.25,53.68231410693232,177.87416869885485,35.361000061035156,46.25931727268128,92.21900177001953,53.04160963310708,171.53392324601023,34.323001861572266,46.39326993216043,92.6989974975586,53.55486936276625,176.991099039663,35.18199920654297,73012800,53566000,23670000,17699800,45847000
2019-06-13,46.44111251831055,93.51499938964844,54.10333251953125,176.08816528320312,34.34299850463867,47.072606273434246,94.15450286865234,54.38004480880094,176.64380252880846,34.849998474121094,46.30955420885947,93.11100006103516,53.68479468300071,173.25043351602207,33.92499923706055,46.57267447769808,93.33599853515625,53.79091602897306,174.16326829665647,34.722999572753906,86698400,55916000,20814000,12253600,62093000
2019-06-14,46.10383987426758,93.4834976196289,53.86976623535156,179.9180908203125,33.972999572753906,46.30715958311369,93.80000305175781,54.28929914113113,180.42411429724524,34.34000015258789,45.52018583958195,92.94999694824219,53.630744430671754,178.59844493813893,33.61600112915039,45.8191886319466,93.19999694824219,54.04035719000536,179.10446841507166,34.16299819946289,75046000,57024000,24582000,16773700,50190000
2019-06-17,46.37891387939453,94.30149841308594,54.246158599853516,187.53831481933594,35.0620002746582,46.6348619824245,94.78450012207031,54.61262895010507,188.02450500562728,35.176998138427734,45.96748580812443,93.77249908447266,53.954074216816096,182.97414066835898,34.20600128173828,46.142102390137104,93.82499694824219,54.00862367387797,183.56945983240976,34.26900100708008,58676400,52686000,19770000,29459900,53582000
2019-06-18,47.46967315673828,95.06849670410156,54.80900573730469,187.0025177001953,35.71200180053711,47.909804303689334,96.08350372314453,55.480454366679965,193.01533031426763,36.150001525878906,46.69466040883223,94.989501953125,54.588329772186036,185.8217809719573,35.375,46.89558936940522,95.06749725341797,55.11943973209184,192.48945826320056,35.55699920654297,106204000,77914000,34526000,37571400,54285000
2019-06-19,47.33094787597656,95.43949890136719,54.77281188964844,186.0201873779297,36.35200119018555,47.811746732774715,95.97899627685547,55.016797593980236,186.635370058449,36.4739990234375,47.19699520042928,94.62349700927734,54.35228765179372,183.11300901764807,35.61199951171875,47.76390336299069,95.39199829101562,54.90819429347713,185.5439291252509,36.172000885009766,84496800,57906000,26714000,21417100,56672000
2019-06-20,47.711280822753906,95.90950012207031,55.203739166259766,188.0542449951172,36.520999908447266,47.98636194123762,96.76000213623047,55.675838985558876,189.6715580302563,37.012001037597656,47.36921971853001,95.29000091552734,54.89627896145822,186.17896187080584,36.12200164794922,47.928952089147415,96.66649627685547,55.625254564981795,189.46318650978696,36.590999603271484,86056000,64344000,24018000,14635700,58995000
2019-06-21,47.54861831665039,95.56500244140625,55.8072509765625,189.65171813964844,36.92100143432617,48.04376867773491,96.29750061035156,55.866756716615136,190.50502249182557,37.14500045776367,47.397919745896615,95.37899780273438,55.03116416034196,187.2803281006879,36.5,47.553403383165076,95.80500030517578,55.038106748909904,187.2803281006879,36.5,191202400,78672000,50774000,22751200,74484000
2019-06-24,47.500789642333984,95.69499969482422,55.3773078918457,191.100341796875,37.104000091552734,47.87872968624275,95.84300231933594,55.71799417825217,192.46958624375878,37.5,47.40271583063661,95.06500244140625,55.2091988625177,190.0783630194278,37.02000045776367,47.49121950708015,95.63300323486328,55.54095626027802,190.92173547946894,37.027000427246094,72881600,45660000,24236000,15509000,48302000
2019-06-25,46.78078079223633,93.91349792480469,53.93324279785156,187.36964416503906,36.029998779296875,47.66343393459677,95.81950378417969,55.32771569465771,191.63616639200853,37.099998474121094,46.71380081144238,93.62100219726562,53.78546213142027,186.66518086871397,35.82899856567383,47.464895650291474,95.59200286865234,55.29697156523066,191.37819626292872,37.07500076293945,84281200,60246000,31644000,16750300,57504000
2019-06-26,47.7926025390625,94.8915023803711,53.573219299316406,186.19883728027344,36.220001220703125,48.07725375444767,95.19000244140625,54.307155041568436,189.2746908431183,36.67900085449219,47.20655785147097,94.36599731445312,53.24443945323548,185.85155640931626,36.15999984741211,47.30702234220642,94.6240005493164,54.1028423919935,188.0641888483275,36.15999984741211,104270000,48838000,34698000,12808600,36697000
2019-06-27,47.778263092041016,95.21399688720703,53.390228271484375,188.0244903564453,37.00199890136719,48.21600368750745,95.56199645996094,53.976878905152184,197.3314594204653,37.084999084472656,47.73759914382003,94.9020004272461,53.35154651318348,186.80407178224405,36.31999969482422,47.90982142160545,95.0999984741211,53.892080954369916,188.40153639562095,36.31999969482422,83598800,42834000,24078000,11159000,41386000
2019-06-28,47.3429069519043,94.68150329589844,53.69620895385742,191.49722290039062,36.731998443603516,47.720846929488616,95.64700317382812,53.69620895385742,191.69566259042654,37.15399932861328,47.13480217086817,94.19999694824219,53.24989688757372,188.46105173690523,36.48699951171875,47.524699340515674,95.45500183105469,53.41999223683818,189.0663026325004,37.0260009765625,124442400,60748000,33672000,16378900,45927000
2019-07-01,48.211212158203125,96.1094970703125,54.54914855957031,191.49722290039062,37.459999084472656,48.91446732715429,96.49099731445312,54.975128394766415,193.75946867475142,37.66600036621094,47.99592795243673,95.73300170898438,54.317561206298834,190.43554709173276,37.20000076293945,48.59871861867151,96.14900207519531,54.60072045371423,193.6900215962289,37.349998474121094,109012000,63842000,29196000,14181800,49926000
2019-07-02,48.493465423583984,96.71549987792969,55.173980712890625,193.48165893554688,37.542999267578125,48.5891485023053,96.739501953125,55.18836151791377,193.48165893554688,37.599998474121094,48.165759547562075,95.33149719238281,54.53278068339767,191.20949637168923,37.03099822998047,48.177720388644275,95.96900177001953,54.78866518382662,191.49723166441305,37.48899841308594,67740800,52918000,20630000,9050000,36250000
2019-07-03,48.89533233642578,96.94999694824219,55.68922805786133,195.66452026367188,38.172000885009766,48.902508111863035,97.07949829101562,55.93717873539222,195.8629599570674,38.19900131225586,48.483904178318824,96.5250015258789,55.28556287173762,192.64819756011687,37.58399963378906,48.625032628500364,96.79450225830078,55.46656580697558,192.64819756011687,37.66899871826172,45448000,33806000,20154000,10246100,37990000
2019-07-05,48.85227584838867,97.14550018310547,56.16925811767578,194.87075805664062,38.05500030517578,49.055599226493996,97.29499816894531,56.26744561773774,195.53555453641823,38.13999938964844,48.534136409086,96.26499938964844,55.416976607105475,192.65812581940315,37.555999755859375,48.64178034451634,96.43000030517578,55.509708405291306,194.65246983879882,37.82899856567383,69062000,52568000,29794000,11164100,37322000
2019-07-08,47.84523010253906,97.61599731445312,55.38176727294922,194.23573303222656,37.61600112915039,48.17532669133114,97.80000305175781,55.89849638868421,195.14856774691674,37.82500076293945,47.46011437400138,96.4124984741211,55.13232971119803,192.13224500011347,37.5359992980957,48.0341982544595,96.70600128173828,55.832044276038815,193.67017914094146,37.819000244140625,101354400,57668000,29888000,9723900,31134000
2019-07-09,48.13705825805664,99.41500091552734,55.75369644165039,197.65887451171875,37.99300003051758,48.20164023244244,99.50050354003906,55.93073435346147,197.90692790744453,38.47600173950195,47.555794939029724,97.17400360107422,54.903719240110554,193.372504566388,37.75,47.64908366307894,97.38999938964844,55.060920642793654,193.45188346981755,37.90599822998047,82312000,86914000,29472000,14698600,69328000
2019-07-10,48.613059997558594,100.87049865722656,56.57788848876953,201.15145874023438,38.099998474121094,48.73266109242535,101.24700164794922,56.64880126928357,201.37967876885,38.433998107910156,48.21359277869593,99.7699966430664,56.06958879558915,198.1152875488734,36.268001556396484,48.28296345768267,99.82550048828125,56.151908609835765,198.4427198534289,38.277000427246094,71588400,98638000,30710000,20571700,58788000
2019-07-11,48.25904846191406,100.05349731445312,56.73508834838867,199.6631317138672,37.95000076293945,48.890542184265826,101.79000091552734,57.18933423160669,202.21312784653057,38.45399856567383,48.24948197897164,99.76499938964844,56.509456077249816,198.651084776992,37.880001068115234,48.63220334558516,101.28099822998047,56.838235934753826,201.67732404232368,38.11000061035156,80767200,86356000,26004000,13678500,43363000
2019-07-12,48.62980651855469,100.55000305175781,56.79756546020508,203.27479553222656,37.32500076293945,48.79724732350111,100.8499984741211,56.90468185042832,203.70145525331952,37.9739990234375,48.36668264654188,100.19349670410156,56.46134742073141,197.60926435057237,37.27899932861328,48.42648319473245,100.41349792480469,56.678054562551374,198.12520452215628,37.86800003051758,70380800,50186000,21878000,15366300,66369000
2019-07-15,49.08668518066406,101.04949951171875,57.053951263427734,202.32228088378906,36.65999984741211,49.244555859075206,101.1449966430664,57.06238073945204,203.73122239343607,37.36800003051758,48.797248912027776,100.07749938964844,56.53275766886727,200.24855807212413,36.22999954223633,48.81877623409258,101.06999969482422,56.797567312446006,202.65962987765283,37.29399871826172,67789600,59626000,21164000,16030300,79447000
2019-07-16,48.91686248779297,100.49500274658203,57.20024490356445,202.25283813476562,36.5989990234375,49.301978274892384,101.31600189208984,57.45414694239544,203.8701513198379,37.13399887084961,48.67766022623897,100.06099700927734,56.866501193341406,201.51860968214015,36.492000579833984,48.93838981534798,100.52899932861328,56.866501193341406,202.3024518480462,37.00899887084961,67467200,52364000,25352000,12132700,58632000
2019-07-17,48.64177703857422,99.60150146484375,56.86699676513672,200.22872924804688,36.24399948120117,49.05798660085317,100.5999984741211,57.44720047303278,202.76879391744066,36.650001525878906,48.622640421352486,99.60150146484375,56.861045434017086,200.02035770783237,36.17499923706055,48.80921787684371,100.35250091552734,57.07428317923879,202.5901875772597,36.625,56430000,51176000,19538000,12083700,136395000
2019-07-18,49.1943244934082,98.8949966430664,56.891788482666016,199.21665954589844,32.520999908447266,49.246949268510306,99.375,56.93790846039602,200.8935030713905,32.98500061035156,48.725486583390186,97.57749938964844,56.17868433807798,197.8275664632312,32.029998779296875,48.797247972159944,99.00050354003906,56.63193513480286,198.59156008870863,32.375999450683594,74162400,69738000,25450000,11937900,312871000
2019-07-19,48.459983825683594,98.22599792480469,56.11372375488281,196.8155059814453,31.510000228881836,49.39526551603992,99.80000305175781,57.10701346740965,200.7545954984619,32.584999084472656,48.40496832917344,98.11150360107422,56.09884731784858,196.52777067611243,31.42300033569336,49.22543030950413,99.56050109863281,56.99494077721943,200.60575436261726,32.34000015258789,83717200,63712000,23184000,12098300,163025000
2019-07-22,49.56748580932617,99.28150177001953,56.49357986450195,200.7446746826172,31.062000274658203,49.56987651762095,99.44999694824219,56.533748511850774,200.99272809727643,31.45400047302246,48.7039656231899,97.91300201416016,55.79932096005546,197.26199505121497,30.58099937438965,48.71353210630533,98.55699920654297,56.30811247619203,198.35343613170718,31.200000762939453,89111600,58000000,28914000,13589000,177180000
2019-07-23,49.954994201660156,99.72450256347656,56.93196487426758,200.7843475341797,30.729999542236328,49.971740110187,99.8895034790039,56.972133526455515,202.64971397328844,31.350000381469727,49.58423000504602,98.65650177001953,56.17819635145037,199.39525453057416,30.600000381469727,49.864099833734244,99.79949951171875,56.703850666264636,201.26060582970467,31.143999099731445,73420800,54070000,20648000,14583700,91711000
2019-07-24,49.91432571411133,100.04049682617188,56.51936721801758,203.06643676757812,31.79400062561035,50.02914175520972,100.06500244140625,56.80351773742075,203.21526274994375,31.999000549316406,49.55552239198474,98.29350280761719,55.9629650578798,195.68436524268566,30.725000381469727,49.67512349936027,98.46499633789062,56.166782066704464,196.09117644778885,31.051000595092773,59966400,52626000,27192000,32532500,119618000
2019-07-25,49.51964569091797,98.69100189208984,56.3314208984375,199.14720153808594,32.645999908447266,50.050674922943,100.05999755859375,56.710785142445566,207.03529675765213,32.76900100708008,49.450275001634395,98.63600158691406,55.72493373698606,196.7162660667918,31.6299991607666,49.9669526841349,100.05000305175781,56.480684667806266,205.0905514086125,31.88599967956543,55638400,82730000,54762000,39889900,107985000
2019-07-26,49.691871643066406,97.15249633789062,61.75063705444336,198.19468688964844,33.577999114990234,50.1678817358878,97.54499816894531,62.899637505813864,201.3003206203723,33.599998474121094,49.54834884778114,96.22550201416016,60.89669476444316,194.72193893413518,32.75,49.62967672847252,97.0999984741211,60.89669476444316,198.63126334073826,32.87900161743164,70475600,98542000,121216000,24434000,108475000
2019-07-29,50.155914306640625,95.62249755859375,61.5830192565918,194.41432189941406,33.27000045776367,50.38555001894711,96.61150360107422,61.93759072921905,198.07559225520936,33.63999938964844,49.85930592191719,94.5270004272461,61.00578929366304,193.77930584447782,32.87699890136719,49.864090987781196,96.5,61.615749687673656,197.45049288520224,33.597999572753906,86693600,89864000,41382000,16530800,57828000
2019-07-30,49.940635681152344,94.92649841308594,60.89669418334961,195.50576782226562,32.59299850463867,50.27073588947548,95.49449920654297,61.33854176111026,197.16277791456997,32.96500015258789,49.58900815053056,94.17400360107422,60.763789942979905,191.99333821876863,32.323001861572266,49.93585061510733,94.55599975585938,60.8471010159969,193.86862138181795,32.91999816894531,135742800,58218000,28616000,11903600,60293000
2019-07-31,50.95964813232422,93.33899688720703,60.410709381103516,192.7176513671875,32.29899978637695,52.952203406591565,94.97750091552734,61.23935945357767,197.2123779524002,33.176998138427734,50.54343853369576,92.47200012207031,59.913816715019806,191.17971719472445,31.85300064086914,51.76815294335434,94.90550231933594,60.74147552949135,195.4164736835156,32.51599884033203,277125600,89414000,39960000,14593500,62595000
2019-08-01,49.85690689086914,92.76599884033203,60.09234619140625,191.22933959960938,31.950000762939453,52.15324919895179,94.89600372314453,61.30829448026775,196.92465161169306,32.858001708984375,49.45265828667918,92.20050048828125,59.85530309041293,189.3937533631913,31.874000549316406,51.165343061942444,93.58599853515625,60.38244808365186,192.65812973086238,32.42499923706055,216071600,94266000,35426000,17777000,65632000
2019-08-02,48.80203628540039,91.16200256347656,59.32567596435547,187.5482177734375,31.882999420166016,49.3785108420285,92.31800079345703,59.97927059539974,191.1201776277815,31.94099998474121,48.230343145055464,90.4010009765625,59.01226441458213,186.60561788715137,31.18000030517578,49.163230311330075,92.25350189208984,59.65693772407873,189.61202386571483,31.749000549316406,163448400,99124000,34910000,15297000,62803000
2019-08-05,46.24736022949219,88.25650024414062,57.26420974731445,180.3149871826172,30.76300048828125,47.517523540558116,89.43350219726562,58.361641987549525,184.22431149023885,31.341999053955078,46.065567840975476,87.43900299072266,56.669129618729926,177.9435971014936,30.468000411987305,47.35965283602837,88.51100158691406,58.16774134419946,183.25194632650906,31.09600067138672,209572000,121164000,47840000,23086700,86925000
2019-08-06,47.122833251953125,89.3915023803711,58.07401657104492,183.0733184814453,31.010000228881836,47.37878135711824,89.6884994506836,58.58578561785265,184.34335062688226,31.187999725341797,46.41479313620579,87.66999816894531,57.600429870284124,181.66437704322547,30.530000686645508,46.957783150481916,89.61150360107422,57.7982955394837,182.25971123513918,31.058000564575195,143299200,101406000,36014000,18035700,61791000
2019-08-07,47.610801696777344,89.66999816894531,58.31354904174805,183.7083282470703,30.429000854492188,47.73518785600527,89.94650268554688,58.509924078630355,184.91882995975232,30.5,46.362169638518694,87.8499984741211,57.07032223130082,179.80893635783994,29.680999755859375,46.74250023988225,88.69950103759766,57.41546921640072,182.17040939405186,30.256000518798828,133457600,90538000,30686000,15833200,93224000
2019-08-08,48.660911560058594,91.64450073242188,59.81513214111328,188.67935180664062,31.59000015258789,48.68483324483393,91.71299743652344,59.81959280201801,188.8579429969137,31.63599967956543,47.69453608408315,89.90550231933594,58.21882466903236,182.61692578382804,30.663000106811523,47.888289320978814,90.30000305175781,58.83522822791274,185.16690699814845,31.10300064086914,108038000,74024000,30116000,14828900,59059000
2019-08-09,48.259918212890625,90.37899780273438,58.95771789550781,186.3873291015625,30.89299964904785,48.6849121066314,91.55449676513672,59.729340362682485,189.49294734581133,31.663999557495117,47.85172652260763,90.11100006103516,58.758860947292085,185.66300227944083,30.56800079345703,48.33435204748465,91.44750213623047,59.507673130205106,188.52058226594917,31.374000549316406,98478800,57596000,20418000,11058800,53491000
2019-08-12,48.13745880126953,89.24600219726562,58.24361801147461,183.92662048339844,31.08300018310547,48.51443488116721,90.04900360107422,58.79456449803921,186.12933577038334,31.288999557495117,47.8181106881789,88.8499984741211,57.956989332399154,183.0237176614181,30.323999404907227,47.93096316663212,89.79949951171875,58.51636529528973,185.39510743470652,30.54599952697754,89927600,58110000,22064000,10930900,65317000
2019-08-13,50.17599868774414,91.21700286865234,59.34600830078125,186.982666015625,31.22800064086914,50.93715015941955,91.58699798583984,59.77744389378323,189.88985998710254,31.64299964904785,48.13745486807871,89.0,58.16874185281559,183.9266460473053,30.81599998474121,48.267116866849314,89.1500015258789,58.23618144876817,184.07548718412679,30.976999282836914,188874000,79880000,28434000,13577000,52894000
2019-08-14,48.68251419067383,88.14800262451172,57.735321044921875,178.3107147216797,29.910999298095703,49.56852452960049,89.78250122070312,58.65472037886696,184.54181498851472,30.840999603271484,48.644095544305394,87.86100006103516,57.57762400887697,177.91382019323206,29.801000595092773,48.780960598066514,89.65049743652344,58.32147609646405,184.35329197999934,30.801000595092773,146189600,97872000,35430000,18903700,73558000
2019-08-15,48.44000244140625,88.80599975585938,57.98674011230469,181.16827392578125,29.576000213623047,49.25637851041577,89.4000015258789,58.33882964015556,181.77352481513753,30.062999725341797,47.94297083087483,88.0979995727539,57.67333234515644,178.6282095835575,28.799999237060547,48.852993722567405,89.09950256347656,57.94260643286453,179.54104426029556,29.950000762939453,108909600,75182000,28506000,12925900,96292000
2019-08-16,49.582923889160156,89.62850189208984,58.47718811035156,182.2696533203125,30.280000686645508,49.741398036109004,90.14550018310547,58.70679297193072,183.65876158169613,30.354999542236328,48.94422771907175,89.22750091552734,58.169236033164765,180.94009059840005,29.62700080871582,49.049877150370975,89.64450073242188,58.55554289281411,182.3192670332154,29.88599967956543,110481600,60360000,24916000,12654600,69058000
2019-08-19,50.50736999511719,90.80599975585938,59.52998352050781,184.7204132080078,30.937999725341797,51.07883190639441,91.30000305175781,59.97381736609162,186.0400591779072,31.174999237060547,50.43053268655295,90.63050079345703,59.03209963385325,183.41069906418429,30.475000381469727,50.57219735243816,90.90399932861328,59.10301240998297,184.56165539058108,30.625,97654400,56326000,24450000,9691200,49422000
2019-08-20,50.509761810302734,90.06900024414062,58.6914176940918,182.37879943847656,29.89900016784668,51.2276951856261,90.84100341796875,59.40899011785179,184.55174988369748,30.5,50.50015898015101,89.99400329589844,58.667616151780344,180.9698577884201,29.76799964904785,50.634620585098965,90.7249984741211,59.2775765475695,184.00602931572288,30.457000732421875,107537200,38590000,20206000,10083400,73499000
2019-08-21,51.05721664428711,91.177001953125,59.09061813354492,182.12083435058594,29.7810001373291,51.29972750063154,91.47899627685547,59.53593889627519,184.45252754721943,30.288000106811523,50.807502749106995,90.75,58.909119551268375,181.71402308505247,29.6200008392334,51.14125698244228,90.96949768066406,59.30088211482607,183.55954124042023,30.160999298095703,86141600,40636000,14152000,8398200,56854000
2019-08-22,51.01398849487305,90.23300170898438,59.08763885498047,180.62255859375,29.69300079345703,51.489407284634304,91.47049713134766,59.44766221200768,182.67644803012516,30.033000946044922,50.603397042031474,90.00499725341797,58.462306455222475,178.50915390325136,29.315000534057617,51.189268512143016,91.4000015258789,59.20070279076517,182.001734903691,29.864999771118164,89014800,53070000,17352000,10821400,49742000
2019-08-23,48.65610885620117,87.48100280761719,57.20619201660156,176.36598205566406,29.143999099731445,50.91555498677708,90.24500274658203,59.29344073521031,181.70409651204378,29.900999069213867,48.26232683356407,87.2614974975586,57.02865847577189,175.2844727753875,29.031999588012695,50.286461469002404,89.65149688720703,58.7727427748867,179.4319187008426,29.5,187272000,105416000,36254000,17323400,63249000
2019-08-26,49.580535888671875,88.44349670410156,58.078975677490234,178.95565795898438,29.49799919128418,49.74861290398016,88.5,58.11269736465062,179.09456726705497,29.69499969482422,49.23717515529538,87.17549896240234,57.26917090695185,176.85216982535022,29.25,49.429264742992345,88.34549713134766,57.49728508668494,178.0031261750868,29.52400016784668,104174400,61600000,21166000,8773600,46957000
2019-08-27,49.02107238769531,88.09149932861328,58.06112289428711,179.88833618164062,29.10300064086914,50.07515974076012,88.97000122070312,58.76431065349717,182.60699186900402,29.677000045776367,48.86980125519638,87.33399963378906,57.750688918009565,179.60058574729803,28.719999313354492,49.90948253160488,88.7864990234375,58.665131895722865,180.51342048042534,29.45400047302246,103493200,60394000,23460000,14399600,63094000
2019-08-28,49.35002136230469,88.2125015258789,58.2064208984375,180.34475708007812,29.177000045776367,49.39564304574739,88.39299774169922,58.44197328276813,180.5332801059123,29.281999588012695,48.819378019890564,87.20249938964844,57.536954833287844,177.52687379913462,28.774999618530273,49.00666433648422,87.75,57.76606025793555,179.12433846544053,28.94700050354004,63755200,48394000,16810000,9386100,39557000
2019-08-29,50.18561553955078,89.31999969482422,59.22252655029297,184.1250762939453,29.67799949645996,50.260053051987526,89.92749786376953,59.467995305199445,184.63109975557398,29.993000030517578,49.621356699521705,88.86250305175781,58.77819707980944,182.04142177669345,29.499000549316406,50.0631602076527,89.1500015258789,58.8347290486105,182.33908887058334,29.5,83962000,60302000,19636000,10128700,43885000
2019-08-30,50.12078857421875,88.81449890136719,59.03854751586914,184.2242889404297,29.375,50.53137647269659,89.98699951171875,59.52552378949316,185.34549510237474,29.893999099731445,49.751015456218866,88.22850036621094,58.80001756048857,182.03150546226252,29.084999084472656,50.461745870992495,89.87449645996094,59.52552378949316,185.32564659208103,29.878000259399414,84573600,61174000,18064000,10774500,44464000
2019-09-03,49.390838623046875,89.49199676513672,57.998146057128906,180.9698486328125,28.929000854492188,49.69818045135938,90.04000091552734,58.96663910917383,184.22430822265585,29.389999389648438,49.03547532102372,88.4000015258789,57.70853983655242,180.69203001953164,28.805999755859375,49.56611865080238,88.5,58.6081026279347,182.56731322916687,29.082000732421875,80092000,70860000,25908000,9779400,36828000
2019-09-04,50.22882843017578,90.03099822998047,58.628929138183594,185.68284606933594,29.152000427246094,50.29845901885149,90.38150024414062,58.758360180871236,186.28809694997892,29.238000869750977,49.779821963278366,89.8115005493164,58.09633231531948,182.45815198098745,28.650999069213867,50.03673886776175,90.25,58.48908610398832,183.21222884048626,29.125,76752400,46482000,21312000,11308000,46525000
2019-09-05,51.21089172363281,92.03600311279297,60.1126708984375,189.41357421875,29.325000762939453,51.376568957870155,92.0999984741211,60.202428928101156,189.86999914606272,29.39699935913086,50.785894078911504,90.77899932861328,59.145660927110434,186.4766303785772,28.27899932861328,50.903549829089826,91.09750366210938,59.19376342201617,187.06203278145225,28.531999588012695,95654800,66216000,26394000,13876700,89668000
2019-09-06,51.20608139038086,91.67549896240234,59.82157516479492,186.03013610839844,29.017000198364258,51.48461108870742,92.03250122070312,60.15035498422867,188.72895835213058,29.334999084472656,51.0259981022255,91.31999969482422,59.66982568519,184.8990131930091,28.702999114990234,51.39577117230135,91.91100311279297,59.961418199155226,188.72895835213058,29.334999084472656,77449200,49938000,18972000,15226800,51666000
2019-09-09,51.424591064453125,91.56749725341797,59.76950454711914,187.29025268554688,29.43400001525879,51.96964425782235,92.5,60.52724177884461,187.50854091088968,30.155000686645508,50.680248893016675,91.23049926757812,59.16946434430124,184.40292232302065,29.059999465942383,51.58546505309072,92.05000305175781,59.859262573889204,186.26827378506894,29.481000900268555,109237600,59990000,31854000,14722400,82327000
2019-09-10,52.032066345214844,91.02749633789062,59.79082489013672,184.7204132080078,28.798999786376953,52.05127566981013,91.29049682617188,60.00406261937737,186.63539342326803,29.716999053955078,50.833914491991756,90.26699829101562,59.310295610082676,183.1130319415039,28.266000747680664,51.3501518092004,91.13749694824219,59.314264425007416,185.98052878136687,29.115999221801758,127111600,52278000,27922000,15455900,123202000
2019-09-11,53.68643569946289,91.14949798583984,60.49996566772461,187.0223388671875,28.82699966430664,53.71525152055803,91.6709976196289,60.622454120354114,187.96493871863368,29.264999389648438,52.27938461882768,90.4540023803711,59.62122688756313,184.63110056048305,28.461000442504883,52.3610251708255,90.60700225830078,59.70106854982847,185.00814655705247,28.56999969482422,177158400,48656000,23522000,11761700,74059000
2019-09-12,53.56637954711914,92.17749786376953,61.24233627319336,186.0102996826172,28.88599967956543,54.365949877044244,92.68299865722656,61.6117803963693,189.44335053484764,29.273000717163086,53.51115502500784,91.71399688720703,60.626920181517946,185.77216294917596,28.65999984741211,53.976971102844466,91.88150024414062,60.67204890408515,188.38168977071138,28.809999465942383,128906800,56470000,31644000,11419800,50109000
2019-09-13,52.5242805480957,91.96700286865234,61.493255615234375,185.7324676513672,29.415000915527344,53.0141053694766,92.30599975585938,61.54384003595526,186.50639305418997,29.66200065612793,52.108889549511616,91.75849914550781,60.85106426113396,185.08751972236277,29.003999710083008,52.82441929408482,92.10050201416016,61.10050182835218,185.87137695084874,29.06100082397461,159053200,39426000,23676000,11441100,65831000
2019-09-16,52.8004264831543,90.39199829101562,61.07670211791992,184.77000427246094,29.429000854492188,52.85565467101706,91.28450012207031,61.44317244751189,186.3277716375968,29.743000030517578,52.238567419766575,90.01000213623047,60.75733924092804,184.3235112131533,28.97800064086914,52.279385864836165,91.20099639892578,61.01768821978675,185.4744673984853,29.42300033569336,84632400,73510000,28218000,8444800,53074000
2019-09-17,52.99251174926758,91.12750244140625,60.98991775512695,186.6155548095703,29.860000610351562,53.02132756869173,91.19950103759766,61.24381977351142,186.85369154834166,29.915000915527344,52.61313582378596,90.20500183105469,60.66609421799294,184.09532352917387,29.179000854492188,52.81483190453855,90.35399627685547,61.0767020090676,185.20661317012724,29.450000762939453,73274800,39648000,20806000,9671100,47771000
2019-09-18,53.48954391479492,90.87300109863281,61.12728500366211,186.67506408691406,29.1560001373291,53.508753239988586,91.10299682617188,61.305314179116046,187.60774728326058,29.604999542236328,52.6899736146539,89.7750015258789,60.32491842507922,184.56164429689392,28.7450008392334,53.07895237436418,90.85199737548828,61.00777409952357,186.62545037945307,29.499000549316406,101360000,50112000,17440000,9681900,78111000
2019-09-19,53.05494689941406,91.07499694824219,61.42978286743164,188.6595001220703,28.65999984741211,53.72725500568296,91.62850189208984,61.70699079794406,189.61203187411297,29.381000518798828,52.913278574917605,90.8949966430664,61.11042377402852,186.6849895362617,28.34000015258789,53.3070606073627,91.0510025024414,61.11091940299707,187.19102818015065,29.1560001373291,88242400,40630000,16554000,10392700,84613000
2019-09-20,52.279396057128906,89.70800018310547,60.987937927246094,188.4511260986328,27.075000762939453,53.43913327128083,91.53150177001953,61.63062495673353,191.59645660587978,28.25,52.21696848140543,89.0459976196289,60.677503925418364,186.65522186388125,26.600000381469727,53.15580389245296,91.08550262451172,61.1763790958977,189.17545294401287,28.025999069213867,221652400,106838000,37692000,19934200,238328000
2019-09-23,52.51709747314453,89.26499938964844,61.228450775146484,185.36537170410156,26.591999053955078,52.78602071935204,89.63500213623047,61.47590584591397,188.6198314465113,27.339000701904297,52.26017685029636,88.36599731445312,60.68742065329418,183.76790703285937,26.18899917602539,52.57232199753262,88.8499984741211,60.82577681081877,187.8657393408444,26.834999084472656,76662000,58446000,20798000,13327600,134786000
2019-09-24,52.267372131347656,87.08049774169922,60.41714859008789,179.86849975585938,25.458999633789062,53.42230937106519,89.7854995727539,61.84435184221623,186.57585897083138,26.5,52.14972006049818,86.77749633789062,60.035801848501244,178.98543016143273,25.22800064086914,53.071745622463716,89.53050231933594,61.49176671272495,186.51632857075447,26.25,124763200,92320000,35804000,18546600,163382000
2019-09-25,53.07174301147461,88.41649627685547,61.78633499145508,181.37664794921875,26.475000381469727,53.18459549366252,88.6500015258789,61.88948256524728,181.9918155324956,26.65999984741211,52.13771121007937,86.1500015258789,59.96439160709541,176.4850270596817,25.3700008392334,52.476268656643114,87.36799621582031,60.30210031254571,180.03715354178527,25.570999145507812,87613600,69864000,26798000,18068300,116438000
2019-09-26,52.79802322387695,86.99199676513672,61.6053352355957,178.7075958251953,26.33099937438965,53.050140581036125,88.16850280761719,61.7233630416262,179.9875447342743,26.80500030517578,52.54350607497872,86.57499694824219,61.08612790525921,176.2865921683542,26.020000457763672,52.82443558822323,88.1395034790039,61.59789701702102,179.91809765361586,26.642000198364258,75334000,70736000,23166000,16083300,76840000
2019-09-27,52.54111099243164,86.27249908447266,60.79502487182617,175.72103881835938,26.308000564575195,53.05494858356497,87.45600128173828,61.739220682311114,179.35252917482316,26.743999481201172,52.17133785844145,85.69100189208984,60.26192866574926,174.2922487777934,26.038999557495117,52.95409870061891,87.4000015258789,61.632104298795866,179.0846423972008,26.618000030517578,101408000,78144000,34122000,14656200,73283000
2019-09-30,53.777671813964844,86.79550170898438,60.556495666503906,176.6934051513672,26.761999130249023,53.92413970007018,86.87300109863281,60.8674252630036,177.27880755981747,26.88800048828125,53.01411677472275,85.46099853515625,60.17366204015003,175.47298662494165,26.277999877929688,53.040529136604164,86.34950256347656,60.52971657030249,176.4850336273538,26.399999618530273,103909600,52894000,24470000,10740000,67272000
2019-10-01,53.92654800415039,86.78250122070312,59.80570983886719,174.4410858154297,26.95800018310547,54.798152420020195,87.77999877929688,61.137703338690756,178.43970576115325,27.219999313354492,53.832904827025864,86.42050170898438,59.78339518323474,173.51833435409935,26.402999877929688,54.041803963537824,87.30000305175781,60.62345230056368,177.75507589501558,26.735000610351562,139223200,61690000,24504000,17073000,86503000
2019-10-02,52.57472610473633,85.6614990234375,58.413211822509766,173.24049377441406,26.80299949645996,53.68403817289297,86.44450378417969,59.446670055970316,175.1554586795992,26.934999465942383,52.32740831027184,85.25,58.15088034087869,171.7422416079968,26.2189998626709,53.55917937969037,86.38700103759766,59.33459737978191,173.47861533942427,26.361000061035156,138449200,66022000,33030000,16151700,76591000
2019-10-03,53.02132797241211,86.22100067138672,58.98400115966797,177.9832763671875,26.815000534057617,53.05494337549281,86.25,59.0618565300267,178.4396861344255,26.884000778198242,51.65509540469614,84.25299835205078,57.68027745662701,172.2780482968688,25.701000213623047,52.447459000713295,85.6500015258789,58.68199662919146,174.20294505951188,26.777999877929688,114426000,69364000,28368000,16086300,89510000
2019-10-04,54.50761795043945,86.98249816894531,60.05167770385742,179.04495239257812,27.27899932861328,54.6228739131191,87.02899932861328,60.126063672322324,179.57082442257075,27.54800033569336,53.75847251204435,85.96150207519531,59.060370509137265,176.71325936939817,26.64699935913086,54.178666925160364,86.3010025024414,59.225010141084695,178.15196615220776,26.81999969482422,138478800,49438000,24282000,10430200,98904000
2019-10-07,54.51961898803711,86.63300323486328,59.91728210449219,178.2809295654297,27.445999145507812,55.20873658677315,87.3915023803711,60.445913908386466,179.7692499419264,27.667999267578125,54.22668318942507,86.18499755859375,59.72437649993777,176.70331359993784,27.128000259399414,54.3299328547412,86.58149719238281,59.855294432634274,178.598445179605,27.198999404907227,122306000,43094000,17040000,9178300,65256000
2019-10-08,53.880916595458984,85.27549743652344,59.01871109008789,176.36598205566406,27.07200050354004,54.75972389234403,86.3499984741211,59.8488480012925,178.96557705889228,27.55299949645996,53.86411072762326,85.25,58.98647628974032,176.33621685638886,27.06399917602539,54.22187750074084,86.12449645996094,59.44716909480171,176.8720055833215,27.30299949645996,111820000,50840000,20086000,9466900,62764000
2019-10-09,54.51240921020508,86.09950256347656,59.62718200683594,178.4496307373047,26.753000259399414,54.69489228194408,86.49749755859375,59.927699641137494,179.31285176669965,27.100000381469727,54.17865501059328,85.71800231933594,59.41493551600524,176.55449903508978,26.457000732421875,54.51240921020508,85.98049926757812,59.57412322169878,177.7650008974485,27.00200080871582,74770400,40870000,15948000,7556900,67944000
2019-10-10,55.247154235839844,86.01300048828125,59.977783203125,178.62820434570312,28.04800033569336,55.33119457436902,86.91449737548828,60.28276149090134,180.19590357282038,28.05299949645996,54.57724597451074,85.6875,59.402043943686515,177.77490008638557,26.503000259399414,54.728513454537506,86.26200103759766,59.43873940465418,178.9159547538327,26.597000122070312,113013600,51504000,12842000,8605000,108091000
2019-10-11,56.71663284301758,86.59600067138672,60.287235260009766,182.75582885742188,28.292999267578125,57.059989886560345,87.27249908447266,60.93389117997906,185.03792320851088,28.78700065612793,55.78019754791175,86.49299621582031,60.18458329578946,180.72178791101695,28.233999252319336,55.93386847365883,87.14600372314453,60.69982563308043,180.73170459681214,28.479999542236328,166795600,65100000,22330000,14930500,87861000
2019-10-14,56.63500213623047,86.82150268554688,60.38938522338867,181.85292053222656,28.55299949645996,57.17765554935528,87.09449768066406,60.791559777175,183.18248321866753,28.69300079345703,56.34686955839495,86.0999984741211,60.09730084134501,181.14845730373014,28.200000762939453,56.402094083727334,86.44550323486328,60.19697523733652,182.7657552933642,28.39299964904785,96427600,38204000,13296000,7006000,55132000
2019-10-15,56.5029411315918,88.36900329589844,61.60285568237305,187.41921997070312,28.424999237060547,57.062396724114954,88.82250213623047,61.845350682590826,188.89762363518096,28.586999893188477,56.39729167013194,87.03099822998047,60.545595793212456,182.2299472570986,27.940000534057617,56.75985808213798,87.10700225830078,60.57435740883413,182.36885655080957,28.381999969482422,87360000,62234000,27584000,15039100,76856000
2019-10-16,56.27482986450195,88.87149810791016,61.640541076660156,188.0740966796875,28.628000259399414,56.48372898515924,89.31199645996094,62.19545255415238,188.22292266826352,28.816999435424805,55.99390035444989,88.5260009765625,61.41887007961055,185.44472147500937,28.073999404907227,56.03471879637498,88.66649627685547,61.58152717988631,186.85367815342866,28.312000274658203,73903200,55268000,22986000,10516900,161759000
2019-10-17,56.49333953857422,89.3740005493164,62.126522064208984,188.90753173828125,29.334999084472656,56.70223502398383,89.94249725341797,62.66953466128119,189.3540247949266,30.875,56.070745319870674,89.10099792480469,61.98122332826266,187.30015067836726,28.829999923706055,56.44771784318485,89.82450103759766,62.05709617616047,188.81823615494756,30.448999404907227,67585200,52948000,20958000,9603000,382589000
2019-10-18,56.7646484375,87.87550354003906,61.7104606628418,184.4029083251953,27.530000686645508,57.04557789777624,89.6989974975586,62.38984308906814,189.99899256650664,29.09000015258789,56.25561057187668,87.45999908447266,61.498709818420544,182.48792815550277,27.336000442504883,56.32764461231242,89.38999938964844,62.22024718869601,188.74879370899365,28.93600082397461,97433600,67250000,31624000,16874200,234299000
2019-10-21,57.74911117553711,89.28299713134766,61.704017639160156,188.28244018554688,27.80500030517578,57.864367125177715,89.29399871826172,62.161732887897436,188.43128130392094,27.993999481201172,56.9831599524487,88.25,61.4912755232847,185.29588281256093,26.899999618530273,57.0311814328969,88.48300170898438,61.92320671511835,185.58361808412022,27.288999557495117,87247200,42608000,18094000,8122600,125992000
2019-10-22,57.6170539855957,88.2864990234375,61.55127716064453,180.9202423095703,26.66900062561035,58.1549004377134,89.48899841308594,61.924690061409734,189.16553572894009,27.541000366210938,57.535413437281406,88.0999984741211,61.4843294187776,180.08678643569442,26.579999923706055,57.905186536916496,89.40750122070312,61.713930473478726,188.52060288034127,27.115999221801758,82293600,42234000,22862000,19537600,118024000
2019-10-23,58.39021301269531,88.1084976196289,62.36604690551758,184.7005615234375,27.12700080871582,58.40462275566765,88.50250244140625,62.38637904416191,184.92878155956058,27.392000198364258,57.91959732879052,87.0999984741211,61.50218828619417,180.58288100701617,26.663000106811523,58.13089626006461,88.06500244140625,61.50218828619417,180.59279769294298,26.805999755859375,75828800,42764000,21282000,12300400,71335000
2019-10-24,58.48625183105469,89.03900146484375,62.43943786621094,184.92877197265625,27.149999618530273,58.7791876143368,89.41699981689453,62.62738339257661,185.27603764183385,27.402000427246094,58.06125423337426,88.01349639892578,62.104207304901045,181.37664553777893,26.8799991607666,58.70955335592496,88.55449676513672,62.43943786621094,183.18246638144458,27.180999755859375,69275200,88922000,20224000,11413500,48274000
2019-10-25,59.20658874511719,88.06649780273438,62.69681167602539,186.427001953125,27.68199920654297,59.242603940499954,88.21050262451172,62.880296548809305,187.52835959124408,27.777000427246094,58.31817850890162,84.75,61.945521387384986,183.6488010052593,27.01799964904785,58.38540931615225,84.87750244140625,62.086851313418414,184.38304447733105,27.06800079345703,73477200,192528000,27104000,8061200,47478000
2019-10-28,59.79964828491211,88.85399627685547,63.92069625854492,187.9252471923828,28.18600082397461,59.84766975456233,88.93499755859375,64.42949157988647,188.05423980339688,28.575000762939453,59.24018918716893,87.125,63.094032497897665,183.63889237228332,27.735000610351562,59.40826616284637,87.40299987792969,63.22742858237016,185.74238033048172,27.80500030517578,96572800,74178000,65428000,13657900,62484000
2019-10-29,58.416622161865234,88.135498046875,62.516300201416016,187.83595275878906,28.121000289916992,59.96774132739238,88.8499984741211,63.515045484840925,191.03088173758235,28.44099998474121,58.24374555756727,87.79049682617188,62.26586759957852,187.00249697475027,27.7549991607666,59.78045498091568,88.7405014038086,63.277011173374184,190.19742595354356,28.187000274658203,142839600,45538000,52654000,13574900,43562000
2019-10-30,58.409420013427734,88.99949645996094,62.518287658691406,186.7842254638672,29.145000457763672,58.89924866845541,89.11900329589844,62.881288593585026,188.96709253425385,29.349000930786133,57.91719523037346,87.95600128173828,62.01990812718135,184.53189616861468,28.299999237060547,58.769586633499244,88.01200103759766,62.243062237785296,188.0840229636892,28.43400001525879,124522000,48988000,29204000,28734600,93456000
2019-10-31,59.73002624511719,88.83300018310547,62.424068450927734,190.15771484375,28.740999221801758,59.82847265948915,89.5999984741211,62.806905915329345,196.54757232794816,29.145000457763672,56.96874904224295,88.5739974975586,61.96188872789895,186.78419493543538,28.47800064086914,59.365060070154456,88.79949951171875,62.48357798246875,195.1683961422577,29.100000381469727,139162000,55624000,31904000,42286500,50900000
2019-11-01,61.425209045410156,89.5719985961914,63.09104919433594,192.11241149902344,28.680999755859375,61.45161774300314,89.87249755859375,63.128244066053234,192.59860166178294,28.91200065612793,59.82606861277858,89.260498046875,62.469189984190244,188.4313071552058,28.302000045776367,59.91730831812791,89.40049743652344,62.77119448475886,191.34841785180365,28.8700008392334,151125200,55808000,28812000,21711800,55943000
2019-11-04,61.8286018371582,90.23300170898438,63.951934814453125,193.20382690429688,29.285999298095703,61.91264217896342,90.75299835205078,64.09525103448014,195.83318679986047,29.538999557495117,61.31956753037255,90.05049896240234,63.28246873248054,192.30090892507408,28.715999603271484,61.78777973024419,90.05049896240234,63.28246873248054,193.03515241476802,28.799999237060547,103272000,55438000,30632000,16371300,55662000
2019-11-05,61.73976516723633,90.08550262451172,64.04267120361328,192.8069610595703,28.80299949645996,61.994282334049466,90.51249694824219,64.33029484366831,194.22581929219072,29.118999481201172,61.5452757723623,89.69999694824219,63.940518691426206,192.0925660302858,28.631000518798828,61.720552176754836,90.45800018310547,64.0307685442303,193.84877326562983,28.999000549316406,79897600,37710000,25148000,9942000,40624000
2019-11-06,61.766178131103516,89.78849792480469,64.02136993408203,190.0585174560547,28.858999252319336,61.82620590718416,90.125,64.11955744935278,192.85655192566824,29.055999755859375,61.317171538437805,89.42900085449219,63.587955592244974,189.860077764731,28.583999633789062,61.65332561896753,90.05000305175781,63.97574936306113,192.51920293642016,28.819000244140625,75864400,40596000,24626000,10973000,34383000
2019-11-07,62.479026794433594,89.41000366210938,64.81133270263672,188.9373321533203,28.957000732421875,62.700595407259684,90.29499816894531,65.59039331831046,191.93382178580185,29.819000244140625,62.16112687805122,89.17400360107422,64.15723868532784,187.99473216024907,28.82699966430664,62.31285217221587,90.18800354003906,64.1835183702277,190.41573602622887,29.06999969482422,94940400,53022000,45140000,13473000,59285000
2019-11-08,62.650028228759766,89.29399871826172,64.91348266601562,189.35403442382812,29.156999588012695,62.722274875332666,89.49400329589844,65.31566095485586,190.84235478164692,29.39900016784668,61.85768903983962,88.7020034790039,64.54254791724352,188.22291155748496,28.750999450683594,62.30081895457208,89.39450073242188,64.54254791724352,188.52057865704424,28.87299919128418,69986400,42466000,30392000,10760800,45090000
2019-11-11,63.14614486694336,88.5824966430664,64.38188171386719,188.13365173339844,29.417999267578125,63.21116685235938,89.0,64.71016967774435,188.59999341203036,29.63599967956543,62.202080319789076,88.35649871826172,64.26237082066733,187.0719757424762,28.850000381469727,62.20689431328376,88.9000015258789,64.6655328055786,188.45115226396757,28.916000366210938,81821200,38920000,17234000,8631200,39443000
2019-11-12,63.088321685791016,88.9000015258789,64.32881927490234,192.9557647705078,29.201000213623047,63.28821627609812,89.31099700927734,64.93084578823698,193.5411671146991,29.53499984741211,62.837861804605424,88.59549713134766,64.1815380183125,188.2625990521987,28.8700008392334,62.98957972605956,88.73300170898438,64.39626264933645,188.52056911744143,29.531999588012695,87388800,40752000,28852000,17615500,57728000
2019-11-13,63.69282913208008,87.65550231933594,64.27774047851562,191.68576049804688,28.31100082397461,63.7674864521532,88.75,64.59214327190867,194.17621134854932,29.340999603271484,62.87400193315638,87.36599731445312,64.0778922913603,191.23926737647986,28.11400032043457,62.88845126287323,88.66950225830078,64.12896855743497,193.18399768285414,29.10300064086914,102734400,59790000,20538000,10860700,91589000
2019-11-14,63.25210952758789,87.7300033569336,64.92093658447266,191.64602661132812,28.961999893188477,63.79157076632971,88.32949829101562,65.24675026178147,192.51917931398867,29.062999725341797,63.12205821124544,87.47799682617188,64.166672397698,189.959266732078,28.32200050354004,63.51942947548323,87.57150268554688,64.21923934498456,191.42773843566297,28.325000762939453,89182800,45296000,28948000,9040500,65290000
2019-11-15,64.00349426269531,86.97450256347656,66.13043975830078,193.58090209960938,29.503000259399414,64.00830825530088,88.08399963378906,66.13043975830078,193.77934181486674,29.582000732421875,63.341206473883005,86.64299774169922,65.05680894885906,191.8742932964324,28.756999969482422,63.502559746650064,88.00250244140625,65.21351851896138,192.74743107156078,29.05900001525879,100206400,78552000,39286000,11524300,63338000
2019-11-18,64.32622528076172,87.62650299072266,65.45105743408203,195.8629608154297,30.256999969482422,64.40569660274649,87.68499755859375,66.1492890756459,197.083394458118,30.499000549316406,63.635038653115814,86.135498046875,65.26856756684177,191.54684069024395,29.327999114990234,64.01313928749168,86.91500091552734,66.07093428129863,193.04507779292095,29.600000381469727,86703200,56790000,27984000,16167200,86166000
2019-11-19,64.13114166259766,87.6395034790039,65.09152221679688,197.7679901123047,30.260000228881836,64.54296223689062,88.03399658203125,65.78776365557141,198.4426879842629,30.566999435424805,63.91439437873861,87.15149688720703,65.05085793939855,195.32713838850898,29.851999282836914,64.51887757210454,87.84950256347656,65.78776365557141,195.86292698447724,30.400999069213867,76167200,45416000,21864000,19056800,59180000
2019-11-20,63.384559631347656,87.27649688720703,64.55941009521484,195.9720916748047,30.516000747680664,64.08056012443966,88.1259994506836,65.12225535670059,198.03589766364595,30.825000762939453,62.71263645285633,86.70600128173828,63.93209524218455,193.90828568596345,30.100000381469727,63.95051616700854,87.45700073242188,65.03051482525855,197.0337674343433,30.10099983215332,106234400,55800000,28892000,12355400,51118000
2019-11-21,63.10036849975586,86.7354965209961,64.47412872314453,196.3888397216797,31.16900062561035,63.582032299976326,87.34349822998047,65.01862446800423,197.5398111848461,31.268999099731445,62.90047390688483,86.51799774169922,64.00847203948294,195.32717899305354,30.426000595092773,63.504964328035534,87.1500015258789,64.42999125851563,195.88281621251903,30.600000381469727,121395200,53258000,25546000,12131000,74884000
2019-11-22,63.04498291015625,87.28600311279297,64.15328216552734,197.27194213867188,31.04800033569336,63.382146145276415,87.32150268554688,64.80935878570455,197.74820049246765,31.139999389648438,62.81860030594543,86.55000305175781,63.93954877129495,196.0812735442123,30.44099998474121,63.24005618724747,86.95099639892578,64.6159575316089,196.8353656727007,30.90999984741211,65325200,49582000,27776000,9959800,59701000
2019-11-25,64.15040588378906,88.69200134277344,64.74685668945312,198.23435974121094,31.55500030517578,64.1672658843364,88.87100219726562,64.98340409753318,199.4051797284967,31.572999954223633,63.22320139858819,87.66200256347656,64.24947227347415,197.69857102837094,30.524999618530273,63.26896005744073,87.6624984741211,64.28170706949543,197.96647295478036,30.882999420166016,84020400,69724000,23590000,15272300,78739000
2019-11-26,63.64947509765625,89.84700012207031,65.11184692382812,197.4207305908203,31.249000549316406,64.34066158536174,89.85150146484375,65.16193192966712,198.5915353086941,31.649999618530273,63.21838386975903,88.9175033569336,64.66752126393,196.49796411963518,31.16900062561035,64.28767826489613,88.99600219726562,64.958610565882,198.44270933268547,31.5,105207600,63624000,21910000,11735500,53210000
2019-11-27,64.50444030761719,90.92549896240234,65.06871795654297,200.42715454101562,31.593000411987305,64.538160314546,91.2249984741211,65.34196468941313,201.55827748084596,31.68199920654297,63.89513565756925,89.8655014038086,64.93681252475231,197.8672415424567,31.274999618530273,63.96015765000588,90.05000305175781,65.23187450313948,198.3434998487067,31.39299964904785,65235600,60512000,18808000,12736600,40969000
2019-11-29,64.36237335205078,90.04000091552734,64.67000579833984,200.06997680664062,31.465999603271484,64.54299741197234,91.2344970703125,64.96060330050324,202.21316210662366,31.66200065612793,64.0372485742696,90.03949737548828,64.62735900315724,199.6433321680224,31.333999633789062,64.20583397004111,90.88899993896484,64.79448056426496,200.0302949188543,31.577999114990234,46617600,38468000,12802000,7985200,24117000
2019-12-02,63.61817169189453,89.08000183105469,63.91475296020508,198.14505004882812,30.999000549316406,64.6031735303105,90.27749633789062,64.73695989800211,200.60573550232598,31.43899917602539,63.44718305749584,88.13400268554688,63.494224972941524,196.50790368831068,30.375,64.36715556270056,90.22000122070312,64.59413550286762,200.55613693502008,31.43899917602539,94487200,78512000,26538000,11503400,62188000
2019-12-03,62.48385238647461,88.49800109863281,64.20633697509766,197.27194213867188,30.615999221801758,62.503115708653056,88.64350128173828,64.32982047875444,197.38107111518457,30.736000061035156,61.722822542288654,87.36150360107422,63.32908879632184,193.56105731789708,30.187999725341797,62.20930043557878,88.0,63.40892668143017,196.06144017029004,30.222000122070312,114430400,67618000,25270000,11595300,49928000
2019-12-04,63.03534698486328,88.03450012207031,65.40642547607422,197.16275024414062,30.43199920654297,63.41345487874028,89.45449829101562,65.67074331391355,198.47246418469376,30.843000411987305,62.78006572711878,88.01100158691406,64.61843581992142,196.50788570387584,30.32699966430664,62.873993707598274,88.70050048828125,64.7696896992999,198.44269899104324,30.843000411987305,67181600,53402000,35506000,8456300,35121000
2019-12-05,63.96012878417969,87.02400207519531,65.80412292480469,197.8076934814453,30.285999298095703,64.03479343016674,88.17500305175781,65.85470734274854,199.72265836137896,30.648000717163086,63.27376379161753,87.0,65.17730745296996,196.66665395754444,29.881000518798828,63.52904500174789,88.17500305175781,65.80610544051169,198.3038002553113,30.527000427246094,74424400,56476000,24408000,9740400,46155000
2019-12-06,65.19561767578125,87.58000183105469,66.42053985595703,199.4845428466797,30.735000610351562,65.26546100190234,87.72000122070312,66.5732768317176,200.0004981463346,30.78499984741211,64.37437981221761,87.00650024414062,66.01588713102525,198.5022459542559,30.260000228881836,64.41773515061479,87.55999755859375,66.09126057742363,198.9388223508887,30.469999313354492,106075600,62348000,32968000,12270600,44578000
2019-12-09,64.2828598022461,87.47550201416016,66.59906768798828,199.77227783203125,30.25,65.21728148518294,88.34449768066406,67.32110462746992,201.55826529748646,31.14900016784668,63.79878528754208,87.28050231933594,66.25590321431444,198.65108678592196,30.243999481201172,65.02461888758106,87.53299713134766,66.39426317112083,199.08764804194197,30.735000610351562,128042400,48856000,30842000,11954800,57484000
2019-12-10,64.65856170654297,86.96050262451172,66.59410095214844,199.3059539794922,29.312000274658203,65.04148360806178,87.53350067138672,66.84750734354655,200.47677397660377,29.893999099731445,64.02757585193183,86.75,66.15324087344685,198.59155892972421,29.20199966430664,64.68746036332061,87.37000274658203,66.44781095349515,200.0898112529777,29.61199951171875,90420400,50286000,17606000,9475700,104761000
2019-12-11,65.21006774902344,87.43599700927734,66.66153717041016,200.68511962890625,29.89299964904785,65.28954641231785,87.5,66.94122321757087,201.05224896037808,29.94300079345703,64.66338184077233,86.7854995727539,66.50532704223565,198.7205409171607,29.420000076293945,64.73803916107421,87.08350372314453,66.86237660181916,198.7205409171607,29.448999404907227,78756800,41952000,20480000,8036800,55898000
2019-12-12,65.37625122070312,88.0165023803711,66.87181091308594,195.21803283691406,29.8439998626709,65.64116788478415,88.19999694824219,67.17381167318545,202.07423269365034,29.91699981689453,64.3792105844826,87.27200317382812,66.36153246208066,192.58867275812622,29.506000518798828,64.48999124414951,87.5,66.60997502068224,200.77443525319376,29.566999435424805,137310400,61918000,29114000,23734800,47666000
2019-12-13,66.2649154663086,88.0469970703125,66.79147338867188,192.5985870361328,29.850000381469727,66.3010387920999,88.44950103759766,67.01363625823237,195.26764410536947,30.18000030517578,65.24860425293159,87.75,66.53311068368981,191.66590380777728,29.725000381469727,65.37624490379989,88.25,66.84254966147614,194.8707495720382,29.850000381469727,133587600,54914000,33170000,18798000,38797000
2019-12-16,67.39921569824219,88.46050262451172,67.47730255126953,196.37890625,30.42099952697754,67.62319496321233,88.4749984741211,67.61763743195066,197.56955949565122,30.570999145507812,66.70562596191743,87.85250091552734,66.9769367408565,193.29312146853317,29.863000869750977,66.71043995432287,88.3499984741211,67.19463514036022,193.7495463683545,30.084999084472656,128186000,62904000,28128000,14911500,46589000
2019-12-17,67.53167724609375,89.53299713134766,67.18917846679688,196.84524536132812,31.54800033569336,67.85920511821561,89.5999984741211,67.65730947093114,197.45049623175822,31.68000030517578,67.14393404643634,88.86949920654297,66.98486583558378,194.60284819119846,30.65999984741211,67.32937932220554,88.90049743652344,67.56209574408568,197.29173843033917,30.736000061035156,114158400,72888000,32948000,10175700,104271000
2019-12-18,67.37030792236328,89.20149993896484,67.0414047241211,200.92324829101562,32.08000183105469,67.89050566637485,89.91000366210938,67.41432203990537,202.70923574826463,32.5359992980957,67.22099333233885,89.11799621582031,66.96950446775314,198.53200994936498,31.559999465942383,67.38475724722979,89.7509994506836,67.29381987376564,198.53200994936498,31.625999450683594,116028400,67028000,23330000,23274400,112074000
2019-12-19,67.4377670288086,89.61399841308594,67.26604461669922,204.4555206298828,33.22200012207031,67.71713300190731,89.64949798583984,67.32010222500082,204.69365733103916,33.28300094604492,67.18008240112675,88.7030029296875,66.88469785220087,200.93315951766147,32.417999267578125,67.31253704760239,89.0250015258789,67.04139984132713,201.20106141396522,32.45000076293945,98369200,53056000,28922000,16514600,98223000
2019-12-20,67.29808807373047,89.32499694824219,67.0071792602539,204.6936798095703,33.689998626708984,68.07115666009031,90.14849853515625,67.64094112513031,206.09270469504125,33.79999923706055,67.08615475855936,89.12249755859375,66.98288209174912,201.84601632794207,33.060001373291016,67.97001134578234,89.98100280761719,67.59631181966746,205.86448465387954,33.5,275978000,103016000,50090000,27306900,99149000
2019-12-23,68.39627075195312,89.6500015258789,66.97792053222656,204.5745849609375,33.310001373291016,68.45647873677,89.6500015258789,67.53431883703777,206.96582327912705,33.79499816894531,67.52204963647512,89.22550201416016,66.84749824527648,204.07847817990123,33.10200119018555,67.5605836287108,89.41300201416016,67.37959938349472,205.09054025240894,33.7760009765625,98572000,42728000,19936000,13348900,57653000
2019-12-24,68.46128845214844,89.46050262451172,66.67046356201172,203.52285766601562,33.31999969482422,68.61061041883474,89.77850341796875,67.04636218280068,205.17985263350567,33.56999969482422,68.13617123413715,89.37899780273438,66.65757720914816,203.40379687361448,33.15999984741211,68.56244109414793,89.69049835205078,66.9570960026882,204.69367763788193,33.4010009765625,48478800,17626000,13468000,6046300,20193000
2019-12-26,69.81959533691406,93.4384994506836,67.56507873535156,206.17205810546875,33.26300048828125,69.83645533824492,93.52300262451172,67.60128613780807,206.20183844236743,33.645999908447266,68.5648628664668,89.9749984741211,66.72403033918864,203.71137260683932,33.20100021362305,68.59376152611499,90.05049896240234,66.7756060246941,203.96935783345515,33.459999084472656,93121200,120108000,23662000,9350700,35899000
2019-12-27,69.7931137084961,93.48999786376953,67.1767807006836,206.4796600341797,32.909000396728516,70.79738642618764,95.06999969482422,67.79219292580306,207.3031840142275,33.38199996948242,69.3885176947309,93.30049896240234,67.09545215530571,204.9814077808883,32.60100173950195,70.1110137262872,94.14600372314453,67.64093908382699,207.04521392384925,33.29600143432617,146266000,123732000,23212000,10284200,50361000
2019-12-30,70.20732116699219,92.34449768066406,66.4364013671875,202.81838989257812,32.33100128173828,70.4890977572307,94.19999694824219,67.29381680371453,206.28120574011763,32.91899871826172,68.69008295692782,92.03099822998047,66.34366956318935,202.31235125630602,32.2859992980957,69.71120798213394,93.69999694824219,67.28439606964862,206.24152385687,32.90800094604492,144114400,73494000,19994000,10524300,43115000
2019-12-31,70.72029876708984,92.39199829101562,66.42053985595703,203.65185546875,32.356998443603516,70.72752343141342,92.66300201416016,66.48351879324983,203.95943928360214,32.492000579833984,69.72566166410049,91.61150360107422,66.06051644403173,202.01470897164327,32.10900115966797,69.82440364292783,92.0999984741211,66.24201503707573,202.41158838306944,32.20000076293945,100805600,50130000,19514000,8953500,37133000
2020-01-02,72.3338851928711,94.90049743652344,67.87303924560547,208.1465606689453,32.98099899291992,72.39409318664748,94.90049743652344,67.87303924560547,208.15647735421365,32.99800109863281,71.09119131937346,93.2074966430664,66.77263680999941,204.6638965025992,32.47800064086914,71.34406195339083,93.75,66.86785055633585,205.14015477509616,32.61000061035156,135480400,80580000,27278000,12077100,44858000
2020-01-03,71.63063049316406,93.74849700927734,67.5179672241211,207.0452117919922,32.59000015258789,72.3892495107853,94.30999755859375,68.12445823826381,208.76173709486574,32.986000061035156,71.40665858931894,93.2249984741211,66.81378810886194,205.33860317480784,32.553001403808594,71.56319785492231,93.2249984741211,66.84751358265558,205.59658840250805,32.678001403808594,146322800,75288000,23408000,11188400,38069000
2020-01-06,72.20142364501953,95.14399719238281,69.31758880615234,210.9446258544922,33.58300018310547,72.23995764322866,95.18450164794922,69.34287723228258,211.12321704244698,33.63600158691406,70.5035611498287,93.0,66.99627473144326,204.91196510836792,32.119998931884766,70.75402846338375,93.0,67.02751070483214,205.09055629632272,32.3120002746582,118387200,81236000,46768000,17058900,56631000
2020-01-07,71.86184692382812,95.34300231933594,69.18370056152344,211.40101623535156,33.07500076293945,72.46633010238772,95.69450378417969,69.59976407326137,212.9091850683675,33.66999816894531,71.64268897397623,94.60199737548828,69.00765768436452,210.10121890912478,33.029998779296875,72.21104883104543,95.2249984741211,69.44900962487809,211.16289467328085,33.64699935913086,108872000,80898000,34330000,14912400,47032000
2020-01-08,73.01783752441406,94.59850311279297,69.67613220214844,213.54421997070312,33.92599868774414,73.31887745373415,95.55000305175781,70.01384094895226,214.55628211870993,34.27000045776367,71.56562119935828,94.3219985961914,69.06071987013958,210.95454177490646,33.10499954223633,71.56562119935828,94.9020004272461,69.16931937572167,211.34150448738282,33.14899826049805,132079200,70160000,35314000,13475000,71045000
2020-01-09,74.56877136230469,95.05249786376953,70.4075927734375,216.60025024414062,33.566001892089844,74.7614339140141,95.89099884033203,70.84844534169663,216.67962915565775,34.34199905395508,73.74271983118284,94.79000091552734,69.93251531775391,214.59597436327618,33.46099853515625,73.99317967848403,95.49449920654297,70.51371035496315,215.84615815471753,34.20000076293945,170108400,63346000,33200000,12642800,47093000
2020-01-10,74.73737335205078,94.15799713134766,70.86231231689453,216.3621063232422,32.904998779296875,75.30092656417412,95.34700012207031,71.15886487459247,218.16794243532362,33.849998474121094,74.23644614635045,94.0,70.39815395293984,215.72709019217615,32.72700119018555,74.8024026801614,95.26850128173828,70.88760830833094,217.4932292798279,33.7130012512207,140644800,57074000,26258000,12119400,47183000
2020-01-13,76.33409881591797,94.56500244140625,71.41128540039062,220.18212890625,33.891998291015625,76.36059415429726,94.9000015258789,71.48318564833806,220.24165930128555,34.084999084472656,74.93486566437117,94.04000091552734,70.68429232295442,217.50315514980076,33.1510009765625,75.05287832688332,94.56549835205078,71.17423856104631,217.89011785751035,33.18000030517578,121532000,55616000,30730000,14463400,62900000
2020-01-14,75.30333709716797,93.47200012207031,70.94316101074219,217.3543243408203,33.86899948120117,76.48100893453174,94.35549926757812,71.54022369151787,220.64848099563872,34.53799819946289,75.18051779267843,92.92749786376953,70.80331039967703,216.92767972949216,33.551998138427734,76.27148630079421,94.29399871826172,71.40980138157744,219.8844722297958,34.439998626708984,161954400,68818000,26076000,13288900,71994000
2020-01-15,74.98062133789062,93.10099792480469,71.3701171875,219.42800903320312,33.90700149536133,75.98248317068368,93.94300079345703,71.44847195705131,219.95388097596057,34.31700134277344,74.54953007278792,92.75450134277344,70.99620868121237,218.425878850585,33.65999984741211,75.10344798902688,93.61250305175781,71.06365204779961,218.89222040585693,33.86800003051758,121923600,57932000,21550000,10036500,51580000
2020-01-16,75.91987609863281,93.89700317382812,71.91363525390625,220.043212890625,33.86199951171875,76.03066410855739,94.27950286865234,71.94041435124791,220.89651718671533,34.35599899291992,75.16125678084022,93.3010025024414,71.40979626083083,218.6739532866718,33.584999084472656,75.52250477498995,94.14949798583984,71.68006159560105,220.83698679349612,34.349998474121094,108829200,53190000,26080000,10015300,50160000
2020-01-17,76.76034545898438,93.23600006103516,73.36959838867188,220.41033935546875,33.96699905395508,76.7627487799805,94.33200073242188,73.42067465653932,220.55916534680847,34.15700149536133,75.8620399276341,92.86250305175781,72.23051437982828,218.81287477518103,33.737998962402344,76.16789376021451,94.29450225830078,72.52755882003636,220.30119524849337,34.099998474121094,137816400,79946000,52424000,15905900,60665000
2020-01-21,76.24017333984375,94.5999984741211,73.5049819946289,219.71578979492188,33.81100082397461,76.8302072165908,94.7135009765625,73.88335497384024,220.63854120844226,34.099998474121094,76.10289736234121,93.0,72.90791179429193,217.41384689413272,33.25899887084961,76.38948797518701,93.25,73.34380799940449,220.4301848234441,34.0,110843200,74156000,48930000,14275800,143503000
2020-01-22,76.51232147216797,94.37300109863281,73.5853042602539,219.59674072265625,32.599998474121094,77.0638214037391,95.125,74.4139579504841,221.0155990294826,33.630001068115234,76.41839347401398,94.16699981689453,73.52530667909919,219.55704369674288,32.36000061035156,76.72424743670398,94.80449676513672,73.87590926772613,220.57902258431162,33.255001068115234,101832400,64326000,28458000,12212800,217300000
2020-01-23,76.88078308105469,94.22899627685547,73.62598419189453,218.048828125,34.959999084472656,76.96025438766408,94.4990005493164,74.06287927041319,219.7653683399684,34.987998962402344,76.01860061750638,93.63800048828125,73.40927702930324,217.56265321114486,32.500999450683594,76.56529382668359,94.25550079345703,73.7678173234847,219.03112491703519,32.604000091552734,104472000,49692000,26650000,11195000,182003000
2020-01-24,76.65921783447266,93.08200073242188,72.70758056640625,216.2430419921875,35.316001892089844,77.86819158420508,94.74949645996094,74.09758915730573,220.0531387162507,35.98500061035156,76.46895853504518,92.37200164794922,72.55930047284312,214.42728922369366,34.5880012512207,77.1264324079885,94.56849670410156,74.02915451930895,219.08077359333404,34.84600067138672,146537600,75324000,29786000,11905800,179397000
2020-01-27,74.40503692626953,91.41699981689453,70.99968719482422,213.19692993164062,34.28799819946289,75.08417746726008,92.05000305175781,71.24019965615449,214.3776665299758,35.189998626708984,73.42484908589569,90.76699829101562,70.3931962623692,210.84538856048835,34.10200119018555,74.67235687385795,91.0,70.99026646132236,211.440722772415,34.595001220703125,161940000,70570000,34132000,13810700,77095000
2020-01-28,76.50989532470703,92.6624984741211,71.93049621582031,216.09422302246094,34.85200119018555,76.68088393464757,92.90550231933594,72.14373017574707,217.03683818417113,35.2400016784668,75.18531972883665,91.5009994506836,70.93174708981847,211.8574812681619,34.27799987792969,75.28406170066347,92.0250015258789,71.49608309873746,214.45707641313922,34.5880012512207,162234000,56160000,29724000,13413800,68216000
2020-01-29,78.1114273071289,92.9000015258789,72.23795318603516,221.49185180664062,34.316001892089844,78.95674973344263,93.73750305175781,72.60690544755049,222.45430027118508,34.939998626708984,77.39856685210137,92.7509994506836,71.67709035915647,216.74907170753525,33.85499954223633,78.13792264122904,93.19999694824219,72.32522928653594,219.71579601102562,34.900001525878906,216229200,41760000,21566000,33181300,76435000
2020-01-30,77.99826049804688,93.53399658203125,72.11647033691406,207.89849853515625,34.77399826049805,78.05124383327706,93.64350128173828,72.16605594211511,209.78369817533346,34.81999969482422,76.76520180499128,92.53050231933594,71.16185852623971,203.15571910020552,33.92499923706055,77.19629315301822,92.9000015258789,71.3155867660176,204.92185796225945,34.11000061035156,126743200,126548000,27110000,48775500,53281000
2020-01-31,74.53990173339844,100.43599700927734,71.0517578125,200.33786010742188,34.50899887084961,77.71165450707113,102.78600311279297,72.88113570169328,207.0650673895748,34.73899841308594,74.24608645041388,100.1135025024414,70.76809913606537,199.49447245565628,34.097999572753906,77.29019858022654,102.57350158691406,72.79137767304688,206.8070821530458,34.73899841308594,199588400,311346000,43822000,31359900,52300000
2020-02-03,74.33517456054688,100.20999908447266,73.5223388671875,202.60009765625,35.79999923706055,75.498389394716,102.42500305175781,73.70582753071683,203.54269754941683,35.9630012512207,72.78421654858387,100.01249694824219,72.23349161238843,200.92325424778556,34.62799835205078,73.28514366287956,100.52999877929688,72.48342482845398,201.85593745533228,34.7239990234375,173788400,117834000,71636000,15495600,66706000
2020-02-04,76.78926849365234,102.4834976196289,71.67808532714844,208.19619750976562,36.9010009765625,76.97952779146334,102.98999786376953,72.76559372087249,208.96020627969224,36.957000732421875,75.53212542449515,100.76850128173828,70.51866911081403,203.60224334381496,35.61000061035156,75.93672133535755,101.49400329589844,72.12836616478646,205.0111849473292,36.099998474121094,136616400,105786000,95880000,19628900,71615000
2020-02-05,77.41545104980469,101.99349975585938,71.7098159790039,208.4739990234375,36.96699905395508,78.21260439944355,103.5510025024414,72.62871964997271,211.07359379720026,37.525001525878906,76.81337103650588,101.5999984741211,70.89802869966074,207.08490604661267,36.22999954223633,77.91396771511286,103.5510025024414,72.58061715621994,210.85530559513091,37.51300048828125,118826800,87524000,36376000,12538200,64370000
2020-02-06,78.3209457397461,102.5114974975586,73.19355773925781,209.208251953125,36.69499969482422,78.32335641079244,102.81500244140625,73.4707694622342,209.54560095697394,37.154998779296875,77.12883215929374,101.23999786376953,71.92950709001718,207.7099996678324,36.250999450683594,77.68515330009288,102.0510025024414,72.00388927199774,208.83120592530642,36.959999084472656,105425600,63660000,37822000,10567500,39204000
2020-02-07,77.2563705444336,103.96399688720703,73.34927368164062,210.67672729492188,36.676998138427734,78.06989925267796,104.92649841308594,73.65375637066822,211.1629174365227,37.18000030517578,76.76632167871378,101.90499877929688,72.6698911484849,208.29540543766888,36.356998443603516,77.82125391424971,102.09950256347656,72.76807866240974,208.66253478539966,36.50400161743164,117684000,101906000,28360000,12242500,43852000
2020-02-10,77.6232681274414,106.69550323486328,74.81465911865234,211.40101623535156,37.106998443603516,77.6232681274414,106.77999877929688,74.82557052333453,212.13525971168318,37.47999954223633,75.76446618078532,104.24800109863281,73.15537648833067,209.01970977478095,36.25199890136719,75.84412606929361,104.25050354003906,73.25604592514885,209.87301403214792,36.5,109348800,101124000,38302000,11856400,52941000
2020-02-11,77.15496826171875,107.54000091552734,74.88407897949219,205.5767364501953,37.36899948120117,78.19059132825674,109.29750061035156,75.86696037630945,209.21815851429,37.81100082397461,76.93770658748598,106.80000305175781,74.65546917942103,204.90202333517067,36.97200012207031,78.11817322586252,107.54499816894531,75.0432628919805,208.55337722476645,37.375,94323200,114920000,34852000,25030800,47729000
2020-02-12,78.98722839355469,108.0,75.30906677246094,209.1189422607422,38.000999450683594,78.9920538114317,109.01249694824219,75.39187842015023,209.57536719879477,38.0620002746582,77.60398368209574,107.7645034790039,74.81514795929655,205.7851038096818,37.5880012512207,77.60398368209574,108.16000366210938,75.17169810906991,206.2316120616819,37.71799850463867,113730400,66686000,31042000,13813700,46248000
2020-02-13,78.42476654052734,107.49349975585938,75.0492172241211,211.48040771484375,38.13999938964844,78.75066279160559,108.51399993896484,75.67206769006663,212.66114433026516,38.5369987487793,78.0578358133656,107.0999984741211,74.58356058636251,207.55123516722094,37.6510009765625,78.26061390209061,107.24949645996094,74.88110442539049,207.88859930018288,37.69599914550781,94747600,60636000,22914000,15396600,44854000
2020-02-14,78.444091796875,106.74349975585938,75.31403350830078,212.5122833251953,38.040000915527344,78.69273717542127,107.9520034790039,75.379494369369,213.25644346126913,38.51499938964844,77.9371428343582,106.29450225830078,74.66043128930994,210.9941978588029,37.94300079345703,78.39339174368679,107.78399658203125,75.10575582931537,212.33369215972644,38.14699935913086,80113600,52124000,23198000,10741700,37363000
2020-02-18,77.0077133178711,107.78350067138672,75.3492431640625,216.10414123535156,38.77799987792969,77.1887659353896,108.30349731445312,75.90068528400265,216.28273242948998,38.95399856567383,75.94794846047884,106.20549774169922,74.93119712969819,211.7383919855589,37.91899871826172,76.12900107799734,106.2509994506836,75.09633617170891,211.8872331206534,37.93000030517578,152531200,58912000,25642000,15609200,51739000
2020-02-19,78.12300109863281,108.51100158691406,75.6185073852539,215.79652404785156,38.61899948120117,78.35233737517142,109.25499725341797,75.90960425641619,216.62006308675507,39.29499816894531,77.24912158938099,108.05599975585938,75.42560557770153,214.42726454461726,38.4900016784668,77.24912158938099,108.38999938964844,75.73405324495363,216.29263080815656,38.8120002746582,93984000,51224000,22746000,12135100,48964000
2020-02-20,77.32154083251953,107.65499877929688,75.22773742675781,212.90919494628906,38.599998474121094,78.37164756799683,108.8395004272461,75.72760378166284,217.0665723300639,38.970001220703125,76.81700838375629,106.37249755859375,74.5964499569271,211.2918819422964,37.667999267578125,77.88401513292217,108.65350341796875,75.32790743593482,214.83409174221154,38.65599822998047,100566000,62626000,25962000,13109200,40794000
2020-02-21,75.57135009765625,104.79850006103516,73.56498718261719,208.54342651367188,38.00699996948242,77.35774159273006,107.22750091552734,74.92822421575049,212.57182604802966,38.731998443603516,74.95577422235982,104.4000015258789,73.31852714783577,207.2039473704042,37.790000915527344,76.91596913601705,107.10749816894531,74.61233071932669,211.817734097176,38.53300094604492,129554000,92926000,42520000,14092300,39301000
2020-02-24,71.98168182373047,100.4645004272461,70.41104888916016,199.15711975097656,36.869998931884766,73.43010258149737,101.96499633789062,71.23028195609393,202.0642984010924,37.28200149536133,69.82112528029087,99.39849853515625,69.76290996883232,196.62697198266386,36.099998474121094,71.75959476642028,100.15899658203125,70.56924154888083,200.22871228132,36.47600173950195,222195200,130940000,49560000,23080100,69364000
2020-02-25,69.54350280761719,98.63700103759766,68.74781036376953,195.23788452148438,36.00899887084961,73.03178561562022,101.7300033569336,71.25359725489407,201.91547815950642,37.564998626708984,69.07277049917455,97.9209976196289,68.4552303299718,194.4242620597452,35.77199935913086,72.65037140517215,101.32099914550781,70.96349914969215,200.6752110946446,37.20000076293945,230673600,124382000,51580000,21433500,64812000
2020-02-26,70.6467056274414,98.97949981689453,68.95359802246094,195.66452026367188,37.92399978637695,71.90924809894442,100.7334976196289,70.10409286099708,199.6433065171503,38.20000076293945,69.16207614691193,98.02249908447266,68.26330414608108,193.96784347416536,36.5,69.16931795444437,98.51399993896484,69.17725154343258,195.65460357799446,36.63100051879883,198054800,104492000,49776000,16524500,89341000
2020-02-27,66.0286865234375,94.21499633789062,65.20854949951172,188.2725372314453,37.17100143432617,69.04140503149553,98.75,67.90873614395468,194.3548116584717,39.15599822998047,65.89350114490772,94.13800048828125,65.17334092529835,188.02448382270822,37.060001373291016,67.85852928583456,96.71900177001953,67.39994084412521,190.32642672297806,37.145999908447266,320605600,162880000,62290000,21682600,109677000
2020-02-28,65.99004364013672,94.1875,66.41360473632812,190.97134399414062,36.90299987792969,67.20913548442363,94.48799896240234,66.57228926922296,191.23924589297678,37.676998138427734,61.88860137685158,90.55650329589844,62.890718817164235,180.40427569756577,35.68000030517578,62.103453983809466,90.73149871826172,63.193219011315065,181.27741333010493,36.42100143432617,426510000,189620000,80198000,32568900,111686000
2020-03-02,72.13377380371094,97.69750213623047,68.74781036376953,194.9104461669922,38.10499954223633,72.76866613954134,97.72550201416016,68.8048341866294,195.03943878253864,38.13600158691406,67.04257525684778,93.5,65.71686100211107,187.37954841583093,36.45000076293945,68.14337454443714,95.32450103759766,67.01562850899076,192.51920770635363,37.31100082397461,341397200,135234000,55430000,24949000,69979000
2020-03-03,69.84286499023438,95.44950103759766,66.33771514892578,184.44261169433594,36.87699890136719,73.3866667341741,99.81649780273438,69.83233041381229,195.70424370978932,39.35200119018555,68.99311992366323,94.40450286865234,65.91718724409012,182.5375631285639,36.7400016784668,73.30700681770827,98.76850128173828,69.31114065170213,194.69218145485473,38.10300064086914,319475600,150690000,56602000,27984100,83646000
2020-03-04,73.08250427246094,98.79149627685547,68.51373291015625,190.2668914794922,38.37900161743164,73.2418314905751,98.9000015258789,68.57224739337018,190.33635370488574,38.4010009765625,70.76261982320094,96.0999984741211,66.30200954107818,184.93870881639302,37.05099868774414,71.56166493954149,97.32849884033203,67.3910084911232,187.6970616595599,37.777000427246094,219178400,95458000,47598000,23062500,54873000
2020-03-05,70.7119140625,96.20149993896484,65.19913482666016,183.72817993164062,37.27799987792969,72.31241302487865,98.03600311279297,67.12670796663788,187.51844293290662,39.13999938964844,70.34739243241086,95.5,64.5485139115482,182.45814780786012,36.86399841308594,71.33955724756618,96.6500015258789,66.72601271363625,185.32564434139258,38.099998474121094,187572800,94964000,54380000,19333400,87470000
2020-03-06,69.77285766601562,95.05449676513672,64.25592041015625,179.67994689941406,36.89699935913086,70.2049720207652,95.54350280761719,64.60354166751632,182.34900375294296,37.13100051879883,67.88991319528947,93.4749984741211,62.34521040783532,174.8875536690963,35.685001373291016,68.07579124975517,93.75,62.976989720868964,176.94144297065125,36.77000045776367,226176800,105472000,64640000,24559600,81472000
2020-03-09,64.2543716430664,90.03050231933594,60.29119110107422,168.18019104003906,34.64899826049805,67.13189718407227,93.13849639892578,62.12305079959445,173.6373653805713,35.74700164794922,63.489119320777824,88.06449890136719,59.41096545267935,163.903753206491,34.172000885009766,63.670171942415024,88.69300079345703,59.754129850992335,168.2794184476758,34.38600158691406,286744800,156264000,69252000,29949000,74055000
2020-03-10,68.88206481933594,94.59100341796875,63.2358512878418,176.8025360107422,36.41299819946289,69.14761010810192,94.7135009765625,63.269572972951494,176.90174828238088,36.45399856567383,65.02685113261988,90.90850067138672,60.22771277532329,168.1801977845256,34.78499984741211,66.90256079781972,93.54399871826172,62.20537061822726,173.3099400535454,35.643001556396484,285290000,142666000,54872000,24517800,76044000
2020-03-11,66.48975372314453,91.04299926757812,60.04869842529297,168.91444396972656,34.992000579833984,67.88748182990133,93.56600189208984,62.33133476819371,174.51052791093812,36.29800033569336,65.62794159632746,90.07499694824219,59.06879829263046,166.35453113683502,34.479000091552734,66.96290981260235,92.89250183105469,61.901885489595976,172.6550782358711,35.891998291015625,255598800,112496000,54732000,20373900,60360000
2020-03-12,59.9235954284668,83.83049774169922,55.121917724609375,153.2672576904297,31.524999618530273,65.17895115078981,88.25,58.95027701384307,165.30281520624732,33.571998596191406,59.86807364961435,83.75,54.96918076424431,153.13826505938434,30.73200035095215,61.78481820985721,86.0989990234375,55.67088167650658,158.2977734814563,32.650001525878906,418474000,226924000,94326000,43266300,120716000
2020-03-13,67.10295104980469,89.25,60.215816497802734,168.95413208007812,33.630001068115234,67.57369096094727,89.31549835205078,60.22226345773861,169.4601555701285,33.641998291015625,61.06303266081341,84.03099822998047,55.158611522233514,156.3728707888146,30.73900032043457,63.94539557678096,87.75,58.2679152243598,162.25669022128017,33.05099868774414,370732000,176194000,79400000,35028600,94582000
2020-03-16,58.4703483581543,84.4574966430664,53.21022033691406,144.87310791015625,29.884000778198242,62.542820889319664,87.97250366210938,56.804014722190885,157.89096114274597,33.435001373291016,57.93684495675963,81.30149841308594,52.91664529324998,141.98577772844195,29.475000381469727,58.40758108532822,82.07550048828125,54.03391030090798,151.13398868681,30.663000106811523,322423600,178346000,96520000,39120400,105599000
2020-03-17,61.041290283203125,90.39199829101562,55.44474792480469,148.25653076171875,31.975000381469727,62.1879532458274,92.88899993896484,55.83849297321683,152.74133976101695,32.290000915527344,57.55059398806874,84.46199798583984,52.02501404698684,138.90988195015538,29.024999618530273,59.74978006097213,88.77349853515625,54.08498798539528,149.5662597730085,30.618999481201172,324056000,218342000,83194000,34255600,100139000
2020-03-18,59.547000885009766,91.5,54.11227035522461,145.8157196044922,31.547000885009766,60.35087498179023,92.08300018310547,54.796612973933506,147.0262062866971,33.15800094604492,57.24159672400037,87.25,51.42497732940868,136.03249274945776,30.0,57.881318208922394,87.5,52.56257836984672,138.66185277470413,30.239999771118164,300233600,192904000,93044000,37553100,125936000
2020-03-19,59.09074401855469,94.04650115966797,55.12786865234375,151.93768310546875,33.202999114990234,61.03645549375763,97.25,57.15808978102262,158.68472390390542,34.85100173950195,58.56689890473273,91.63249969482422,52.34487034827302,143.67254147340694,31.68199920654297,59.72080725380135,93.0,53.96497931020589,145.47836246781847,32.43299865722656,271857200,207998000,74064000,39862300,106160000
2020-03-20,55.33934020996094,92.30449676513672,52.972686767578125,148.56414794921875,33.28300094604492,60.79264444451166,97.8499984741211,56.45738636340472,158.02987479986012,35.04899978637695,55.03999854094989,91.0364990234375,52.669690960507474,146.8476225464844,33.20000076293945,59.67011594836406,96.31549835205078,56.08149147147877,154.8051803858326,34.23099899291992,401693200,196358000,82878000,32568400,108538000
2020-03-23,54.163700103759766,95.1415023803711,52.27444839477539,146.94686889648438,36.027000427246094,55.160697700443244,95.97000122070312,52.90821024000195,151.12408048938786,36.611000061035156,51.32479637531141,90.5999984741211,50.02999846959218,141.14241214760287,34.0880012512207,55.05930867623348,91.38749694824219,52.38552980947213,148.4947199921912,34.78900146484375,336752800,156170000,83672000,29830800,134494000
2020-03-24,59.59770965576172,97.00499725341797,56.037353515625,159.7265625,35.731998443603516,59.79324594207158,97.75,56.20199314271335,160.05399484868934,37.292999267578125,56.560852552036245,95.01699829101562,53.87621437902263,151.3820565118102,35.303001403808594,57.05814327611463,97.57499694824219,54.7465237525493,154.001500161345,36.999000549316406,287531200,142942000,72468000,30440400,116387000
2020-03-25,59.26939392089844,94.29199981689453,54.629486083984375,154.99371337890625,34.23899841308594,62.34245973328567,97.51300048828125,56.838723734721434,161.72092125511196,36.20000076293945,58.97488132854125,94.28900146484375,53.70661363639943,151.86823104634553,33.91699981689453,60.53193331315153,96.03450012207031,55.76807440928379,157.6826041080197,36.10200119018555,303602000,129582000,90324000,35184300,87672000
2020-03-26,62.38832473754883,97.77449798583984,57.66936111450195,162.0681610107422,36.29899978637695,62.44625922344338,97.82450103759766,58.093854072789966,162.72302560102386,36.38399887084961,59.472169846872056,94.4645004272461,54.153917901971255,155.7973791164667,34.17300033569336,59.51079529315195,95.0999984741211,55.279116700352446,157.01779756928065,34.400001525878906,252087200,124426000,76562000,26556800,72296000
2020-03-27,59.8052978515625,95.00499725341797,55.057945251464844,155.5691680908203,35.71200180053711,61.767905586340525,96.989501953125,57.08072809299469,158.84347609160096,36.85599899291992,59.63872886548187,94.99600219726562,54.747511270415124,153.54505895105285,35.29999923706055,61.01472792774082,96.54299926757812,55.91139183073007,156.96819294005962,35.909000396728516,204216800,107758000,62794000,24879900,79488000
2020-03-30,61.51202392578125,98.19750213623047,56.84566879272461,164.65786743164062,37.09600067138672,61.683422027854625,98.68150329589844,57.078247414984624,165.45164145311486,37.779998779296875,60.206030134757754,95.61699676513672,54.474269571410154,156.82930161406097,36.117000579833984,60.529513617295876,96.1415023803711,56.16777321835151,157.9405761601368,36.29999923706055,167976400,122522000,58736000,22515200,86220000
2020-03-31,61.386497497558594,97.48600006103516,57.62126541137695,165.50123596191406,37.54999923706055,63.366005560924876,99.6510009765625,58.189070873217354,169.59906794500858,38.30099868774414,60.833685075362965,97.20050048828125,56.37010482578881,162.9214744764971,36.64400100708008,61.70273919270683,98.21749877929688,56.96568442953883,164.19150670747757,36.792999267578125,197002000,102472000,65228000,23676300,93665000
2020-04-01,58.156524658203125,95.38500213623047,54.65329360961914,158.35728454589844,36.40800094604492,60.04188561745125,97.24800109863281,56.008097373392076,162.87184396981343,38.02299880981445,57.726826674200176,94.6500015258789,54.22632246793909,156.80941873029622,36.10200119018555,59.50596949204973,96.64849853515625,55.73931890160938,160.36154496434824,37.60499954223633,176218400,82438000,51970000,19507600,66725000
2020-04-02,59.126956939697266,95.94149780273438,55.3936767578125,156.95828247070312,37.007999420166016,59.18006600388776,96.37650299072266,55.678322926721385,160.09368129332805,37.0989990234375,57.188487147319506,94.5,54.20847268836694,154.70595320647797,36.00600051879883,58.018915768998035,95.08200073242188,54.54915520216464,157.86120054164533,36.40800094604492,165934000,86720000,56410000,20886300,45925000
2020-04-03,58.27721405029297,95.32949829101562,54.18714141845703,152.97950744628906,36.17599868774414,59.3128333420279,96.31649780273438,55.48094867701905,156.68047560405546,37.09000015258789,57.688188979235456,94.4574966430664,53.31336646721793,149.65560049518731,35.750999450683594,58.61276473473643,95.55750274658203,55.27862233919662,155.92638347068657,36.74700164794922,129880000,72198000,51374000,25983300,48608000
2020-04-06,63.36119079589844,99.87950134277344,58.674556732177734,164.26095581054688,37.99599838256836,63.51568523881815,99.9260025024414,59.049456548881885,164.90588856040713,38.02899932861328,60.20121917390235,96.5009994506836,55.78890642035224,157.2757639580179,36.17100143432617,60.568149922006974,96.80000305175781,56.18562904604569,158.90299357025864,36.52199935913086,201820400,115464000,63320000,28453600,81839000
2020-04-07,62.6273078918457,100.58000183105469,58.643310546875,167.51541137695312,37.22800064086914,65.58933353543772,101.78600311279297,60.5386486628773,172.03990263218705,38.132999420166016,62.52350615550967,99.88099670410156,58.37998779819019,164.7173619670192,36.933998107910156,65.3720644929947,100.85549926757812,60.35169060850497,170.45235493492254,38.0,202887200,102280000,61620000,31411900,70464000
2020-04-08,64.23023986816406,102.1500015258789,59.85529327392578,172.92298889160156,37.11199951171875,64.54406151460887,102.19999694824219,60.247055806495155,173.63738391089035,37.8390007019043,63.061847651130236,100.55750274658203,58.71224047565648,166.4339184630365,36.83100128173828,63.42636197678972,101.05000305175781,59.661892044147216,169.91658282708556,37.4010009765625,168895200,79546000,40334000,21664200,69089000
2020-04-09,64.6937255859375,102.13800048828125,59.83396911621094,173.82589721679688,37.071998596191406,65.19584902236409,102.6500015258789,60.59864892090374,175.7011802527379,37.209999084472656,63.89951332637289,100.88300323486328,59.132268239290795,170.2340889492218,36.303001403808594,64.86512738575412,102.21499633789062,60.40971213758575,174.53036037094571,37.10599899291992,161834800,92930000,54028000,23534300,77113000
2020-04-13,65.9635009765625,108.44349670410156,60.0244026184082,173.4290008544922,39.672000885009766,66.07213548949194,109.0,60.228219641111785,173.63737236291774,40.05099868774414,64.17228391165321,101.9000015258789,58.63191212805063,168.13058409712687,36.77000045776367,64.77096719479518,102.0,59.58255503814354,172.31772651616228,37.13100051879883,131022800,134334000,38702000,19355400,116929000
2020-04-14,69.29487609863281,114.16600036621094,62.74292755126953,176.78268432617188,41.35499954223633,69.58456326372355,114.5999984741211,63.26461295446893,179.81885533138671,41.78200149536133,67.12224446160415,109.31050109863281,60.92346235774,175.24475031360217,39.48500061035156,67.59298426311395,110.02349853515625,61.490280262007424,177.5863748699079,39.75,194994800,161744000,63358000,21011800,115810000
2020-04-15,68.66236114501953,115.38400268554688,62.34968185424805,175.59205627441406,42.67499923706055,69.1210260905355,116.66850280761719,63.23288132977035,176.80255817599564,43.49800109863281,67.7450312539876,112.25,61.194230736716015,171.47437555574143,41.224998474121094,68.17231258158651,112.88400268554688,61.81460308752658,173.82591713406964,41.29999923706055,131154400,137332000,42236000,17423000,135612000
2020-04-16,69.20796203613281,120.40950012207031,62.35612106323242,174.87767028808594,43.91699981689453,69.57248363661981,123.05000305175781,63.14609305744218,176.66365803391773,44.95199966430664,68.16027185080422,116.75,61.402504500274134,171.16678547952324,43.1609992980957,69.37453102131897,117.30000305175781,62.837641603060725,176.5644306047126,43.70000076293945,157125200,240764000,57896000,23593200,161287000
2020-04-17,68.26891326904297,118.75,63.42578887939453,177.84437561035156,42.29600143432617,69.27074378183441,120.0,63.971279654647915,178.87627111884785,43.20000076293945,66.83497575491855,115.8010025024414,62.781115555550386,175.28446264083883,41.470001220703125,68.72516946310567,118.61650085449219,63.55968059070784,177.8046785869603,43.099998474121094,215250000,158600000,51050000,20974800,126163000
2020-04-20,66.85186004638672,119.68049621582031,62.54060745239258,176.8521728515625,43.749000549316406,67.9985265094596,122.2490005493164,63.317685654952015,179.0945703316381,44.44900131225586,66.83255101061553,119.30249786376953,62.30703754716347,175.3936175218738,43.055999755859375,67.09809629652644,119.49749755859375,62.97402557231371,176.02863367534525,43.516998291015625,130015200,115414000,35292000,16110700,126558000
2020-04-21,64.78543853759766,116.40599822998047,60.111183166503906,169.4700927734375,43.382999420166016,66.92910221467082,121.41549682617188,61.98767228700058,174.01443306233168,44.70000076293945,64.07571185080862,113.98300170898438,59.756116084668555,167.02924055696525,42.560001373291016,66.69494058852548,120.83049774169922,61.62616202853529,173.88544044431308,44.47700119018555,180991600,149534000,49648000,24850500,231776000
2020-04-22,66.65150451660156,118.17449951171875,62.404727935791016,180.86068725585938,42.141998291015625,67.08602784822331,119.69999694824219,63.469426000735105,183.34122116614927,43.29999923706055,65.71003238672124,117.55000305175781,61.35292000771885,176.75292370601838,41.29999923706055,66.05040482183006,118.44999694824219,61.546816874331455,177.06050748849793,42.972999572753906,116862400,84244000,46296000,33242000,210848000
2020-04-23,66.39320373535156,119.97250366210938,63.03749465942383,183.68850708007812,42.66999816894531,68.01543553598502,121.21099853515625,63.87953802477549,185.59355535938485,43.840999603271484,66.35457829164004,119.10399627685547,62.50985788688982,181.7239132676867,41.92599868774414,66.59598178954948,119.9990005493164,62.76822057097703,182.64667978077563,41.92599868774414,124814400,101332000,34202000,21426600,139523000
2020-04-24,68.30995178222656,120.51100158691406,63.3067741394043,188.5900421142578,42.499000549316406,68.31960998543786,121.02149963378906,63.36181922472336,188.9273910973202,42.71699905395508,66.86877252729914,119.0999984741211,61.69013452627562,179.42198319942162,41.5880012512207,66.91705617630512,120.8499984741211,62.23562530613796,181.80328973159789,42.5,126161200,76498000,37402000,28792000,86589000
2020-04-27,68.3582534790039,118.80000305175781,63.022125244140625,186.04006958007812,42.13800048828125,68.68897519756469,122.24400329589844,64.17460265209323,192.2414052327474,42.900001525878906,67.58093367390491,118.1500015258789,62.73450152115081,185.9507739802748,42.08399963378906,68.02752439339068,122.16000366210938,64.07046002760272,191.159895928517,42.5,117087600,112912000,44186000,29197800,62775000
2020-04-28,67.25017547607422,115.7040023803711,61.12430953979492,181.4857940673828,40.382999420166016,69.0003506347447,118.67500305175781,63.71142467884531,187.7268109792905,42.099998474121094,67.15844834573424,115.30000305175781,61.0147150018543,181.1385132497502,40.29100036621094,68.81929803212363,118.6050033569336,63.63406872473429,187.19102229434844,41.999000549316406,112004800,105388000,80700000,21731000,101012000
2020-04-29,69.45903015136719,118.635498046875,66.55889129638672,192.677978515625,41.18899917602539,69.92735352024151,119.59449768066406,67.45002460634528,195.37680095847062,41.58599853515625,68.53204161617626,115.5,65.7927245869815,188.52060074006582,39.36000061035156,68.73481966758834,116.50050354003906,66.6987343327068,189.4433522028139,39.952999114990234,137280800,91832000,108358000,45954500,96931000
2020-04-30,70.92434692382812,123.69999694824219,66.78303527832031,203.11605834960938,41.98500061035156,71.10057413486881,123.75,66.94668363522894,208.0572779754261,42.444000244140625,69.60870223992275,119.80049896240234,65.53336173174351,200.00050816482027,40.79999923706055,69.99735834734561,120.99199676513672,66.02232428665536,205.30884198802337,41.03099822998047,183064000,190692000,55842000,46230100,79540000
2020-05-01,69.78252410888672,114.302001953125,65.32608032226562,200.69505310058594,41.527000427246094,72.1796595284793,118.12200164794922,67.01760531854285,205.6660378850065,42.797000885009766,69.00520440389795,112.90950012207031,64.94622420976376,197.50012403387927,41.17300033569336,69.10176434791705,116.83999633789062,65.66180653739475,200.03027179216886,41.5099983215332,240616800,195452000,48872000,30415600,82999000
2020-05-04,70.76985931396484,115.79949951171875,65.60279846191406,203.6617889404297,42.814998626708984,70.89780288941466,116.3489990234375,65.68066140503612,204.3067369621263,42.854000091552734,69.11866006272429,112.81900024414062,64.2693217841076,197.2123995633453,41.48699951171875,69.80666159250394,112.81900024414062,64.8703571166815,198.6411897862039,41.77799987792969,133568000,97318000,30806000,19250700,77991000
2020-05-05,71.83203887939453,115.88999938964844,66.89808654785156,205.45770263671875,42.46799850463867,72.66246767070962,117.55000305175781,67.98857626005707,208.74192763342248,43.099998474121094,71.08368641004002,115.35649871826172,66.20432703264936,204.89213354811233,42.15599822998047,71.2285300116976,117.0,66.32681171124734,205.40808892263365,42.75600051879883,147751200,64850000,39666000,21071200,62863000
2020-05-06,72.57312774658203,117.56300354003906,66.72005462646484,206.84678649902344,43.42599868774414,73.2031872790944,117.87249755859375,67.87352315827798,209.95242015348194,43.97700119018555,72.14825527383692,116.0,66.70517819138973,205.05088216567125,42.638999938964844,72.53208591439893,116.47200012207031,67.34340449678658,206.4995056560085,42.93000030517578,142333600,62356000,31732000,21857000,66607000
2020-05-07,73.32389068603516,118.38050079345703,67.90277862548828,209.61505126953125,43.65299987792969,73.66910326152602,118.80000305175781,68.23603045485314,209.95241541855825,43.88800048828125,72.89660917840814,117.15550231933594,67.07264174294407,207.4123357446047,43.066001892089844,73.19836352852457,118.73899841308594,67.50754669271235,209.5158389880353,43.68899917602539,115215200,67928000,30652000,15152000,56419000
2020-05-08,75.0691146850586,118.98049926757812,68.64962005615234,210.69654846191406,43.55500030517578,75.12236750357918,119.36199951171875,69.25957668434151,211.54985270052043,44.20000076293945,73.65550314168313,117.8499984741211,68.03817275749519,209.20822817178512,43.36399841308594,73.98228146501447,118.60700225830078,68.52465344306268,210.5874043683722,43.41400146484375,133838400,64132000,33326000,12506000,50493000
2020-05-11,76.25037384033203,120.44999694824219,69.6042251586914,211.5200653076172,44.051998138427734,76.74416477518758,120.9834976196289,70.19633158338425,213.32590113323604,44.48899841308594,74.36958632362644,118.60549926757812,68.21124277247152,208.73194781287668,43.555999755859375,74.57775917368724,118.73500061035156,68.27521296690415,209.24790306876443,43.632999420166016,145946400,65184000,32718000,12911900,54860000
2020-05-12,75.37896728515625,117.84750366210938,68.19537353515625,208.46408081054688,43.18199920654297,77.38319884408511,120.94999694824219,70.13682424784653,213.60373992712047,44.41699981689453,75.25793879153254,117.75,68.16214747442724,208.36485339579585,43.13600158691406,76.93296900656856,120.59249877929688,69.83383223606998,211.6292294374064,44.20000076293945,162301200,61498000,33918000,14704600,45982000
2020-05-13,74.4688491821289,118.39600372314453,66.86387634277344,203.50303649902344,43.82699966430664,76.47792710847203,120.38500213623047,68.69871775652562,209.13880306370265,44.70000076293945,73.39411530032484,116.88999938964844,65.8562057491344,200.536312077277,42.72700119018555,75.55810589582264,118.33999633789062,68.24397243542293,207.79930850893902,43.569000244140625,200622400,95658000,40368000,20684600,70146000
2020-05-14,74.92631530761719,119.44249725341797,67.28688049316406,205.19969177246094,44.19499969482422,74.98682954910396,119.56849670410156,67.31216892241369,205.31875255942361,45.237998962402344,72.98743664654351,117.6604995727539,65.62263398187353,199.1273493977165,43.28200149536133,73.70876906438306,118.05049896240234,66.12944679284938,200.98278398111552,44.4900016784668,158929200,72962000,36660000,17178900,90075000
2020-05-15,74.48334503173828,120.48899841308594,68.0902328491211,209.23802185058594,45.41899871826172,74.52933644505968,120.55000305175781,68.16560628520914,209.6944316566375,45.5,72.66791783323735,117.81849670410156,66.40118989060014,202.53064780705802,43.750999450683594,72.70180935336562,118.4260025024414,66.86039957997617,203.6717026021449,44.06999969482422,166348400,84700000,41544000,19383200,72440000
2020-05-18,76.23828125,121.31300354003906,68.69127655029297,211.530029296875,45.257999420166016,76.61105115017922,121.6500015258789,69.0671676528227,212.96873605342822,45.63600158691406,75.11514045510178,119.20050048828125,67.15497035740877,209.2975485967128,44.334999084472656,75.80500447840275,120.21749877929688,67.52094887953119,210.49811862818973,45.11600112915039,135178400,87144000,47094000,20151900,77735000
2020-05-19,75.7977294921875,122.46649932861328,68.15667724609375,215.1912841796875,45.104000091552734,77.0999898949941,124.25,69.05375799402235,218.77317577753564,45.89699935913086,75.76626090152799,121.44850158691406,68.12494186258233,211.17281618808852,45.047000885009766,76.25521336264156,121.49150085449219,68.70613674497264,211.6093925818394,45.34000015258789,101729600,86410000,31586000,31843200,48105000
2020-05-20,77.27184295654297,124.89700317382812,69.88043975830078,228.17935180664062,44.766998291015625,77.3420341535439,125.00050354003906,70.02276472704372,229.53867952833812,45.58100128173828,76.61586330214624,123.3635025024414,68.80235214483642,221.4521451340405,44.400001525878906,76.65459330065981,123.89350128173828,68.88863698818672,221.75972891282075,45.42499923706055,111504800,79962000,38262000,50162900,56073000
2020-05-21,76.69573974609375,122.33699798583984,69.76093292236328,229.58834838867188,43.625,77.6736518116283,126.27249908447266,70.24244974483369,235.35310808934298,44.895999908447266,76.45852129538247,122.12699890136719,69.14799496101227,229.3998253460713,43.025001525878906,77.13386219842414,125.0,69.9711931242331,232.89242212798536,44.85599899291992,102688800,102288000,30894000,47782600,91173000
2020-05-22,77.18954467773438,121.84400177001953,70.082763671875,233.08091735839844,42.93199920654297,77.27184315466477,123.49250030517578,70.26921852029433,234.15250994111815,43.909000396728516,76.33266100253039,121.50650024414062,69.22534831600099,226.9589608180292,42.71799850463867,76.43432078527125,122.75050354003906,69.61958897415187,229.70738178910028,43.70000076293945,81803200,57342000,28544000,33925600,54223000
2020-05-26,76.66670989990234,121.09300231933594,70.4859390258789,230.3920135498047,41.47700119018555,78.48455279572174,123.0999984741211,71.66321308887383,239.02426954087372,42.849998474121094,76.61103413521022,120.7030029296875,70.38825092272327,229.86614151041633,41.31399917602539,78.30543299444078,122.9000015258789,71.50700292608954,237.90307837726152,42.777000427246094,125522000,71364000,44590000,33178300,78811000
2020-05-27,77.00074005126953,120.51950073242188,70.431884765625,227.35586547851562,41.98899841308594,77.1459757123096,120.67900085449219,70.68330865481425,228.76480723263285,42.00199890136719,75.7856167074525,116.5,69.15841334614704,219.4082385324098,39.7859992980957,76.52389490649263,120.24949645996094,70.4179995868047,227.28641838654224,41.03799819946289,112945200,101138000,31684000,34697600,104463000
2020-05-28,77.03461456298828,120.05500030517578,70.3307113647461,223.70448303222656,41.34400177001953,78.29089056504547,121.84850311279297,71.63096165984945,229.82643907583383,42.23699951171875,76.40042661637571,118.9114990234375,69.38056425382432,222.25584452684524,41.150001525878906,76.67636766312725,119.21649932861328,69.42618481441546,222.55351163233212,41.7239990234375,133560800,63804000,35170000,29377200,56551000
2020-05-29,76.95960235595703,122.11849975585938,71.08846282958984,223.33734130859375,41.972999572753906,77.73660324937043,122.11849975585938,71.24764676163868,225.71866288030157,42.029998779296875,76.60377827424547,119.91000366210938,70.218652828686,221.14455787120394,41.185001373291016,77.27669643163954,120.7969970703125,70.4393250257835,223.4464854032134,41.74599838256836,153532400,70198000,37044000,23241500,52549000
2020-06-01,77.9060287475586,123.552001953125,71.15540313720703,230.10426330566406,42.59199905395508,78.02705721931588,123.84649658203125,71.48815557585249,230.6301353109127,42.672000885009766,76.78288098389504,122.20850372314453,70.53106194988158,221.75974316203477,41.597999572753906,76.91359380175058,122.4000015258789,70.70066543276502,222.84125236981188,41.882999420166016,80791200,58578000,25162000,18223800,37437000
2020-06-02,78.2667007446289,123.62049865722656,71.52434539794922,230.90797424316406,42.73099899291992,78.29090791932163,123.67649841308594,71.55856271044368,231.18579286888968,42.75899887084961,77.19922860751555,122.2655029296875,70.49782602311556,224.79593419724122,41.94599914550781,77.63977407114822,123.3499984741211,71.1618401370753,229.14183506248852,42.58700180053711,87642800,50598000,23442000,20919000,34948000
2020-06-03,78.69758605957031,123.91999816894531,71.37260437011719,228.3678741455078,42.196998596191406,78.95901180744887,124.4000015258789,71.85660306579962,230.83847619373373,42.709999084472656,78.01498341310334,123.05850219726562,70.99423139231902,226.7505612153205,41.80500030517578,78.58624188613788,123.40049743652344,71.54369094375163,230.30268753868992,42.69499969482422,104491200,53420000,27732000,15380300,43160000
2020-06-04,78.01979064941406,123.02999877929688,70.13532257080078,224.52798461914062,41.43299865722656,78.81857555541607,125.37699890136719,71.4752534941647,229.82641617695714,42.87099838256836,77.6470209126839,122.50050354003906,69.72422296477501,222.86107321846228,41.00299835205078,78.52085026224736,123.87149810791016,71.25010932295427,227.77252697971804,42.23899841308594,87560400,58974000,26982000,17041500,54105000
2020-06-05,80.24188995361328,124.1500015258789,71.41078186035156,228.97312927246094,41.959999084472656,80.30240419943048,124.43250274658203,71.72221085779697,229.5486149585623,42.02399826049805,78.2400813612976,121.85649871826172,69.80405884772759,223.55563653087066,40.42499923706055,78.26912701737099,122.22550201416016,70.201772677835,224.944744609729,40.729000091552734,137250400,66128000,42642000,16750400,50996000
2020-06-08,80.71632385253906,126.2030029296875,71.80850982666016,229.59820556640625,41.94900131225586,80.75021537775042,126.5,71.85611291261435,229.74704668039834,42.08000183105469,79.23009773769596,124.36699676513672,70.64016468589004,225.63928325783525,40.650001525878906,79.93932296340279,125.01000213623047,70.72943087648002,227.24666433710607,41.599998474121094,95654400,79414000,33878000,15466500,58515000
2020-06-09,83.26519012451172,130.04299926757812,72.00885009765625,236.81163024902344,43.404998779296875,83.6573213064147,131.32150268554688,72.78841022144854,237.90307132103038,43.472999572753906,80.3653518160227,126.25,71.52683385423786,228.61595094279085,42.03099822998047,80.39682040985336,126.47200012207031,71.66965824623362,229.71730870091466,42.165000915527344,147712400,103520000,33624000,27462900,67970000
2020-06-10,85.40739440917969,132.37249755859375,72.6346664428711,234.88671875,43.448001861572266,85.8745626649843,136.11749267578125,73.03485462843723,239.3318465307384,43.96900177001953,83.77350959383725,131.31300354003906,72.12190617651635,233.44801207354607,43.05500030517578,84.2116321903992,132.25,72.47647380181667,239.08379313341953,43.599998474121094,166651600,98920000,31762000,20720700,48969000
2020-06-11,81.30693817138672,127.89800262451172,69.52041625976562,222.6824951171875,42.555999755859375,84.97652287764004,133.56900024414062,71.98504674451961,231.07662899070073,44.55699920654297,81.20527837641917,126.8115005493164,69.34734716096332,221.80935742815382,42.41600036621094,84.55292316229209,130.1750030517578,71.46087559148388,228.14960184432616,42.81999969482422,201662400,116002000,47144000,26708200,74629000
2020-06-12,82.00889587402344,127.2509994506836,70.06690216064453,226.8001708984375,41.80699920654297,84.18740853476542,131.07400512695312,71.1375515555571,229.85619039294693,43.40599822998047,80.90027823694467,125.1675033569336,68.7220148203328,222.75193787220334,41.244998931884766,83.44187634114364,130.0605010986328,70.70859413359544,228.10988488752614,42.900001525878906,200146000,108722000,36676000,22091400,64611000
2020-06-15,83.02312469482422,128.63400268554688,70.45469665527344,230.68966674804688,42.54999923706055,83.67425858934295,129.1999969482422,70.66594810504006,231.94978228517638,42.64899826049805,80.50331054070764,125.4000015258789,68.79144145539158,223.0496248987954,41.54199981689453,80.665491974399,126.33000183105469,68.90500481086467,223.33736018712725,42.13999938964844,138808800,77302000,30468000,15340300,44679000
2020-06-16,85.2234115600586,130.7635040283203,71.73064422607422,233.8151397705078,43.612998962402344,85.49452156139306,131.0,72.26125473639239,236.60327283509807,43.79600143432617,83.44187587324252,128.8000030517578,70.86380812050945,231.18577966295072,42.518001556396484,85.07333742619001,131.0,71.85610266711461,235.2935435543671,42.57600021362305,165428800,71712000,30648000,15236700,55079000
2020-06-17,85.10481262207031,132.0489959716797,72.03165435791016,233.69607543945312,44.777000427246094,86.02704912393895,132.75,72.51069676200414,235.7400330981517,45.04600143432617,84.98378413219785,131.59100341796875,71.16829143028149,229.925660611379,43.922000885009766,85.96653487900272,132.375,72.0514946495563,233.17020342590362,44.18199920654297,114406400,59186000,30610000,19578100,65296000
2020-06-18,85.13871002197266,132.69900512695312,71.11820220947266,234.1029052734375,44.98699951171875,85.55504835135272,132.98199462890625,72.05297348457265,234.3013449875379,45.2760009765625,84.53114459703605,131.8054962158203,70.72742718247635,230.3424068323234,44.279998779296875,85.06125001022909,132.35049438476562,71.89825402642742,233.1603052764759,44.87300109863281,96820400,49756000,34862000,15782500,42776000
2020-06-19,84.65216827392578,133.75050354003906,70.64810180664062,236.9306640625,45.37200164794922,86.30783714893171,134.8715057373047,71.63295826897189,238.95478815827963,45.39699935913086,83.54596609025744,132.9499969482422,70.36840814054392,233.71590188916792,44.560001373291016,85.8430918789263,133.9040069580078,71.40980414439169,235.93845052456254,44.9119987487793,264476000,115540000,52784000,30081300,59345000
2020-06-22,86.86698913574219,135.6909942626953,71.93843078613281,237.35733032226562,46.80400085449219,87.00980187063504,135.75,71.95281537744636,238.82580215983967,46.85900115966797,84.99830891368086,133.4499969482422,70.37783504857579,235.0653194086259,45.42100143432617,85.0443003318489,134.22500610351562,70.66645003115394,236.70246573551785,45.500999450683594,135445200,64176000,29442000,18917800,62721000
2020-06-23,88.7211685180664,138.2205047607422,72.59896850585938,240.3538360595703,46.625999450683594,90.13720371046618,139.15550231933594,73.15537446068053,243.28086325076663,47.4010009765625,87.69000314125313,135.90199279785156,71.65775015871338,237.99236276675106,46.45000076293945,88.10876448893902,136.30099487304688,72.00487961496944,239.40130430970032,46.650001525878906,212155600,84634000,37752000,24017900,59484000
2020-06-24,87.15502166748047,136.72000122070312,71.04779052734375,232.19784545898438,45.78499984741211,89.26818142371512,139.8000030517578,73.18462478275211,241.3262081229041,47.236000061035156,86.78225190963218,136.0500030517578,70.91389504036651,230.86826764529962,45.400001525878906,88.35078354810454,139.0,72.5642562323238,239.32193228613724,46.854000091552734,192623200,90532000,31592000,20834900,48262000
2020-06-25,88.31208801269531,137.72900390625,71.46434783935547,233.8448944091797,46.590999603271484,88.35081802484417,137.81149291992188,71.52484484122479,235.45229073930926,46.70100021362305,86.55233602258699,135.60699462890625,70.39518156341698,230.92779913741757,45.400001525878906,87.3099757261986,136.9774932861328,70.97439400933185,232.79315041364956,45.88600158691406,137522400,59374000,23958000,18704300,41345000
2020-06-26,85.5986099243164,134.64349365234375,67.56855010986328,214.39755249023438,44.34000015258789,88.42825657527817,139.1284942626953,71.26202286929771,231.27510320864533,46.803001403808594,85.45095132716905,134.39999389648438,67.19464153368672,213.72283925619894,44.2239990234375,88.20798383985682,138.7530059814453,71.04432444908078,230.82861004169953,46.638999938964844,205256800,130016000,97640000,76343900,68047000
2020-06-29,87.57138061523438,134.0189971923828,69.28585815429688,218.9220428466797,44.7239990234375,87.66578639039905,134.83999633789062,69.32702184746623,219.03118696560267,44.766998291015625,85.02978213117639,131.50399780273438,67.02851386270075,205.49739191905772,43.2140007019043,85.5066347136651,134.50050354003906,67.45945384242283,208.11683563322833,44.52299880981445,130646000,84468000,45074000,58514300,48440000
2020-06-30,88.30237579345703,137.9409942626953,70.32129669189453,225.30198669433594,45.50400161743164,88.58800861953088,138.48150634765625,70.61635863988086,225.72863134573282,45.75899887084961,87.1405053436716,133.75149536132812,68.77805172682511,216.76894226659294,44.70000076293945,87.1598666501381,134.2534942626953,69.27147878140379,218.87243060181214,45.00199890136719,140223200,75394000,40286000,33927100,41985000
2020-07-01,88.1353530883789,143.93499755859375,71.50895690917969,235.70034790039062,48.56399917602539,88.9220381809634,144.75,71.83030599589236,237.13905461798524,48.823001861572266,88.08694613026117,137.6999969482422,70.12936081709759,225.7881284096902,45.400001525878906,88.37983297329643,137.89950561523438,70.37681959035663,226.72081163267626,45.400001525878906,110737200,127268000,42182000,43399700,97059000
2020-07-02,88.1353530883789,144.51499938964844,72.89402770996094,231.6024932861328,47.68899917602539,89.67483914156468,147.7779998779297,73.81591270905315,238.13126049483006,49.22800064086914,88.02159341265586,143.55499267578125,71.9587569455247,230.7988027043592,47.553001403808594,89.0406511103845,145.60049438476562,71.99694685942596,237.13904690943494,48.56399917602539,114041600,131868000,57218000,30633600,63515000
2020-07-06,90.4930191040039,152.8520050048828,74.36785125732422,238.4091033935547,49.38100051879883,90.96018738333704,152.99400329589844,74.88111101976311,238.52816419114757,49.95000076293945,89.52962949763806,146.5,73.24364363672055,230.46147721466446,47.97999954223633,89.56109809240039,146.74850463867188,73.79756767696199,231.9398659180404,48.07699966430664,118655600,137612000,44712000,26206200,78390000
2020-07-07,90.21222686767578,150.00599670410156,73.8853530883789,238.9845733642578,49.316001892089844,91.64762315168353,153.4774932861328,75.4424833823451,245.72169718938696,50.481998443603516,90.10088271239697,149.5,73.87444168226713,236.96046423896934,49.08300018310547,90.87062222466152,152.92750549316406,74.19330898708695,237.5458666417758,49.73099899291992,112424400,105150000,42364000,27887800,56699000
2020-07-08,92.31327819824219,154.0554962158203,74.56373596191406,241.6833953857422,50.27799987792969,92.34474679060094,154.19850158691406,74.93913520411024,245.0668474636678,50.5099983215332,91.10057024745561,150.6215057373047,74.0033649498385,234.74781673128183,49.38100051879883,91.1877146099101,151.1304931640625,74.42488417311117,236.25598567293406,49.858001708984375,117092000,100752000,31766000,29791300,56917000
2020-07-09,92.71025848388672,159.13150024414062,75.31056213378906,242.5962371826172,50.7760009765625,93.25730230757911,159.69400024414062,75.83026886920159,244.61042967890646,51.0,91.66457041968785,153.6999969482422,74.1665217588181,237.377198839224,49.577999114990234,93.20404946948581,155.79949951171875,74.87763965842205,243.0923440071215,50.84000015258789,125642800,127774000,41836000,22174900,58405000
2020-07-10,92.87244415283203,160.0,76.31971740722656,243.16177368164062,54.87300109863281,92.93054286610042,160.75,76.43526327419461,243.57850154164623,55.5880012512207,91.69605047382157,156.78500366210938,74.42091366005153,237.4565459635066,51.12799835205078,92.30603156067943,159.58799743652344,75.04227347746796,241.7925141844959,51.972999572753906,90257200,109720000,35918000,22982700,216056000
2020-07-13,92.44397735595703,155.1999969482422,74.99169921875,237.13905334472656,52.54999923706055,96.77921853086478,167.21449279785156,78.17191203749789,248.2022290661148,57.5369987487793,92.23096604261153,153.41949462890625,74.71052246568456,236.563567632783,52.09600067138672,94.17468319640058,162.55299377441406,76.86174141702182,245.08667892902588,56.79800033569336,191649200,154408000,42954000,24674900,183990000
2020-07-14,93.97378540039062,154.1999969482422,75.4196548461914,237.86337280273438,52.487998962402344,94.16500509879575,156.36900329589844,75.51585983280482,238.45870704554085,52.54999923706055,90.89482027358295,147.5,73.68747324161508,230.22333076660445,49.04899978637695,91.82673375082925,154.4499969482422,74.0276638809234,234.9164970668019,51.70800018310547,170989200,144638000,38108000,23378100,150833000
2020-07-15,94.62005615234375,150.44349670410156,75.2222900390625,238.4091033935547,52.32600021362305,96.09418202713559,154.91749572753906,76.18681428524529,242.91376200888993,52.900001525878906,93.42429428051739,148.65899658203125,74.2775985185989,236.1964711117376,51.018001556396484,95.84486367498508,154.01150512695312,75.53718469026553,239.66921901467015,51.630001068115234,153198000,115778000,31026000,19133600,100667000
2020-07-16,93.45576477050781,149.9949951171875,75.12509155273438,239.0540313720703,52.73899841308594,94.31022548870118,151.60000610351562,75.17418530345144,239.87757053195742,53.55400085449219,92.8578838224014,145.9114990234375,73.80351018131975,234.48985759074168,50.43600082397461,93.49449476804814,148.55299377441406,74.45958671679637,236.1468525967872,52.64799880981445,110577600,127884000,26484000,18880700,244990000
2020-07-17,93.26695251464844,148.09849548339844,75.2208023071289,240.14544677734375,49.29899978637695,94.06089892749817,151.1999969482422,75.54710778770762,242.2588665054799,50.35900115966797,92.79493855947327,147.42250061035156,74.29098718634621,236.00791804787727,48.41400146484375,93.90598633783999,150.4499969482422,75.22377608107477,239.12346802147917,49.48699951171875,92186800,95226000,34264000,18152400,249914000
2020-07-20,95.23248291015625,159.8419952392578,77.5510482788086,243.5090789794922,50.24100112915039,95.37045717183655,160.0679931640625,77.80742846308635,244.13417844127542,50.45000076293945,93.01040144233045,149.7010040283203,74.5191078119618,233.80523042218056,48.41999816894531,93.35412562962276,150.00999450683594,75.12906443419325,238.19081306109,48.91400146484375,90318000,151964000,30166000,20872200,119403000
2020-07-21,93.91812133789062,156.9145050048828,77.15828704833984,239.86764526367188,49.0099983215332,96.09663446170768,162.0290069580078,78.70203135101997,244.98747123257405,50.62200164794922,93.66880290920021,155.28599548339844,76.99463868090396,238.21065031691052,48.861000061035156,96.02159737840238,161.62449645996094,78.60186132798782,244.30284140487475,50.599998474121094,103433200,122426000,27486000,19364200,91137000
2020-07-22,94.18193054199219,154.99549865722656,77.60112762451172,238.00230407714844,48.981998443603516,94.8621099281947,157.5,77.70675334704666,240.0164967506023,49.720001220703125,93.53321973878694,153.26300048828125,76.52898757148118,236.26593003865509,48.720001220703125,93.62035668832587,156.25,77.14787303751817,238.3892668286992,49.21900177001953,89001600,82084000,24482000,15427900,69541000
2020-07-23,89.89512634277344,149.32749938964844,75.21583557128906,230.78890991210938,47.757999420166016,93.99314942038049,154.9134979248047,77.87386699676158,240.53244045663342,49.189998626708984,89.08665688068213,148.5,74.811175365206,229.9455222212178,47.20199966430664,93.91568941051719,154.9134979248047,77.65467794351336,237.76417092837667,49.112998962402344,197004400,113138000,33910000,21771800,77220000
2020-07-24,89.67243194580078,150.44549560546875,74.79234313964844,228.9136199951172,48.04499816894531,90.01615612762265,151.57899475097656,75.15038400386956,231.6719727567298,48.71699905395508,86.31267968652797,144.39999389648438,73.76979622867519,225.13327323566094,46.75400161743164,88.09664593771886,146.5,74.34504365729109,228.39766465309515,46.87699890136719,185438800,112648000,29902000,18325800,77462000
2020-07-27,91.79768371582031,152.760498046875,75.84463500976562,231.681884765625,49.564998626708984,91.88966654711753,154.89999389648438,76.24780455339922,233.12059151454645,49.69200134277344,90.50994623863684,150.7884979248047,74.99664795853083,229.03267616561638,48.23099899291992,90.7326345162056,153.10000610351562,75.04276793316431,229.65777560313904,48.45100021362305,121214000,83410000,27124000,13163100,78631000
2020-07-28,90.28968048095703,150.01649475097656,74.56621551513672,228.32818603515625,48.85100173950195,91.54595685387366,153.85450744628906,75.67504727423581,233.1305113076569,49.77899932861328,90.28483461346657,149.78799438476562,74.41099662396583,228.04045075621468,48.7760009765625,91.36925259131361,152.7135009765625,75.62496226274747,232.8030790068061,49.60200119018555,103625600,62534000,30910000,14170100,59867000
2020-07-29,92.02037811279297,151.67649841308594,75.55107116699219,231.4735107421875,48.448001861572266,92.20434377285328,151.95799255371094,76.03804366539825,231.88032196348667,49.492000579833984,90.73505619988047,149.8385009765625,74.53447181046977,228.5167183683108,48.41299819946289,90.7713632677891,151.54949951171875,74.63315872892666,229.3402574968024,49.224998474121094,90329200,59482000,22676000,13588300,66118000
2020-07-30,93.13382720947266,152.593994140625,76.2879867553711,232.674072265625,48.58000183105469,93.23790991700753,154.60000610351562,76.41295336384728,233.06103493586215,48.834999084472656,90.7882949552578,150.25,74.14568906688521,227.2168978628065,47.750999450683594,91.19494882678332,150.6999969482422,74.28454085408097,228.42739957790258,48.07099914550781,158130000,122566000,36042000,20615300,66086000
2020-07-31,102.88389587402344,158.23399353027344,73.78765106201172,251.69482421875,48.88800048828125,103.03397001244983,162.34100341796875,74.63415515123877,253.85785775778805,49.47999954223633,97.62157236005555,157.5500030517578,72.10406361825939,247.0611884844534,48.45000076293945,99.61612680199143,162.1999969482422,74.23892317136475,253.82809256073517,48.82899856567383,374336800,161710000,91468000,53005100,59163000
2020-08-03,105.47632598876953,155.59449768066406,73.5302734375,249.99818420410156,49.86199951171875,108.09053834247213,159.1999969482422,74.27263483646993,253.41138680143405,50.308998107910156,104.4645296144692,155.1999969482422,72.982796377369,248.38087093974008,49.02299880981445,104.7622549635953,159.02549743652344,73.93889871670713,250.68279897700992,49.08599853515625,308151200,101494000,45482000,23124900,58731000
2020-08-04,106.18070983886719,156.94149780273438,73.06114959716797,247.88473510742188,50.9640007019043,107.26996618839969,158.36199951171875,74.04353160138255,250.83161082477696,51.04399871826172,104.94379489849536,155.0605010986328,72.60144805958299,245.50341329118677,49.8650016784668,105.6651273181697,155.0605010986328,73.72615502792115,249.60126046272325,49.8650016784668,173071600,93886000,37212000,17183500,56080000
2020-08-05,106.56558227539062,160.25149536132812,73.34828186035156,247.1802520751953,50.21099853515625,106.8850992523654,160.67950439453125,73.88931200767865,250.30573406098853,51.0099983215332,105.43759589570149,156.36500549316406,72.95800616932094,245.84077277269392,50.119998931884766,105.90234853375506,157.18850708007812,73.2357173222867,248.2419279153794,50.86800003051758,121776800,78330000,29134000,13050100,43082000
2020-08-06,110.2835922241211,161.25,74.63067626953125,263.2144470214844,50.90800094604492,110.7773905993439,162.37350463867188,74.6961371287166,264.52417636220866,51.082000732421875,106.30902020460445,158.27149963378906,72.99172582956919,246.7337769905804,49.869998931884766,106.89721697372634,159.71800231933594,73.20248543087422,247.10089121185337,50.4109992980957,202428800,78812000,33306000,45241600,37259000
2020-08-07,107.77619171142578,158.3730010986328,74.30437469482422,266.349853515625,49.472999572753906,110.26174899503663,162.04049682617188,75.3814709934715,276.71849900536273,50.82899856567383,106.98081367668276,157.0334930419922,73.70433072116582,261.37885308703824,48.667999267578125,109.80586023116359,161.20050048828125,74.83350211063035,262.0237859492798,50.54499816894531,198045600,78722000,27718000,72766400,59103000
2020-08-10,109.34271240234375,157.4080047607422,74.2275161743164,260.9521484375,48.3380012512207,110.35876045671141,158.62550354003906,74.73977711058357,271.7275724279563,49.74599838256836,106.69710821737102,155.0760040283203,73.26893187451145,257.6679242008539,47.862998962402344,109.21903838608283,158.5155029296875,73.92898105188225,265.95291291636204,49.334999084472656,212403600,63346000,20546000,30248800,46912000
2020-08-11,106.09086608886719,154.0334930419922,73.4201889038086,254.13568115234375,46.69300079345703,109.10505737675727,157.96099853515625,74.90293686647448,263.84946103998055,48.09199905395508,105.83139636601508,153.64999389648438,73.30365176800044,253.1434675252499,46.654998779296875,108.60794885006547,155.66000366210938,74.08766876140056,258.16406605594824,47.974998474121094,187902400,74362000,31098000,28238300,73292000
2020-08-12,109.6167221069336,158.11199951171875,74.7442398071289,257.8664245605469,47.547000885009766,109.87376452711321,158.71949768066406,74.96392829740739,261.84518077653547,48.249000549316406,106.98566715289093,155.0709991455078,73.64135561207259,256.10025516377686,47.018001556396484,107.17965891895842,155.39999389648438,73.74648949020883,256.9535746633376,47.13399887084961,165598000,70442000,22512000,21415700,54392000
2020-08-13,111.55667114257812,158.05099487304688,75.21088409423828,259.2654113769531,48.132999420166016,112.55817011651827,160.87600708007812,76.21856217706964,263.09537176343133,48.44499969482422,110.50667052619417,157.75,74.79234620944766,257.5489011631833,47.64500045776367,110.99408465160128,159.14950561523438,74.79234620944766,259.51346478633786,47.84000015258789,210082000,62980000,22388000,17374000,30089000
2020-08-14,111.45726013183594,157.4010009765625,74.61480712890625,259.2058410644531,48.268001556396484,111.54698151987802,158.91200256347656,75.36659681987358,260.6048657115338,48.83300018310547,109.65068105796512,156.0,74.33561289996881,256.6657769659094,48.020999908447266,111.38208775805406,158.90899658203125,75.06012408061498,260.2675167603158,48.28200149536133,165565200,55034000,21942000,14792700,29435000
2020-08-17,111.16624450683594,159.12049865722656,75.19054412841797,259.12652587890625,48.23500061035156,112.60180865121056,159.74850463867188,75.56446023024378,262.04363649322056,48.624000549316406,110.54061480830164,157.70899963378906,74.63315451205264,257.3802201288519,47.90999984741211,112.57755783182,158.656005859375,75.1771583632833,260.4560885640764,48.41899871826172,119561600,53824000,19990000,13351100,24235000
2020-08-18,112.09256744384766,165.62449645996094,77.15135192871094,260.29730224609375,49.1870002746582,112.5169308684593,166.0,77.23019855885632,263.08541993318096,49.529998779296875,110.58425829007268,160.29100036621094,75.45983443901895,257.24129779802496,48.279998779296875,110.91890034610189,160.60000610351562,75.68050663430974,258.9181411403599,48.435001373291016,105633600,106920000,28378000,18690400,35055000
2020-08-19,112.23322296142578,163.0240020751953,76.59742736816406,260.54541015625,48.452999114990234,113.64453639963617,165.7949981689453,77.79998980713675,265.82399467833227,49.45000076293945,112.13865437861999,162.8000030517578,76.36881754336467,259.31507477138916,48.349998474121094,112.49996719549999,165.15049743652344,76.98819489670538,259.354771800567,49.393001556396484,145538000,83702000,30472000,23291500,31562000
2020-08-20,114.72364807128906,164.86849975585938,78.16645050048828,266.9154052734375,49.790000915527344,114.83762028422797,165.63099670410156,78.36084298271476,267.53057289532575,49.89400100708008,112.25748652761663,161.89999389648438,76.09407832961335,259.4241740031318,48.388999938964844,112.27446284451047,162.60000610351562,76.36731743172305,259.4638710277575,48.46900177001953,126907200,66650000,26382000,20299700,51325000
2020-08-21,120.6356201171875,164.23599243164062,78.13272857666016,264.9309997558594,49.23099899291992,121.11817961837231,165.72000122070312,78.94154200457511,268.38388418339855,49.8129997253418,115.6693525872738,163.76950073242188,77.47516142101985,264.3455972842934,49.0,115.6814742972318,164.75,77.94576675479895,266.5979115677721,49.645999908447266,338054800,71518000,34838000,15538600,39213000
2020-08-24,122.0784683227539,165.3730010986328,78.6078109741211,269.2768249511719,48.88100051879883,124.91807177754512,169.01600646972656,79.77962926395986,275.09118128175845,50.099998474121094,120.21612051624737,162.8780059814453,78.10645386630996,266.67720025556804,48.316001892089844,124.83319019483912,165.50750732421875,78.9708081393401,268.9593093773643,49.54399871826172,345937600,93326000,25638000,23685600,47622000
2020-08-25,121.07695007324219,167.32449340820312,79.63433074951172,278.6334533691406,49.05799865722656,121.42129395286675,167.8699951171875,79.7845857885125,280.8857675258708,49.24700164794922,119.35767277780953,163.35000610351562,78.2472884005145,268.1556793125237,48.50899887084961,120.95328347307442,164.74949645996094,78.35737857337155,270.28893267224026,48.819000244140625,211495600,79856000,25150000,42127200,57277000
2020-08-26,122.72350311279297,172.09249877929688,81.53263854980469,301.5436706542969,54.75299835205078,123.17939196014703,172.58700561523438,81.96209542076527,302.2977627595192,54.90399932861328,121.32673854222942,167.22850036621094,79.39283024801047,281.78869215846566,49.20800018310547,122.391288286882,167.5554962158203,79.65664865706766,281.78869215846566,49.25,163022400,130174000,52188000,69015200,203737000
2020-08-27,121.25640869140625,170.0,80.75852966308594,290.9368591308594,52.62699890136719,123.65709200762272,172.64999389648438,81.72404511830622,298.88449937748896,54.099998474121094,120.11425938434616,168.89999389648438,80.27700533270146,289.74619075564993,52.125,123.32487721481381,172.50250244140625,81.65561048941696,297.82282360892196,53.77799987792969,155552400,85296000,31350000,30301300,90629000
2020-08-28,121.05999755859375,170.08999633789062,81.299560546875,291.37347412109375,52.388999938964844,122.64589926041506,171.6685028076172,81.3947742823975,294.9156842406994,53.900001525878906,120.83690034715939,169.3249969482422,80.61423049630892,288.71434871476174,52.20000076293945,122.22881026536905,171.14999389648438,80.80564922534911,292.70303682425975,53.20000076293945,187630000,57940000,22418000,17157400,44175000
2020-08-31,125.16539001464844,172.54800415039062,80.80862426757812,290.9170227050781,52.95600128173828,127.06654483126823,174.75,81.55098571536558,294.56836127343684,53.19900131225586,122.21667670793738,170.25,80.60034658249602,289.2798461363718,51.757999420166016,123.74923681098468,170.44949340820312,81.50486573387329,291.6611828617794,52.11600112915039,225702700,83718000,26422000,17345100,49414000
2020-09-01,130.1510772705078,174.95599365234375,82.07565307617188,293.1396179199219,55.654998779296875,130.75247109042868,175.69349670410156,82.28095699805938,299.1424986923142,55.73899841308594,126.61067882372832,173.35000610351562,80.80862853332464,290.4308636184182,53.244998931884766,128.77371625173845,174.47900390625,80.93905085374529,292.4152910182119,53.2599983215332,151948100,68644000,22652000,17295900,95727000
2020-09-02,127.45447540283203,176.57249450683594,85.16561126708984,300.14459228515625,55.284000396728516,133.83690097727634,177.6125030517578,85.59754248382305,301.23603322218395,55.650001525878906,123.18659914787672,174.33450317382812,82.32905460313435,290.76816233153926,53.73699951171875,133.45861201286266,177.35000610351562,82.71684835469105,296.5527841578091,55.37799835205078,200119000,78630000,49522000,24341400,58869000
2020-09-03,117.25039672851562,168.39999389648438,80.80763244628906,288.8532409667969,52.57500076293945,124.97138507910603,174.42050170898438,84.30323947854686,295.2827964981779,55.400001525878906,116.88180945410002,165.14999389648438,79.72656344056428,281.42157021145084,52.13199996948242,123.09934328509381,174.25,84.27943415274483,293.6853167317261,54.5,257599600,163222000,63726000,32294100,90711000
2020-09-04,117.32801818847656,164.7310028076172,78.41241455078125,280.52862548828125,51.60499954223633,119.98574406174012,169.0749969482422,81.07936727771299,286.74979526681267,52.736000061035156,107.56038329847304,155.55650329589844,76.26813467762842,269.0288708964707,48.597999572753906,116.46474218511382,165.89999389648438,79.79052021748116,285.0134210740205,52.018001556396484,332607200,175636000,55850000,30333700,82701000
2020-09-08,109.43241119384766,157.49200439453125,75.55553436279297,269.04864501953125,50.70199966430664,115.4171459794859,162.54249572753906,77.13993533300419,277.125248026283,52.20000076293945,109.29661549435876,156.5,75.20344105449351,267.32220303478647,49.5,110.5284785969539,157.1999969482422,75.62496025313807,269.1677058074507,49.84000015258789,231366600,121884000,54032000,24864000,55727000
2020-09-09,113.79730987548828,163.4304962158203,76.72735595703125,271.5887451171875,50.01900100708008,115.56266164657546,165.15899658203125,77.2971401284128,276.3116921916663,52.0,111.79916649731042,159.25,75.63339304854327,269.2372034068986,49.25699996948242,113.73911382379356,160.14950561523438,76.81016761668064,273.622771164663,51.92100143432617,176940500,103774000,39242000,22918800,68481000
2020-09-10,110.08229064941406,158.7554931640625,75.67701721191406,266.0025634765625,48.06700134277344,116.88180696925608,167.4945068359375,78.03800413322116,276.9863762490286,50.62900161743164,109.12201895469966,158.52749633789062,75.37699903840779,264.9508193916789,47.88399887084961,116.74601127102618,165.36099243164062,76.87363185390018,273.3648023507062,50.334999084472656,182274400,106614000,33024000,24814700,62402000
2020-09-11,108.63706970214844,155.81100463867188,75.16675567626953,264.5340881347656,48.202999114990234,111.77008845058923,160.86700439453125,76.30434911532208,269.2768988349684,49.37300109863281,106.69712202889578,154.19900512695312,74.03907481748664,260.595028693732,47.680999755859375,111.12990216626557,160.4344940185547,75.78117674902929,267.95723761672286,48.64899826049805,180860300,101880000,30706000,18913900,50352000
2020-09-14,111.89615631103516,155.14849853515625,74.8230972290039,264.0776672363281,47.625999450683594,112.44904097306566,159.3695068359375,77.21185520916106,274.4860094229294,48.89899826049805,109.41302623599448,154.8000030517578,74.6386248535236,263.6311892443126,47.130001068115234,111.27537379227499,158.64700317382812,75.9547432017758,268.8403111108716,48.0620002746582,140150100,90592000,42660000,24093800,73591000
2020-09-15,112.07074737548828,157.80650329589844,76.1268081665039,270.298828125,49.5989990234375,115.26196131479541,158.75100708007812,76.91380642864527,272.3824523522655,49.74700164794922,110.19869808587379,155.4459991455078,75.48115117831345,267.2030964194408,48.16299819946289,114.77697452888815,156.80799865722656,75.76827546976736,268.56245441564243,48.400001525878906,184642000,80430000,23042000,18478500,53370000
2020-09-16,108.76313781738281,153.90499877929688,74.98474884033203,261.4681091308594,48.38600158691406,112.51693833812011,159.36199951171875,77.08141822427109,270.3186675006481,50.465999603271484,108.67584374495958,153.70750427246094,74.95995225886935,259.7515990335024,48.33100128173828,111.7700619173575,158.99949645996094,76.49179380537119,265.20877366986406,49.999000549316406,154679000,90244000,22128000,29183400,43949000
2020-09-17,107.02687072753906,150.43649291992188,73.74252319335938,252.83590698242188,47.02000045776367,108.83102200073318,151.47149658203125,74.31876192273185,259.46388735394805,47.84000015258789,105.44581661191643,148.62750244140625,72.523601178489,248.2419526215718,46.32699966430664,106.42549190334795,150.46249389648438,73.68152677302831,256.26895796959593,47.51599884033203,178011000,128982000,40008000,31281400,53793000
2020-09-18,103.63197326660156,147.74549865722656,71.95974731445312,250.563720703125,46.99599838256836,107.55066740012516,151.88999938964844,74.14717354274497,257.18179930634693,47.939998626708984,102.90449308489,145.27699279785156,70.99423184511045,248.10303500311386,45.86000061035156,107.08508422800398,151.58700561523438,73.80500039329375,256.388010190241,47.250999450683594,287104900,177852000,63056000,28130800,67177000
2020-09-21,106.77468872070312,148.02349853515625,70.92084503173828,246.2178192138672,48.73500061035156,106.88138640178967,148.10000610351562,71.41277382224862,248.00380687005463,48.77799987792969,100.00427017683465,143.5500030517578,69.55909872730024,242.229131111691,46.63199996948242,101.40103443810513,145.3249969482422,70.99423595541519,245.61256826204752,46.76900100708008,195713800,122358000,56908000,24709400,54575000
2020-09-22,108.45275115966797,156.44949340820312,72.3926773071289,252.7664337158203,49.117000579833984,109.47122644967507,156.69949340820312,72.59848063067304,253.33200277778175,49.18199920654297,105.8823269140235,150.00999450683594,70.88910537519139,246.28727962902335,47.92599868774414,109.29663089711133,151.69200134277344,71.92157247881308,251.33764360136956,48.9010009765625,183055400,138976000,33950000,30293100,34823000
2020-09-23,103.9035873413086,149.9929962158203,69.89183044433594,247.08102416992188,47.06100082397461,108.74375412227577,156.35000610351562,72.05842484061942,255.98116584622917,49.104000091552734,103.56409061974239,149.61900329589844,69.55908563863417,246.217788080264,46.900001525878906,108.26846907252015,156.02149963378906,72.00933109660266,253.2724270751791,49.104000091552734,150718700,113054000,37726000,19641300,37264000
2020-09-24,104.97054290771484,150.989501953125,70.55982208251953,247.5870819091797,47.30799865722656,106.93958810787352,153.46499633789062,71.31012111863477,250.2759876821249,47.70000076293945,101.84722676940335,148.25,69.53281074002145,243.70752273115838,46.78200149536133,102.01212050333626,148.88949584960938,69.55909799295081,244.58067562687125,47.053001403808594,167743300,110588000,34552000,20006800,37272000
2020-09-25,108.90863037109375,154.75650024414062,71.3631820678711,252.83590698242188,48.28799819946289,109.06382969318265,155.07699584960938,71.70435638288463,253.75865847331633,48.48699951171875,104.43705165768294,149.9499969482422,69.80704340057243,244.68982569300698,46.803001403808594,105.17423363698332,152.7429962158203,70.66842379721632,247.4580953056702,47.43899917602539,149981400,92304000,30326000,18351300,37694000
2020-09-28,111.50818634033203,158.70249938964844,72.33515167236328,254.8203125,49.064998626708984,111.85737749779037,158.7519989013672,73.04577770670436,257.57866518860396,49.20000076293945,109.39364317586228,155.85850524902344,71.72123004229934,252.83588523395522,47.78799819946289,111.55668799010066,157.4425048828125,72.99619210723424,257.3802103500167,48.9109992980957,137672400,84484000,30784000,18826300,47735000
2020-09-29,110.6642837524414,157.24400329589844,72.70014190673828,259.7516174316406,49.347999572753906,111.84765272079834,159.41299438476562,72.99668695835517,261.2796046364811,49.62900161743164,110.15990073985728,156.6269989013672,72.1040628957375,254.89967819508988,48.65299987792969,111.1104781178147,158.76950073242188,72.59550743432801,255.80259624156326,48.95000076293945,99382200,69916000,31816000,20200200,35415000
2020-09-30,112.33264923095703,157.43649291992188,72.67930603027344,259.86077880859375,50.00299835205078,113.73911550361659,160.6439971923828,73.7008616762661,264.00822507608797,50.4630012512207,110.20841190929694,156.69949340820312,72.19134227406526,258.07480614487656,48.926998138427734,110.37330565840851,157.0570068359375,72.44821428907602,259.9401728665143,49.25699996948242,142675200,97922000,40924000,20142500,46341000
2020-10-01,113.2832260131836,161.06300354003906,73.78517150878906,264.55389404296875,52.750999450683594,114.18530182393523,161.1999969482422,74.14073804524459,266.24063884854394,52.95500183105469,112.35205217632898,158.60000610351562,73.23472061084361,262.73812635584693,50.36000061035156,114.10770215411938,160.39999389648438,73.57491129707402,263.2838619564372,50.60300064086914,116120400,99438000,32884000,20009800,81537000
2020-10-02,109.62641906738281,156.25,72.18340301513672,257.9159851074219,50.305999755859375,111.90586307346008,159.7899932861328,73.34530108822473,263.0854090741721,52.637001037597656,108.85044458473479,156.14999389648438,71.77428589367447,257.16189314177063,50.27000045776367,109.50032515653433,157.68150329589844,72.38325120895068,259.1760853784858,51.643001556396484,144712000,112262000,31222000,16367600,60712000
2020-10-05,113.0019302368164,159.9600067138672,73.53375244140625,262.5893249511719,52.064998626708984,113.14742776439395,160.12649536132812,73.6264842512072,262.80761315583914,52.0989990234375,110.14051092914185,157.04249572753906,72.40607158601448,258.80899353212766,50.16999816894531,110.4897020352033,157.29200744628906,72.53302071478075,260.1584197827861,50.68000030517578,106243800,75506000,21602000,12822300,40881000
2020-10-06,109.76222229003906,154.9980010986328,71.95629119873047,256.64599609375,50.58700180053711,112.63334341918222,159.10000610351562,73.61755643574848,263.62125710707375,52.18199920654297,108.87954271233731,154.5,71.65825547079119,256.2292530217347,50.41600036621094,112.22594886007512,158.25,73.17025692104377,259.7416979545767,51.87200164794922,161498200,101738000,26096000,18696900,41990000
2020-10-07,111.62455749511719,159.7845001220703,72.35895538330078,256.11016845703125,53.465999603271484,112.0804462459722,160.0,72.8464272920144,258.1541260416151,53.64899826049805,110.70307818585619,156.6195068359375,71.07407320039421,252.83587570346262,51.582000732421875,111.17837055181317,156.75,72.3673848593541,257.191677642664,51.79999923706055,96849000,86188000,36108000,23133400,79887000
2020-10-08,111.51785278320312,159.52749633789062,73.5634994506836,261.7062683105469,53.17900085449219,112.90491516312255,161.6645050048828,73.79160984769521,262.5595574704887,53.5,111.1492581226096,158.74949645996094,72.67186671262658,257.1321478779716,52.415000915527344,112.75941766027303,161.24949645996094,72.67186671262658,257.7274820927912,53.347999572753906,83477200,63482000,26076000,16312800,53865000
2020-10-09,113.45781707763672,164.33250427246094,74.9034194946289,262.39093017578125,53.944000244140625,113.48691510258755,164.44949340820312,74.97284538187411,262.6885821795816,54.428001403808594,111.46936816913343,159.89149475097656,73.74053020813113,260.1286841070195,53.5,111.81855926916633,160.5,74.03112767666134,262.46036212336156,53.78300094604492,100506900,98158000,32966000,14107800,47813000
2020-10-12,120.66472625732422,172.14649963378906,77.58822631835938,273.6029052734375,53.98099899291992,121.42130453731181,174.81199645996094,78.76995701320932,277.99840433575406,55.180999755859375,115.6984583933761,166.9774932861328,75.83818706732326,265.7842571156628,53.82400131225586,116.45503667336371,167.4969940185547,76.26962637160483,268.09613180330746,54.88100051879883,240226800,167284000,55344000,31019300,53911000
2020-10-13,117.46381378173828,172.18150329589844,77.71121978759766,273.9898681640625,55.409000396728516,121.62500184957032,174.61900329589844,78.60830825072733,276.92681183583034,55.76499938964844,116.05735487456657,171.21099853515625,77.29268191848519,271.261280862398,53.720001220703125,121.50860234126793,173.39950561523438,78.2041474056117,275.4186278390119,54.055999755859375,262330500,114894000,39072000,18063300,56025000
2020-10-14,117.55110931396484,168.1855010986328,77.53118896484375,269.70355224609375,54.14500045776367,119.33585728240598,173.24400329589844,78.54332368699805,276.5795863544597,57.249000549316406,116.02825097556021,167.0,76.66137918522789,269.38603657483696,54.099998474121094,117.36681195189107,172.35000610351562,78.08462104375914,275.4583799578075,56.26100158691406,150712000,116254000,33174000,15577800,94990000
2020-10-15,117.08553314208984,166.9324951171875,77.13597106933594,264.6431884765625,54.194000244140625,117.56081821833106,167.79400634765625,77.92594312364784,266.94513108589155,55.12200164794922,114.60240265361523,164.0,76.42485320690311,261.616949384437,53.5099983215332,115.15528740769942,164.60049438476562,76.59196719094011,265.5163412097531,54.551998138427734,112559200,104468000,31210000,15416100,51131000
2020-10-16,115.44625854492188,163.635498046875,77.7424545288086,263.859375,53.07899856567383,117.90029805270329,169.98300170898438,78.2388477100898,269.25701980773687,55.43299865722656,115.24256497002679,158.0,77.24457067731333,263.23427554072794,53.00299835205078,117.63840102761567,168.1614990234375,77.45135766010404,265.2980969389582,54.95000076293945,115393800,129488000,34194000,16622700,63474000
2020-10-19,112.49754333496094,160.36050415039062,75.87042999267578,259.3646545410156,53.071998596191406,116.80422116143153,166.4499969482422,78.5473107543964,266.4589764240774,54.18000030517578,112.18715207359088,159.63699340820312,75.52181743296583,257.8565006211909,52.53799819946289,116.35803418573154,164.98049926757812,78.15058813294185,263.462501957598,53.707000732421875,120639300,104472000,29734000,13587000,75675000
2020-10-20,113.9815902709961,160.85049438476562,76.91827392578125,265.4766540527344,52.54199981689453,115.40745252774086,163.3000030517578,78.04694597778177,267.60000557641126,53.37799835205078,112.15803531937775,159.60049438476562,75.40180813556019,260.83310192276537,52.22600173950195,112.71091992910422,161.11399841308594,75.53123918577117,261.01169309392856,52.81399917602539,124423700,90194000,41670000,18763200,100472000
2020-10-21,113.36083221435547,159.2469940185547,78.64946746826172,276.55975341796875,48.904998779296875,115.14558032107824,161.69400024414062,80.0950243200402,280.84609386687896,50.685001373291016,112.95343762450592,158.0,77.71469603177026,274.2181131886931,48.82500076293945,113.16683302863848,160.625,77.84908337715488,277.3832775191366,50.10300064086914,89946000,91854000,60322000,28998600,174057000
2020-10-22,112.27445983886719,158.82000732421875,79.67449188232422,275.9544677734375,48.52299880981445,114.49570058030427,159.9375,80.00971867518831,280.2507700259032,49.513999938964844,111.14928675399084,156.0970001220703,78.22745200812956,272.89846291862375,48.20000076293945,113.92341222842757,159.49349975585938,78.6003693037984,277.6908417382077,49.46900177001953,101988000,84240000,30512000,16720000,69979000
2020-10-23,111.58576965332031,160.22000122070312,80.9797134399414,282.572509765625,48.827999114990234,113.05043193781697,160.26649475097656,81.03624541577501,283.0189877020772,49.00600051879883,110.84858760677534,157.0,79.93484422792365,274.66456643827354,48.1349983215332,112.89523260157101,159.5500030517578,80.09056254283196,276.6291299185733,48.81100082397461,82572600,69334000,30548000,17535200,49279000
2020-10-26,111.59547424316406,160.3520050048828,78.5651626586914,274.9523010253906,48.82400131225586,113.05043475532885,164.1490020751953,80.81109596389342,283.00910103507454,49.68199920654297,109.490625744662,157.6649932861328,77.7464289699495,272.1245164393334,47.88999938964844,110.58670073335905,159.93699645996094,80.08807542144447,280.9552115795528,48.702999114990234,111850700,118024000,35826000,21322900,61861000
2020-10-27,113.09892272949219,164.31649780273438,79.2886734008789,281.0841979980469,48.893001556396484,113.75850508779021,164.58299255371094,79.4433928628806,282.29469979597246,49.04899978637695,111.10077943831497,160.56500244140625,78.203147671929,274.15853619942936,48.292999267578125,112.02225141814819,161.2469940185547,78.7952539907842,276.5894716208232,49.000999450683594,92276800,85820000,25902000,16287200,36272000
2020-10-28,107.8610610961914,158.13900756835938,74.92078399658203,265.5858154296875,48.624000549316406,111.96405267029793,163.2010040283203,77.05365336346415,276.61922530983355,49.400001525878906,107.76406521649079,158.12350463867188,74.80573753596516,265.17900423878854,48.327999114990234,111.59546536731106,162.46499633789062,76.86521597799047,276.61922530983355,48.63600158691406,143937800,111766000,45174000,23121800,59927000
2020-10-29,111.85736083984375,160.55050659179688,77.20588684082031,278.643310546875,50.42100143432617,113.41901900582575,162.8625030517578,78.78582318752815,281.3917613867869,51.38999938964844,108.83104039265947,158.1999969482422,75.20591444663212,271.6482173165359,47.933998107910156,108.99594153712782,160.06350708007812,75.22922035595008,274.39663787649414,48.849998474121094,146129200,131930000,55406000,32368100,111207000
2020-10-30,105.59132385253906,151.8074951171875,80.14311981201172,261.0613098144531,47.57400131225586,108.62733847489969,158.35000610351562,83.37689856838614,274.54551949414935,50.5880012512207,104.48555457025763,150.9499969482422,79.42208175772936,257.08255380705526,47.22100067138672,107.72526275511105,157.8874969482422,82.68858716235039,272.36263742827884,50.20100021362305,190272600,167728000,99878000,47247800,78079000
2020-11-02,105.5040283203125,150.2239990234375,80.55026245117188,259.3249206542969,48.4119987487793,107.35668150297613,153.98550415039062,82.23235921213355,268.3640019017437,48.630001068115234,104.09756951905206,147.50599670410156,80.050388434645,255.3362330569995,47.5,105.83382320217856,153.08700561523438,80.51158068776404,262.53971316849265,47.887001037597656,122866900,145148000,44228000,27165700,44082000
2020-11-03,107.1238784790039,152.42050170898438,81.60850524902344,263.2342834472656,48.72200012207031,108.14234624016166,153.7449951171875,82.27003752125272,267.9472985392612,49.53099822998047,105.46522463913784,149.0489959716797,79.94475820536469,258.84871583422796,47.875999450683594,106.36730031348367,150.92649841308594,80.86961702118651,261.1109618671874,48.49300003051758,107624400,97958000,31432000,17961900,36902000
2020-11-04,111.49848175048828,162.05799865722656,86.57694244384766,285.142333984375,49.69499969482422,112.1192643704232,162.24249267578125,87.77603157159547,286.69018469531346,50.77299880981445,108.97655143196363,156.9864959716797,84.4520032958134,276.4505336229866,49.39799880981445,110.71280536595152,157.99949645996094,84.57994366770366,278.8120067096619,49.5359992980957,138235500,136780000,71342000,35364400,51373000
2020-11-05,115.4559555053711,166.10000610351562,87.40260314941406,292.385498046875,51.375999450683594,116.02824377297978,168.33999633789062,88.85658913473499,295.0644868941228,51.87300109863281,113.3608163942021,164.44400024414062,86.33790149629274,286.70013346565065,50.345001220703125,114.40838224963099,165.99850463867188,87.79684377049115,289.62714543435567,50.65599822998047,126387100,115786000,39758000,23823600,53728000
2020-11-06,115.32479858398438,165.56849670410156,87.2652587890625,291.1254577636719,51.472999572753906,115.82033327578648,166.10000610351562,87.70016376285554,292.30619462052846,51.520999908447266,112.83737692583377,161.60000610351562,86.12220215146095,285.81710782166357,50.250999450683594,114.96528648231298,165.23199462890625,86.8491952834686,291.66126169971534,51.5,114457900,92946000,28622000,13891000,42363000
2020-11-09,113.02198791503906,157.18699645996094,87.34905242919922,276.5993347167969,47.04999923706055,118.53122507296646,164.4499969482422,90.09981569190971,290.30180014595857,49.584999084472656,112.7596464655049,155.60549926757812,87.1571418807164,276.3612131765209,46.72600173950195,117.08347300114552,161.55149841308594,89.0628918684201,287.6129101538366,48.55400085449219,154515300,143808000,53440000,25117700,104197000
2020-11-10,112.68191528320312,151.75100708007812,86.17378234863281,270.30877685546875,48.02399826049805,114.25597883957684,155.6999969482422,87.24790499621608,271.86655966526666,48.459999084472656,110.8940807658282,150.9739990234375,85.10263347510187,261.9444224512058,46.340999603271484,112.27382528066764,154.75100708007812,85.77954163133082,270.97357337199315,47.095001220703125,138023400,131820000,43022000,29067700,83061000
2020-11-11,116.10211181640625,156.8695068359375,86.6453857421875,274.32720947265625,49.07600021362305,116.23814181960135,156.95750427246094,87.42245635168302,276.2322425059644,49.167999267578125,113.13859256042241,152.5,86.43859116132685,270.3583553266512,47.82600021362305,113.86732789743012,153.08900451660156,86.70340081963118,271.3406370382021,48.29999923706055,112295000,87338000,31838000,14957000,54605000
2020-11-12,115.83007049560547,155.51400756835938,86.42668151855469,272.9381103515625,48.676998138427734,117.11264459911943,158.79400634765625,87.5256006507518,277.57176129856583,49.652000427246094,115.20821683408843,154.30250549316406,86.18616905114561,272.2931775519897,48.042999267578125,116.22844943571378,157.99749755859375,86.38601724295751,275.021765017838,49.099998474121094,103162300,87240000,26474000,12899500,50637000
2020-11-13,115.87863159179688,156.4405059814453,87.88661193847656,274.7935791015625,48.284000396728516,116.27700303551688,157.08599853515625,88.12811565464587,275.5972697257865,48.89400100708008,114.52804275815001,154.26950073242188,86.08748643492731,270.97355054002895,47.779998779296875,116.05352836084144,156.10000610351562,86.68355780156224,275.55757270188633,48.676998138427734,81581900,75124000,29744000,10391200,30027000
2020-11-16,116.88914489746094,156.55299377441406,87.97439575195312,276.78790283203125,47.90999984741211,117.55957633149036,157.13499450683594,88.98157439814365,277.23441107281263,48.55799865722656,114.80010222486767,153.63450622558594,87.34459885703573,272.491631182549,47.72999954223633,115.54826720324448,154.66000366210938,87.48395005570929,272.9083439459854,48.0,91183000,76174000,25468000,12970400,39536000
2020-11-17,116.00493621826172,156.7830047607422,87.36095428466797,272.8587341308594,48.0629997253418,117.24864320805052,159.46249389648438,88.12861160522714,275.5178592544726,48.750999450683594,115.58712770640344,156.76300048828125,87.25334605642084,271.16205738974224,47.8849983215332,116.16040329852451,159.177001953125,87.66841068929054,275.5178592544726,48.012001037597656,74271000,68894000,21314000,15040300,36981000
2020-11-18,114.68350219726562,155.2729949951172,86.3185806274414,269.8523254394531,48.17900085449219,116.42275133775613,157.0,87.52659876109121,275.23013630396935,48.861000061035156,114.65435397133162,155.2550048828125,86.21592867248422,269.7233328307537,47.77199935913086,115.24705927558566,156.6999969482422,87.11202590924145,272.3824579271771,48.19499969482422,76322100,58336000,20108000,12152900,36292000
2020-11-19,115.2762222290039,155.8509979248047,87.20772552490234,270.81475830078125,48.46699905395508,115.68431227037438,156.25,87.4517111808944,271.3406302507744,48.779998779296875,113.49810608907285,154.04600524902344,85.79192921661566,267.0939576319751,48.047000885009766,114.25598971249795,155.2655029296875,85.95111313440208,268.90969503517306,48.20000076293945,74113000,60206000,20106000,12963700,22547000
2020-11-20,114.01307678222656,154.97000122070312,86.1073226928711,267.6000061035156,48.82400131225586,115.40253254906611,156.64450073242188,87.69321431232694,270.87429870110765,49.47600173950195,113.9644988709724,154.90249633789062,86.03888806138033,267.31225569610524,48.15700149536133,115.27622108410968,155.8509979248047,87.37782025271105,270.4377223174348,48.52199935913086,73604300,67488000,27694000,18114700,42534000
2020-11-23,110.62201690673828,154.91949462890625,85.66995239257812,266.3399353027344,47.6619987487793,114.2851304944073,156.9875030517578,86.5838999484905,268.8403333850211,49.1150016784668,110.5248536828197,153.2729949951172,84.80807993895488,262.47030765153033,47.58399963378906,113.85760341347095,155.8350067138672,86.29776685956845,268.78080298115344,49.04600143432617,127959300,94178000,22530000,20990800,54166000
2020-11-24,111.90459442138672,155.9029998779297,87.4720458984375,274.7638244628906,48.28799819946289,112.56531474410036,156.71249389648438,87.59998627783115,275.65681071523977,48.404998779296875,109.39774313111327,154.31300354003906,85.33123893145898,265.78427252771075,47.5890007019043,110.68032441615657,155.02499389648438,85.66696514111936,266.39944016199667,47.88399887084961,113874200,72042000,27984000,16930400,35505000
2020-11-25,112.74021911621094,159.2534942626953,87.48344421386719,273.4441833496094,48.5,113.43980625953591,159.89999389648438,87.79338256520208,277.99844082219687,48.689998626708984,111.90460196313715,157.01300048828125,86.70140982396333,270.52707250625883,47.891998291015625,112.27383262938065,157.093505859375,87.6659416054076,275.9743465765761,48.51300048828125,76499200,75808000,19600000,12467000,35986000
2020-11-27,113.2843246459961,159.76699829101562,88.61856079101562,275.6468811035156,49.13600158691406,114.15880846315034,160.8094940185547,89.11397029438973,276.95661043346155,49.32500076293945,112.92481998616722,159.50250244140625,87.50377401389918,272.6801718782236,48.185001373291016,113.26489496698315,160.56300354003906,87.50377401389918,275.23016831305193,48.65800094604492,46691300,47858000,14790000,7808400,28058000
2020-11-30,115.67457580566406,158.40199279785156,87.00094604492188,274.81341552734375,49.06999969482422,117.54013622605181,161.41949462890625,88.28731141843316,275.5377423917736,49.255001068115234,113.49808123546687,156.27749633789062,86.67563180881602,268.89983065871155,48.12699890136719,113.65354831037159,160.4239959716797,88.05473655890232,273.880732275048,49.007999420166016,169410200,81278000,32418000,16693300,35309000
2020-12-01,119.24052429199219,161.00399780273438,89.03215026855469,284.3188171386719,50.45800018310547,119.96925956195165,162.44749450683594,90.33934712767135,287.04740475144206,50.946998596191406,116.60736173944143,157.85899353027344,87.42890021723332,276.7879189610211,49.198001861572266,117.57900876605405,159.4250030517578,87.60891569180329,276.9863738084787,49.23400115966797,127728200,90740000,37350000,20738900,50527000
2020-12-02,119.59031677246094,160.17649841308594,90.5005111694336,285.2812194824219,50.3380012512207,119.87209529729249,161.60000610351562,90.88583053694929,289.508058754062,50.68000030517578,117.46240743053765,158.66299438476562,88.52682579597574,278.64330863186876,49.349998474121094,118.56036589233359,161.08250427246094,89.03214790983743,283.1380346522925,50.1619987487793,89004200,62586000,29424000,17361600,30284000
2020-12-03,119.45429229736328,159.3365020751953,90.34529876708984,279.6553955078125,49.75199890136719,120.27047227200518,161.4320068359375,91.4357808641382,284.4180084423758,50.87699890136719,118.74498667961886,159.0655059814453,90.10527814356266,278.88147014894713,49.604000091552734,120.0178419599632,160.2729949951172,90.28082916707561,284.0211290778213,50.29899978637695,78967600,57840000,24728000,12921700,28261000
2020-12-04,118.78386688232422,158.12899780273438,90.44052124023438,277.5221252441406,49.83100128173828,119.37657225081612,159.91050720214844,90.72516363204076,281.25282737589265,50.45000076293945,118.07456118438024,157.93800354003906,89.93618277474572,277.1252156242083,49.36399841308594,119.12394191020984,159.91050720214844,90.26497019974981,278.11742911413376,49.75,78260400,58272000,20544000,10880300,36662000
2020-12-07,120.2413101196289,157.89999389648438,90.10677337646484,283.3563537597656,51.577999114990234,121.03806032248434,159.03799438476562,90.71474746268916,286.2436990426754,51.7760009765625,118.78383969393643,157.08450317382812,89.41300629000888,276.0338426409965,49.777000427246094,118.8421361387792,157.82400512695312,90.03337488446918,277.01612444035254,50.000999450683594,86712000,55026000,22288000,13007700,42893000
2020-12-08,120.85347747802734,158.864501953125,89.82411193847656,281.193359375,51.26599884033203,121.43647173529656,159.2064971923828,90.0542124428041,284.1997657052833,52.14899826049805,119.60005168582639,156.00100708007812,88.82983471238774,279.35775795539723,50.55500030517578,120.84376634333147,157.94500732421875,89.68476829721273,283.78305290383537,51.790000915527344,82225500,65726000,19936000,10747700,42290000
2020-12-09,118.3271713256836,155.2100067138672,88.16432189941406,275.75604248046875,49.36000061035156,122.37893756571138,158.72149658203125,90.66912483380474,285.3904289470905,51.45000076293945,117.56928784632052,154.39999389648438,87.3778230247118,269.6340706803854,49.12900161743164,120.99920059491815,158.39450073242188,89.77600140990651,281.45133938041425,51.053001403808594,115089200,82016000,31728000,25189700,41788000
2020-12-10,119.74577331542969,155.07449340820312,87.65801239013672,274.96221923828125,50.10900115966797,120.35791566525569,157.10499572753906,88.02200081653986,276.5596988290288,50.37699890136719,116.74338766599487,153.8000030517578,85.9659955088699,269.74316617875854,49.29100036621094,117.08346263085474,154.44949340820312,87.40757975682408,273.39453512334353,49.45600128173828,81312200,60604000,28688000,20065100,30182000
2020-12-11,118.93931579589844,155.8209991455078,88.0125732421875,271.4200439453125,50.321998596191406,119.2793907717679,155.93350219726562,88.13704799737961,274.3272530821825,50.33399963378906,117.13205173775964,153.64100646972656,86.91861796512762,268.14575086632885,49.48500061035156,118.95874547462877,154.83299255371094,87.27864133152798,272.3924242664456,49.5,86939800,61294000,18628000,14391400,32109000
2020-12-14,118.3271713256836,157.84849548339844,86.89480590820312,272.0550537109375,52.242000579833984,119.85265683014165,159.52349853515625,88.75641842182344,275.06145975530757,52.41600036621094,118.09397811966689,156.3000030517578,86.73958703553363,269.4455270568558,50.11800003051758,119.12392157489586,157.14999389648438,87.81024388487914,271.24143127887464,50.54399871826172,79184500,83116000,33050000,16376900,57704000
2020-12-15,124.25424194335938,158.25599670410156,87.33220672607422,273.40447998046875,51.97800064086914,124.27367903878984,159.4250030517578,87.4770060641718,273.93035204384483,52.470001220703125,120.6105649235341,156.52450561523438,86.36966493036442,265.3874064007042,51.35599899291992,120.81460994707473,159.05050659179688,87.27170215315259,272.69008488682954,51.849998474121094,157243700,66390000,21352000,23979500,33949000
2020-12-16,124.18622589111328,162.04800415039062,87.13928985595703,273.5235290527344,52.483001708984375,124.73034594931227,162.35000610351562,87.7304049543823,275.69644892052736,52.737998962402344,122.97166689471923,158.1840057373047,86.73612785383081,270.3881305277646,51.76900100708008,123.79757294273104,158.80050659179688,87.7304049543823,272.62061106750957,52.01100158691406,98208600,88552000,24676000,15885000,36824000
2020-12-17,125.05096435546875,161.8040008544922,86.3121337890625,272.34283447265625,53.290000915527344,125.90601844904018,163.17550659179688,87.61140062901919,278.2564198025171,53.54899978637695,124.40967378529018,161.0500030517578,85.8479753357281,271.4795830956817,52.64400100708008,125.24529078778322,162.5,87.4735400975427,274.9126643899615,52.900001525878906,94359800,69486000,34880000,16377800,31934000
2020-12-18,123.06883239746094,160.08250427246094,85.6034927368164,274.247802734375,53.44499969482422,125.43965383144652,162.4709930419922,86.70142073048683,275.8353503752591,53.637001037597656,122.54414204339464,158.5800018310547,85.04709430471526,269.02878036440524,52.60200119018555,125.3036238225863,162.19949340820312,86.59282122418996,273.6227033905307,53.31999969482422,192541500,119914000,85256000,26693200,45027000
2020-12-21,124.59429168701172,160.3090057373047,86.01705932617188,270.6659851074219,52.89099884033203,124.67202522679207,161.34849548339844,86.13806088707005,272.5313517179054,53.262001037597656,119.94982017477122,158.3000030517578,84.00568362055076,265.70491658165054,52.1150016784668,121.47530568083864,160.00050354003906,84.7559825869956,270.85450813379794,53.005001068115234,121251600,76736000,33974000,16553700,38940000
2020-12-22,128.1408233642578,160.3260040283203,85.30595397949219,265.0103759765625,52.733001708984375,130.59908932336018,161.10000610351562,85.92037503992229,269.38604239828476,53.040000915527344,125.97403967211778,159.00399780273438,84.58987222192447,262.56953854592865,52.04999923706055,127.87847449783371,160.14199829101562,85.75771792450207,269.38604239828476,52.76900100708008,168904800,47388000,20370000,17312900,19066000
2020-12-23,127.24690246582031,159.2635040283203,85.70316314697266,266.0223693847656,51.448001861572266,128.6752099698852,160.50650024414062,86.49065326644407,270.05078439204584,52.63199996948242,127.07199828959047,159.20849609375,85.35454302432285,264.157033282619,51.41999816894531,128.4128759447762,160.25,85.48992918586241,264.8118978814393,52.47600173950195,88223700,41876000,22974000,14329000,23932000
2020-12-24,128.228271484375,158.63450622558594,85.99723052978516,265.3179016113281,51.39699935913086,129.67603102914552,160.10000610351562,86.40634763890155,268.29454231066234,51.935001373291016,127.3829432351903,158.4499969482422,85.51074990274458,264.1272634995675,51.22100067138672,127.59670678746939,159.69500732421875,85.74134221937419,266.78638859045014,51.512001037597656,54930100,29038000,9312000,6702000,11440000
2020-12-28,132.81448364257812,164.197998046875,87.97091674804688,274.8431701660156,51.9119987487793,133.44604851338428,165.1999969482422,88.61757255277705,275.1408221372453,52.36600112915039,129.7246372436778,158.63450622558594,86.3770950854727,263.59147145418575,50.7130012512207,130.19103866406888,159.6999969482422,86.5303238857838,266.6474760519845,51.643001556396484,124486200,113736000,27650000,23299700,28919000
2020-12-29,131.0460205078125,166.10000610351562,87.16757202148438,274.6248779296875,53.08700180053711,134.85487480481046,167.53250122070312,88.6904849203258,278.3258455440908,53.654998779296875,130.53104880605997,164.06100463867188,87.0361584425288,274.1287711316152,51.54800033569336,134.1358655444837,165.4969940185547,88.62899665277278,274.7935675642127,51.9900016784668,121047300,97458000,19726000,16383000,40224000
2020-12-30,129.9286346435547,164.29249572753906,86.10087585449219,269.75311279296875,52.45899963378906,132.13427742745725,167.10499572753906,87.66346156450165,275.9147509123316,53.32600021362305,129.6177004950943,164.12350463867188,85.69175873529313,269.59435497972174,52.36899948120117,131.735898609551,167.0500030517578,87.52659230132683,275.78578857652786,53.01300048828125,96452100,64186000,21026000,11803800,18763000
2020-12-31,128.92788696289062,162.84649658203125,86.91366577148438,271.0330810546875,54.073001861572266,130.91976696038572,164.14599609375,87.15467009608656,274.9324733857731,54.54999923706055,127.98538786397091,162.05999755859375,86.09294200196078,267.70915931059875,52.314998626708984,130.27847616245157,163.75,86.1514640567951,269.88210960073656,52.553001403808594,99116600,59144000,21070000,12900400,53923000
2021-01-04,125.74085235595703,159.3314971923828,85.59901428222656,266.8459167480469,52.2859992980957,129.82176713240116,163.60000610351562,87.40210462736596,272.85872848796714,54.08000183105469,123.16598610776015,157.2010040283203,84.65729668535373,263.13504773019605,51.50899887084961,129.7343224533574,163.5,87.27862871480643,272.6404402939786,53.900001525878906,143301900,88228000,37324000,15106100,44444000
2021-01-05,127.29544067382812,160.92550659179688,86.28931427001953,268.860107421875,52.08000183105469,128.00475350565583,161.16900634765625,86.62553228807558,270.27896553417906,52.678001403808594,124.78859017543921,158.2530059814453,85.14130146810675,266.1215883285125,51.5890007019043,125.235554222534,158.30050659179688,85.54744478278593,266.2009823694545,52.154998779296875,97664900,53110000,20360000,9871600,31339000
2021-01-06,123.01053619384766,156.91900634765625,85.43785095214844,261.2597961425781,50.04899978637695,127.33437075749549,159.87550354003906,86.48371128165162,265.66522754841077,51.310001373291016,122.79677262000745,156.55799865722656,84.10983019384653,257.98550292903553,49.95000076293945,124.09878374563415,157.32400512695312,84.31612534175449,259.9599985721144,51.196998596191406,155088000,87896000,46588000,24354100,53462000
2021-01-07,127.20804595947266,158.10800170898438,87.9897689819336,266.6474609375,50.888999938964844,127.89792197499627,160.427001953125,88.16233866820387,269.49510899402355,51.64400100708008,124.2348079857969,157.75,85.63026481011545,262.7183037402035,50.641998291015625,124.72063157172194,157.85000610351562,85.63026481011545,263.82957807641225,50.827999114990234,109578200,70290000,41936000,15789800,36864000
2021-01-08,128.3059844970703,159.13499450683594,89.15463256835938,265.486572265625,51.040000915527344,128.86954151504634,159.53199768066406,89.23050541250267,266.8558317342461,51.32400131225586,126.53757990692247,157.11000061035156,87.3391324437346,261.1307404858795,50.45100021362305,128.67520026141898,159.0,88.12960383731487,266.2208005627308,51.13100051879883,105158200,70754000,35484000,18528300,29739000
2021-01-11,125.32303619384766,155.7104949951172,87.09466552734375,254.84014892578125,49.90999984741211,126.47929859092635,157.81900024414062,88.4876553992653,261.4185302363456,51.073001861572266,124.85664974689551,155.5,86.8888697766191,253.90746567716673,49.79499816894531,125.527088604103,157.40049743652344,88.1226681566943,258.45182112764303,50.784000396728516,100384500,73668000,34796000,30412300,38062000
2021-01-12,125.14813995361328,156.04150390625,86.15939331054688,249.13490295410156,49.42499923706055,126.0129052139805,157.10699462890625,87.67040339276643,257.69771095255174,50.10900115966797,123.26314235039197,154.3000030517578,85.11552300350571,248.3510608913129,48.56700134277344,124.85664288048969,156.0,86.55264274953645,254.63177463889247,50.0,91951100,70292000,29528000,26383500,59904000
2021-01-13,127.17890167236328,158.29449462890625,86.6463623046875,249.68063354492188,50.77899932861328,127.72302173327904,159.49749755859375,87.09961684355385,251.97264457383557,51.23500061035156,124.8469543181073,156.10400390625,85.6580252706393,247.25962990122798,49.30099868774414,125.1092883878033,156.4219970703125,85.6580252706393,249.59133795314094,49.54999923706055,88636800,66424000,23432000,19528900,50321000
2021-01-14,125.25505065917969,156.37350463867188,85.83656311035156,243.72735595703125,50.08599853515625,127.28578985507761,158.89999389648438,87.65305472805,253.04424135584142,51.45000076293945,125.1092946758631,156.0294952392578,85.59605062771794,242.7053771272773,49.95800018310547,127.09146337014927,158.37600708007812,86.72670521887984,251.42692829090055,50.73500061035156,90221800,61418000,29212000,29739400,41774000
2021-01-15,123.53520202636719,155.21249389648438,85.67290496826172,249.40280151367188,49.79800033569336,126.52787663913662,157.12750244140625,86.66470765909816,251.88333541831136,50.63199996948242,123.39917203606663,154.7584991455078,84.88393179958005,245.235507581873,49.5099983215332,125.1287025525268,156.1510009765625,85.74233085394611,245.96973592806074,50.0,111598500,84880000,31444000,24942900,58958000
2021-01-19,124.20565032958984,156.03799438476562,88.49211120605469,259.06695556640625,50.176998138427734,125.0607045202907,157.25,89.45267036457545,260.15839649203104,50.92499923706055,123.34088500532488,154.8000030517578,85.93127591068698,250.75220144203772,49.354000091552734,124.15706500945309,155.35000610351562,86.43560673566675,254.89964667945836,50.099998474121094,90757300,66102000,41660000,28028500,123158000
2021-01-20,128.28660583496094,163.16900634765625,93.23292541503906,265.3973388671875,58.63399887084961,128.73357016525654,163.99000549316406,94.20736973532452,268.21522222112253,59.32899856567383,124.90527701322534,158.75,90.22974701111279,261.54754475773996,55.68600082397461,125.01215882093759,159.09950256347656,90.5699300649502,266.83603060481676,56.54199981689453,104319500,106196000,64152000,25199900,326375000
2021-01-21,132.9893341064453,165.34950256347656,93.43525695800781,270.74530029296875,57.98400115966797,135.7099489572785,167.42750549316406,95.81211195428514,271.46962706852975,58.875,129.80233279797613,164.47850036621094,93.2002001837018,265.4071866724179,57.040000915527344,130.00638521290585,164.64999389648438,93.90636933143983,267.16342399454226,58.244998931884766,120150900,98722000,58634000,20838700,118021000
2021-01-22,135.1269989013672,164.6114959716797,93.8523178100586,272.3626403808594,56.516998291015625,135.88488261922302,166.0955047607422,94.4389685259167,276.301729687912,58.39899826049805,131.19182431947797,164.1580047607422,93.05589873468317,269.8821063154599,56.435001373291016,132.41609459613093,165.2154998779297,93.79776835100945,269.8920381413077,58.209999084472656,114459400,56438000,32744000,21954000,75508000
2021-01-25,138.86781311035156,164.6999969482422,93.93760681152344,275.8453369140625,55.678001403808594,140.97628571065687,168.1945037841797,95.3033257370761,277.9190598870613,56.974998474121094,132.6686993609781,162.15750122070312,92.19600437288214,269.3959479461869,54.8650016784668,139.0135690829673,166.4250030517578,94.85304490741599,275.9743295382134,56.70000076293945,157611700,74996000,50586000,19087000,72073000
2021-01-26,139.10098266601562,166.30650329589844,94.61549377441406,279.8538818359375,56.19300079345703,140.2086596098709,166.89999389648438,95.00229620820357,283.16790247551756,56.79899978637695,137.36172630104042,164.14349365234375,93.03753991216796,275.64690513892987,55.40599822998047,139.5285097015661,164.8179931640625,93.52649487258525,275.9743526399479,55.472999572753906,98390600,59104000,31462000,19373600,50238000
2021-01-27,138.03221130371094,161.62899780273438,90.20148468017578,270.0210266113281,52.327999114990234,140.20870656534407,167.3260040283203,93.2527658262995,281.24296012848583,55.641998291015625,136.42899920964183,160.35400390625,89.12736210402838,266.03230851624016,51.573001861572266,139.363363343346,167.07449340820312,92.97704477868687,280.33011028325467,55.07099914550781,140843800,93204000,82512000,35346200,86703000
2021-01-28,133.203125,161.88099670410156,91.90043640136719,262.9366149902344,53.86000061035156,137.964205672891,165.08399963378906,93.6256714666654,284.55695871630996,55.314998626708984,132.82418314547382,161.4344940185547,90.7995348638594,262.6389630097755,53.07400131225586,135.56423565217162,161.7519989013672,90.7995348638594,275.02176987618066,53.5880012512207,142621100,62984000,55278000,37758800,59690000
2021-01-29,128.2185821533203,160.30999755859375,90.61902618408203,256.31854248046875,53.23899841308594,132.86305498594893,161.84950256347656,91.61975778123126,264.4844718354171,54.099998474121094,126.51819940588042,159.2274932861328,89.33960734800256,252.86565830915723,53.018001556396484,131.97885239900157,161.5,90.94929666786128,263.23427292927573,53.79999923706055,177523800,85872000,44530000,30389500,43253000
2021-02-01,130.3367462158203,167.1439971923828,93.87761688232422,259.96990966796875,53.90399932861328,131.5415940017464,167.51300048828125,94.99190444693383,262.1130947982749,54.50600051879883,127.21775238608966,161.75149536132812,91.47348314014071,252.92518665519498,53.17300033569336,129.95780442586786,162.1179962158203,91.47348314014071,257.49927707444425,53.67900085449219,106239800,83204000,40252000,22914300,35475000
2021-02-02,131.16261291503906,169.0,95.16942596435547,265.0003967285156,54.816001892089844,132.44517904055598,171.38699340820312,96.6695245972113,266.75663419137607,55.54800033569336,130.7933823696511,168.05650329589844,94.53714717102395,261.22006530975233,53.893001556396484,131.88162209144176,169.0,94.87238152496506,261.9443921433572,54.20100021362305,83305400,141972000,66332000,17320800,37676000
2021-02-03,130.14239501953125,165.62649536132812,102.10013580322266,264.57373046875,53.94499969482422,131.92051071941538,171.6999969482422,104.46756984039983,267.1038931262707,55.04800033569336,129.82174974648763,165.43099975585938,99.85221265777069,261.78561288501646,53.82400131225586,131.91078476116337,171.25050354003906,102.43387946476706,263.55175174887563,55.016998291015625,89880900,141776000,97882000,14223400,31723000
2021-02-04,133.49459838867188,166.5500030517578,101.83979797363281,264.4150085449219,55.215999603271484,133.5043095225396,167.35000610351562,102.61686853209841,266.07201868018495,55.948001861572266,130.7739834636992,163.8874969482422,100.92088672711886,261.9444062212849,53.750999450683594,132.43550657690793,166.5,102.18642801251289,264.93097902725805,53.98099899291992,84183100,73414000,48596000,16060000,51645000
2021-02-05,133.08102416992188,167.6074981689453,103.58536529541016,266.012451171875,55.07899856567383,133.7232731231055,168.85000610351562,103.9379504485251,267.07412690707577,55.444000244140625,132.20524094162676,165.135498046875,101.6597824251192,263.60137958180314,54.54800033569336,133.65516390896917,165.9499969482422,102.13386099437315,264.7225554259444,55.22600173950195,75693800,72416000,29866000,12454400,23762000
2021-02-08,133.2269744873047,166.14700317382812,103.37163543701172,264.50433349609375,54.79199981689453,133.2756324021585,168.25,104.8831449457621,267.7587934506513,55.5,131.29050232328603,165.1999969482422,102.32181757236562,262.9366490626016,54.369998931884766,132.3706427004726,167.9250030517578,104.13929285394818,266.65745070027987,55.5,71297200,65148000,28828000,13755200,27917000
2021-02-09,132.3511962890625,165.25,102.91886901855469,267.35198974609375,55.90700149536133,134.17090160726997,166.89999389648438,104.0653911621258,271.2613140904737,56.599998474121094,132.19551172596402,164.89199829101562,102.6515774696433,263.6807869967148,54.29999923706055,132.94478730279516,165.62449645996094,102.88960799433205,264.36541686230146,54.599998474121094,76774200,44070000,21892000,14613400,37035000
2021-02-10,131.74786376953125,164.32899475097656,103.46883392333984,269.75311279296875,56.35900115966797,133.3048279995829,165.8975067138672,104.08375438993346,271.6680778178337,56.665000915527344,130.7844904817518,162.6999969482422,101.77086950936979,265.6354323142313,55.34600067138672,132.80853804149436,165.6999969482422,103.30320303558659,270.3286136509837,56.25,73046600,63032000,25102000,14687200,39913000
2021-02-11,131.49488830566406,163.10650634765625,103.5813980102539,268.28466796875,55.75899887084961,132.72098784651604,164.60000610351562,103.8417432011322,271.44980170908656,56.59299850463867,130.17147291387968,162.4029998779297,102.59505097845204,266.39943777738347,55.422000885009766,132.24416393424985,164.60000610351562,103.6929788445471,269.772988469329,56.444000244140625,64280000,46028000,20480000,12828600,27306000
2021-02-12,131.72842407226562,163.885498046875,103.89282989501953,268.3937683105469,55.652000427246094,131.88412349618312,164.0124969482422,104.1144933325463,269.0684662649887,56.125,130.09362466607496,161.66549682617188,102.82861990262512,266.2505833847128,55.084999084472656,130.73587365349886,162.5,103.13608390402558,268.4136016809876,55.694000244140625,60145100,46706000,18990000,9097600,21971000
2021-02-16,129.60704040527344,163.44749450683594,104.66990661621094,271.8367614746094,55.72800064086914,132.35117148769072,165.4149932861328,106.37779106891139,274.4462880900078,56.362998962402344,129.21779194968602,162.67950439453125,103.73017139399565,267.9472708355453,55.27299880981445,131.84517076789257,162.70249938964844,103.73017139399565,268.6914310362883,55.729000091552734,80576300,51494000,31004000,15417200,26241000
2021-02-17,127.32028198242188,165.4320068359375,105.06265258789062,271.43988037109375,55.13399887084961,128.6631634845205,166.04550170898438,105.25208878200296,271.83675975298524,55.525001525878906,125.98714097419074,162.97500610351562,103.56156275847486,267.48092753784414,54.303001403808594,127.71925617483,163.17999267578125,103.84074940988165,269.1280057386519,55.0989990234375,97918500,65950000,20294000,12763200,20696000
2021-02-18,126.22068786621094,166.4114990234375,104.42740631103516,267.29241943359375,54.821998596191406,126.50288006540657,166.89999389648438,105.22978044150346,269.8324836675024,55.0,123.98255701846796,163.69700622558594,103.8085208383096,263.9585662016173,53.823001861572266,125.7243978338029,164.12100219726562,104.38724144669854,267.4710106031762,54.900001525878906,96856700,60548000,22546000,15249100,24562000
2021-02-19,126.37635040283203,162.4949951171875,103.58438110351562,259.5234069824219,54.02199935913086,127.1937647700894,166.6750030517578,105.06068208751414,268.1655796323252,54.89899826049805,125.3351422926217,162.28750610351562,103.31758892872503,258.12438206399435,53.88100051879883,126.73640709556466,166.4114990234375,104.52560706749125,267.75876839108383,54.79999923706055,87668800,86104000,37938000,25622600,28415000
2021-02-22,122.61048889160156,159.03700256347656,101.87103271484375,258.3029479980469,53.37799835205078,126.2304187991235,161.61599731445312,103.1638524951323,261.0216337980358,54.17900085449219,122.22124775949521,158.61300659179688,101.56060251176662,255.52476208560068,53.07899856567383,124.56641277376495,160.406494140625,101.83830606942489,255.94150511244536,53.499000549316406,103916400,70314000,29466000,17434900,30786000
2021-02-23,122.47425079345703,159.72500610351562,102.16163635253906,263.7898864746094,54.6150016784668,123.30138352656303,160.2364959716797,102.77556555705189,265.3774342503566,54.854000091552734,115.20519947854247,154.67999267578125,98.69578224116515,252.97477970473903,51.827999114990234,120.43074421044315,156.35150146484375,99.87404748325243,257.47942267295707,52.5,158273000,93544000,34658000,21924600,41365000
2021-02-24,121.97796630859375,157.97650146484375,103.33642578125,262.2519836425781,55.340999603271484,122.1823162213377,158.56149291992188,103.56007930549984,264.3058731357695,55.685001373291016,118.94190197736167,156.2689971923828,100.54549736259403,256.37809587571655,53.90700149536133,121.57899955251936,158.33749389648438,100.66996455548863,260.2873897430093,53.97999954223633,111039900,60226000,22608000,15736100,32450000
2021-02-25,117.73523712158203,152.85800170898438,99.97123718261719,252.70689392089844,54.66999816894531,123.05808944115938,158.91299438476562,103.29625677290161,264.8615109881435,55.64799880981445,117.29734557401017,152.38800048828125,99.50211491084727,252.06194597211868,53.57500076293945,121.32597453863157,156.83700561523438,101.95385140255122,260.25762517278304,55.027000427246094,148199500,90676000,41548000,19053100,42529000
2021-02-26,117.99799346923828,154.64649963378906,100.26679992675781,255.61407470703125,53.8849983215332,121.49141551253575,156.1219940185547,101.98311399374562,263.48232165475474,55.308998107910156,117.93960247752109,151.8350067138672,99.23036778781363,254.47303506981336,53.79999923706055,119.29220956982277,154.75999450683594,100.6655050872536,254.47303506981336,54.6510009765625,164560400,85518000,40042000,26619500,37556000
2021-03-01,124.35232543945312,157.3070068359375,102.63473510742188,262.8472900390625,55.06399917602539,124.48855870917815,157.47799682617188,102.96054119058313,264.57373189281464,55.2140007019043,119.48683030882653,154.89950561523438,100.88717747219397,255.89186349959488,54.20000076293945,120.42100448300808,156.39450073242188,101.5606124488339,258.7891403322834,54.55699920654297,116307900,54582000,26060000,22157300,30414000
2021-03-02,121.75415802001953,154.72650146484375,102.37784576416016,256.9833679199219,54.78200149536133,125.25731317881322,158.17599487304688,103.87844380430377,264.63332765258514,55.69900131225586,121.6471165286429,154.3560028076172,101.99055145272833,256.6360870424162,54.60200119018555,124.95565484356455,157.17349243164062,102.39569597381312,263.710576108326,55.33399963378906,102260900,51916000,25564000,15191700,30422000
2021-03-03,118.77648162841797,150.25,99.74610137939453,253.4212646484375,52.06999969482422,122.32829506323422,155.38900756835938,102.94862875695728,258.9578028951367,54.80099868774414,118.5623986243893,149.75,98.88273085300933,253.11368087250722,51.78099822998047,121.4525043304613,154.0590057373047,101.75648597138567,258.26327158301694,54.59299850463867,112966300,79774000,33892000,15513500,53624000
2021-03-04,116.89838409423828,148.8784942626953,100.86287689208984,255.63394165039062,51.12900161743164,120.27503892466773,152.906494140625,102.87920915491242,264.4150083089608,53.150001525878906,115.42900990064756,147.27149963378906,99.44955486444132,251.52616256757005,50.768001556396484,118.47480719948628,150.60000610351562,99.91768591072356,254.47303834612808,52.150001525878906,178155000,109632000,49216000,31626500,50348000
2021-03-05,118.1536636352539,150.0229949951172,103.99398803710938,262.22216796875,51.638999938964844,118.65967920784315,150.4499969482422,104.44674319929116,263.38307102229237,51.7760009765625,114.40723445087357,144.0500030517578,100.55788705118852,253.61967921951808,49.87900161743164,117.72550517862675,150.25,102.21271269276662,258.6402919675598,51.198001861572266,153766600,107772000,53100000,26820100,50700000
2021-03-08,113.22981262207031,147.59750366210938,99.55220794677734,253.3220672607422,49.33300018310547,117.74499188213018,153.22950744628906,104.82066100973701,263.5120906541324,51.88399887084961,113.08384627126932,147.5655059814453,99.43765332889343,253.06409715938335,49.28499984741211,117.67687524164398,150.75,103.34883204318703,263.48232545551326,51.44599914550781,154376600,83700000,36868000,18391800,39818000
2021-03-09,117.83255004882812,153.1425018310547,101.18172454833984,263.67083740234375,50.64400100708008,118.77645723226702,154.54800415039062,102.35006950899573,266.43912187751977,51.31100082397461,115.59442688495044,150.25750732421875,100.94567653730599,257.78701790933485,50.38199996948242,115.827968557669,150.89950561523438,101.64738117763982,259.14634572246285,50.73099899291992,129525800,80600000,33920000,22039700,34700000
2021-03-10,116.75243377685547,152.8820037841797,100.97492980957031,262.8374328613281,50.45399856567383,118.88351576641335,155.822998046875,102.22509506672309,266.8757503451801,51.89699935913086,116.23668501538924,151.50250244140625,100.13883790609948,260.82324003325834,50.42499923706055,118.41643235397203,154.92250061035156,102.22509506672309,266.54833311025595,51.349998474121094,111943300,60250000,27100000,14210300,37715000
2021-03-11,118.67915344238281,155.67950439453125,104.16606140136719,271.7474365234375,52.305999755859375,119.89552719538874,156.58900451660156,104.69816257525414,275.73612386768207,53.02399826049805,117.99798711036199,154.14649963378906,101.97963406928115,265.7346251734787,51.07099914550781,119.24355264557505,155.20050048828125,102.06740957578127,266.0223452851112,51.220001220703125,103026500,55528000,27702000,21834000,47145000
2021-03-12,117.774169921875,154.47450256347656,101.65978240966797,266.31011962890625,51.801998138427734,117.91040318694742,154.94900512695312,103.02896690019689,267.63968219657,52.6510009765625,115.95447955662657,152.27499389648438,100.78798996708696,261.9642192904478,50.659000396728516,117.16112022904915,153.75,102.96946115627736,267.04437827071723,51.25,88105100,48438000,33818000,20600200,39817000
2021-03-15,120.65454864501953,154.08399963378906,101.87996673583984,271.6185302734375,52.025001525878906,120.6642817142442,154.11199951171875,101.90723768058707,273.81131431341987,52.073001861572266,117.18058534747087,151.60450744628906,100.5583928421277,266.4094077750428,50.803001403808594,118.14395874848536,153.72850036621094,101.41084443797796,266.98487846120577,51.63199996948242,92403800,58272000,26168000,16844800,34843000
2021-03-16,122.1920394897461,154.59300231933594,103.34038543701172,277.1054382324219,52.40299987792969,123.79765430298438,156.44549560546875,104.81766986114388,279.9431851324288,53.34199905395508,121.36490683570095,153.79299926757812,102.12046484256636,272.6603099988258,52.32099914550781,122.31853968534864,155.24850463867188,102.45271782379997,273.93034231128775,52.446998596191406,115227900,50776000,31900000,22437700,32389000
2021-03-17,121.4038314819336,156.7864990234375,103.25758361816406,281.7986145019531,52.444000244140625,122.47423888090718,158.65249633789062,104.08970309819375,284.0013300636442,52.83700180053711,119.04892629520441,153.51100158691406,101.36820045374888,273.26557087198046,51.43000030517578,120.71293209328559,153.66099548339844,102.57571917832706,273.5632228614151,52.20000076293945,111932600,62372000,26382000,21315000,28174000
2021-03-18,117.28764343261719,151.39950561523438,100.23854064941406,276.4505615234375,50.479000091552734,119.86635775445424,155.8314971923828,102.58960798944429,282.9694124523862,51.790000915527344,117.0832934949232,151.25,100.13142424591535,276.11321251700224,50.3849983215332,119.5744250296585,155.0500030517578,101.56953536138177,277.69082858237186,51.63999938964844,121229700,72992000,31700000,18728300,40945000
2021-03-19,116.76215362548828,153.7480010986328,100.5172348022461,287.8511047363281,51.21799850463867,118.16341864155612,153.864501953125,101.01710125931316,290.52016203735093,51.319000244140625,116.46049529392347,150.8314971923828,99.32558373869337,279.01050723081204,50.16299819946289,116.67457827406234,151.4615020751953,100.65460349224905,279.03034060421714,50.49599838256836,185549500,92508000,46072000,38930500,43864000
2021-03-22,120.07069396972656,155.5435028076172,100.70220947265625,291.25433349609375,52.31100082397461,120.5377847911862,156.32899475097656,101.57747521012381,297.37627329260647,52.930999755859375,117.024896545298,153.00250244140625,99.8745468228633,284.51719594885765,50.91299819946289,117.0930131834112,153.3925018310547,100.55046375333875,288.1883976859843,50.91299819946289,111912300,58044000,33536000,28273100,33606000
2021-03-23,119.2435531616211,156.875,101.2298355102539,288.3670959472656,53.50899887084961,120.89781850320577,159.10000610351562,102.35949880770968,295.6797066666779,54.3120002746582,118.85431207414345,156.04249572753906,100.56880265494154,287.55347337985114,52.939998626708984,120.01230226774646,156.35000610351562,101.1614008768052,290.86746377399635,52.98699951171875,95467100,76346000,28510000,23000900,55835000
2021-03-24,116.85943603515625,154.35350036621094,100.79345703125,279.94317626953125,52.08100128173828,119.59384882171544,158.0155029296875,102.53257766829148,289.44856979905677,53.44200134277344,116.83997732500056,154.25750732421875,100.6183978322718,278.9707959829789,52.0,119.51599913278277,157.552001953125,101.74706997921746,288.73417475341705,53.37799835205078,88530500,59180000,25218000,18675000,41022000
2021-03-25,117.34600830078125,152.31300354003906,100.78996276855469,276.5696105957031,50.2859992980957,118.38723138862223,155.48899841308594,101.44355733129613,285.81704866241506,51.85300064086914,115.79878440882977,151.85699462890625,98.98636533405625,275.5873288162411,49.70000076293945,116.32425877519718,153.64950561523438,100.62085872011362,278.79218966149506,51.69900131225586,98844700,71270000,35616000,24505600,49268000
2021-03-26,117.94933319091797,152.60150146484375,100.4066390991211,280.8163146972656,50.80500030517578,118.21207408800578,152.83299255371094,101.1336246171234,282.2848018961399,50.87200164794922,115.72093550893463,149.8000030517578,99.37119076934293,275.6071926939098,49.667999267578125,117.11246742653448,152.2030029296875,100.75674230960178,276.1330647516216,50.28200149536133,94071200,66258000,27978000,17629200,34678000
2021-03-29,118.12450408935547,153.7864990234375,101.45100402832031,288.55560302734375,51.39500045776367,119.28249444245718,154.5625,101.6206075032876,290.89721288603766,51.79999923706055,117.48226251708941,151.42250061035156,99.45053959162658,282.4832598697574,50.439998626708984,118.37751194468804,152.77200317382812,100.27919338600256,283.5449055436785,50.566001892089844,80819200,54920000,26492000,21718800,33300000
2021-03-30,116.67459106445312,152.76449584960938,101.48472595214844,285.75750732421875,51.3390007019043,117.1611406456859,153.64999389648438,102.28808372412591,290.19270318034495,51.441001892089844,115.66256704459003,151.6999969482422,100.97295690505184,284.46764179897343,50.691001892089844,116.878940997672,153.50050354003906,101.80755821783723,287.57324482882785,51.05099868774414,85671900,46752000,27312000,17474500,24181000
2021-03-31,118.86404418945312,154.70399475097656,102.28065490722656,292.2366638183594,52.16600036621094,120.19718506636265,155.9665069580078,103.45792888550099,294.19132577755687,52.8129997253418,117.89094519064328,153.125,101.51101496662734,286.36274611540455,51.54399871826172,118.3774946900482,153.2030029296875,101.87798472633357,287.7320056973746,51.56700134277344,118323800,61878000,42570000,19498200,35031000
2021-04-01,119.69117736816406,158.0500030517578,105.61609649658203,296.33453369140625,53.94200134277344,120.83943448866229,158.1219940185547,105.91214972011062,300.0454030697104,54.04999923706055,119.19489479787379,155.77749633789062,103.71431869033437,294.29057598549946,52.702999114990234,120.33342627373456,155.89700317382812,103.7549829720786,296.0765484516456,52.99300003051758,75089100,58806000,39880000,17616000,39386000
2021-04-05,122.51317596435547,161.3365020751953,110.03853607177734,306.5047302246094,54.06700134277344,122.76618380455446,161.79800415039062,110.5359281464989,308.3502331272152,54.28499984741211,119.75930377924526,158.06199645996094,106.38126321505356,298.33880077200007,52.92300033569336,120.53778601486208,158.64999389648438,106.47746820855774,298.54718744548785,54.000999450683594,88651200,66698000,48510000,28237000,33559000
2021-04-06,122.8148193359375,161.1909942626953,109.55751037597656,303.8753662109375,54.452999114990234,123.71006860087718,162.36549377441406,110.48683365729421,308.9257301235245,55.41699981689453,122.26988629191437,160.8520050048828,109.1870749956329,302.8732207214209,54.33000183105469,123.09701892635115,161.1875,109.63983019014792,306.4352641390623,54.48099899291992,80171300,50756000,35240000,17335200,34742000
2021-04-07,124.4593505859375,163.96949768066406,111.03380584716797,310.6521301269531,54.69900131225586,124.47880929727646,165.1804962158203,111.30506244729017,311.8031014540614,54.9640007019043,121.77359554768178,161.1824951171875,109.74793242768109,303.12123307626337,54.14500045776367,122.44503616328456,161.69000244140625,109.74793242768109,303.9546888069375,54.349998474121094,83466700,66924000,24134000,22855200,21513000
2021-04-08,126.85316467285156,164.96499633789062,111.59913635253906,310.58270263671875,55.45800018310547,126.88235645002487,166.22500610351562,112.658382510487,313.4204493921913,55.689998626708984,125.06266638077538,164.60000610351562,111.23117534122576,307.63582691524516,54.75699996948242,125.48109175246618,165.5449981689453,112.27207187647824,312.39847055437156,55.112998962402344,88844600,56242000,28664000,20894100,43098000
2021-04-09,129.42214965820312,168.61000061035156,112.60283660888672,310.02703857421875,55.53099822998047,129.46106707973098,168.61000061035156,112.76648496837154,312.28928426591995,55.689998626708984,125.98711183634272,164.44500732421875,110.94602844319752,307.9136188596121,54.71099853515625,126.30823624511144,165.23500061035156,111.35167993918043,308.9752946294777,55.26900100708008,106686700,86830000,26146000,15988600,28940000
2021-04-12,127.70952606201172,168.96949768066406,111.3110122680664,309.1142578125,55.27799987792969,129.2762161435529,169.7519989013672,111.91947814319695,309.71949362187615,55.79800033569336,127.11593504109703,167.5574951171875,110.4778940603642,305.53235068829883,54.95800018310547,128.95509167174853,167.760498046875,111.78211703998792,308.62805251976675,55.10499954223633,91420000,65636000,25024000,10881900,29441000
2021-04-13,130.813720703125,170.0,111.79749298095703,307.34814453125,55.37300109863281,131.03754421397457,171.60000610351562,112.24579128521644,311.9817658418742,55.974998474121094,128.38097265896974,169.781494140625,111.23315696050524,306.9115680536803,55.029998779296875,128.87726276289945,170.04249572753906,111.6269058095295,309.77905007957656,55.70000076293945,91266500,66316000,25682000,14036900,27203000
2021-04-14,128.47825622558594,166.64999389648438,111.1766357421875,300.4621276855469,54.00199890136719,131.36836136344672,170.2064971923828,112.44217717256038,305.63155202989105,55.48699951171875,128.11821435701262,166.3000030517578,110.884555124109,299.5989067038952,53.85300064086914,131.3099778007929,170.20199584960938,112.44217717256038,304.9072252057683,55.48699951171875,87222800,62904000,21002000,17421400,37403000
2021-04-15,130.88185119628906,168.95449829101562,113.32585906982422,305.4232177734375,54.922000885009766,131.36840082898902,169.85000610351562,113.8589591031954,307.72516074452744,55.3489990234375,130.04498523411246,167.60000610351562,111.63583238423234,301.7321817266754,54.26599884033203,130.220150823009,168.5500030517578,112.1704155210859,303.95473064775086,54.41699981689453,89347100,64672000,29174000,14558300,31391000
2021-04-16,130.5509796142578,169.9720001220703,113.20188903808594,303.7959899902344,54.65399932861328,131.04725481288563,170.33999633789062,113.77168077567667,306.54444137804103,55.198001861572266,129.69464764958488,167.7794952392578,112.61523834787371,302.2382071802452,53.95100021362305,130.68721289515452,169.0,113.52373007572085,305.77051588644764,55.05400085449219,84922400,63720000,26282000,13059200,32091000
2021-04-19,131.2126922607422,168.60049438476562,113.54952239990234,299.8866271972656,55.444000244140625,131.82574950678435,171.79649353027344,114.26014846814734,305.3041352263425,55.64400100708008,129.75304346412022,168.00799560546875,112.57855111316749,298.2197156252216,54.553001403808594,129.91846854593953,169.51649475097656,112.57855111316749,302.635078233983,54.689998626708984,94264200,54508000,30290000,14553500,42887000
2021-04-20,129.5292205810547,166.7344970703125,113.01641845703125,300.2934265136719,54.957000732421875,131.88411859918818,169.14950561523438,114.00772178331093,302.72436183660926,56.35599899291992,128.2641887932471,165.8000030517578,111.93089265988128,294.89578234939887,54.630001068115234,131.38784340823202,168.67999267578125,113.9328401922627,299.6385619334526,55.44200134277344,94812300,52460000,22288000,16796400,112576000
2021-04-21,129.90870666503906,168.1009979248047,112.98370361328125,299.12261962890625,50.88999938964844,130.15198139662152,168.14300537109375,113.06552401835194,299.6286582281445,51.54600143432617,127.76789199677557,165.1905059814453,111.32094015527258,295.0744016748638,50.36000061035156,128.79937448295544,165.8000030517578,112.67128329657372,299.5988930328925,50.79999923706055,68847100,44224000,23204000,14863500,228974000
2021-04-22,128.39068603515625,165.45199584960938,111.7027816772461,294.211181640625,50.87799835205078,130.54122653689166,168.64349365234375,113.50587995571698,300.5613732471118,51.395999908447266,127.8749447465964,165.07249450683594,111.09778136352259,293.7349384661089,50.05500030517578,129.46108603950333,168.58399963378906,112.83740129654701,298.98372689165404,51.38199996948242,84566500,51612000,24146000,16375400,90611000
2021-04-23,130.70664978027344,167.04400634765625,114.05384826660156,298.7853088378906,50.55500030517578,131.4851170121257,168.75,114.36081286616997,300.2339323251979,50.970001220703125,128.60475261832673,165.4250030517578,112.13570353718127,294.83628751007234,50.06999969482422,128.60475261832673,165.9550018310547,112.42084532744272,296.4337672726164,50.9010009765625,78657500,63856000,29066000,17536800,73077000
2021-04-26,131.0959014892578,170.4499969482422,114.54974365234375,300.68048095703125,51.029998779296875,131.426751593288,171.42250061035156,115.27376298428891,303.4189704776687,51.04800033569336,129.9671030596472,166.5469970703125,113.92441123580916,299.21199361990506,50.29999923706055,131.20294297565732,167.39999389648438,114.28146082870616,300.97813298754755,50.67599868774414,66905100,97614000,32038000,16172600,43888000
2021-04-27,130.77474975585938,170.8715057373047,113.61001586914062,301.2062683105469,50.55500030517578,131.76731470925472,173.0,114.97225396912138,302.96247535635484,51.29899978637695,130.50228327427,169.90049743652344,113.37098650498807,298.7654012272768,50.45800018310547,131.37806627247733,172.17349243164062,114.93158969348886,301.9107314378546,51.262001037597656,66015800,76542000,44386000,15309300,37613000
2021-04-28,129.98655700683594,172.9250030517578,116.98512268066406,304.70880126953125,50.652000427246094,131.38782184344353,174.49400329589844,120.57247005777245,308.49906447197213,50.84000015258789,129.50000754125335,171.25,116.69650771409113,302.9922608483322,50.33399963378906,130.69691506905932,171.74000549316406,118.6444052488308,304.9667562140213,50.52000045776367,107760100,92638000,81106000,33907200,31930000
2021-04-29,129.8892822265625,173.5655059814453,118.65729522705078,326.9443359375,50.900001525878906,133.38271977828063,175.72250366210938,119.22262247919515,329.2264152654433,50.92900085449219,128.88699119854815,171.75,117.71954253961522,319.1058237242205,49.900001525878906,132.79885429572334,175.2550048828125,118.48224361950828,327.5495717415354,50.7599983215332,151101000,153648000,41234000,56526800,51278000
2021-04-30,127.92362976074219,173.37100219726562,116.71039581298828,322.5487976074219,51.34700012207031,129.96712921001927,177.6999969482422,118.1162720240264,327.25191086363225,51.45500183105469,127.54412165956818,173.125,116.36624012534263,321.97332701790543,50.5,128.2350137894491,176.25599670410156,117.43044257709242,323.6005719261197,50.5,109839500,140186000,44856000,26332400,44132000
2021-05-03,128.9745330810547,169.32449340820312,116.19366455078125,320.0682678222656,50.9109992980957,130.46338819019584,174.33250427246094,118.10139729687744,325.99178455965375,51.89500045776367,128.28364111599663,168.63499450683594,115.81777346888248,319.33403940642825,50.52000045776367,128.48798358801744,174.2364959716797,117.2762166409626,323.6303414935902,51.26499938964844,75135100,117510000,28242000,18719500,40919000
2021-05-04,124.41069793701172,165.593505859375,114.39601135253906,315.881103515625,50.31800079345703,127.95278490720769,168.3990020751953,115.29656536605839,319.68129851653737,51.16299819946289,123.2916326716947,163.60650634765625,111.90906636547629,310.68191400122157,49.67900085449219,127.66085225567952,167.8094940185547,114.72925560951428,317.5281817062086,51.077999114990234,137564700,108788000,44818000,24032600,43495000
2021-05-05,124.65400695800781,163.52699279785156,114.78977966308594,312.567138671875,49.608001708984375,126.94078104975206,167.73500061035156,115.79298579038195,318.56011770266906,50.77799987792969,124.52749931714487,163.21800231933594,114.46793860068328,312.04126663923637,49.4630012512207,125.72440711319194,166.9429931640625,115.47709984321007,315.712469321402,50.499000549316406,84000900,74226000,26636000,15577600,31294000
2021-05-06,126.24987030029297,165.31849670410156,115.90950775146484,317.5281982421875,49.95500183105469,126.25959594495404,165.72000122070312,115.90950775146484,317.746486454234,49.95500183105469,123.71007387822482,162.36000061035156,113.71216888819075,310.8307561707074,49.137001037597656,124.44963120105919,163.5,114.371219210084,312.0710232209815,49.5989990234375,78128300,88954000,25190000,19012200,37837000
2021-05-07,126.92243194580078,164.58050537109375,116.63253021240234,316.5954895019531,50.38399887084961,127.94590938474946,166.54449462890625,117.59061507127338,320.42544959034336,50.85499954223633,126.2108524591679,164.45350646972656,116.34639717350244,316.2680723502295,50.11199951171875,127.54627247102638,165.95449829101562,117.22563540770174,319.8698124189637,50.46200180053711,78973300,94206000,28898000,15916700,31328000
2021-05-10,123.64729309082031,159.52450561523438,113.64820098876953,303.58758544921875,48.66899871826172,126.26937098545628,164.14999389648438,115.59461543086714,312.1305297025952,50.314998626708984,123.60830211734293,159.5,113.29065197517465,302.4564474516533,48.611000061035156,126.1426633359984,164.11599731445312,115.45278230823058,311.9023399620006,50.20000076293945,88071200,116772000,30914000,24239200,51316000
2021-05-11,122.73102569580078,161.19549560546875,112.57259368896484,304.1432189941406,49.507999420166016,123.08192956770212,161.89999389648438,113.07940650319262,304.4508027729763,49.79899978637695,119.67029762868589,156.36849975585938,110.78040678264628,297.35648192958325,47.862998962402344,120.38186984814409,156.81399536132812,111.23416080961009,298.4082258726899,47.974998474121094,126142800,92396000,34186000,18920100,44010000
2021-05-12,119.67029571533203,157.5970001220703,109.11071014404297,300.1943054199219,48.49800109863281,121.49308457084182,160.39700317382812,111.47765277681279,302.5855445691413,49.354000091552734,119.16342796467423,156.65499877929688,108.78193027743689,295.8682673202312,48.27000045776367,120.28439421406758,159.25,110.3970831268485,298.7853786289077,48.68299865722656,112172300,98728000,46376000,24645500,41215000
2021-05-13,121.81474304199219,158.07350158691406,110.53840637207031,302.8831787109375,48.66600036621094,122.96495055227784,160.19200134277344,111.05414048585153,306.45512398338803,49.077999114990234,121.12267010296466,156.64999389648438,109.43154957142508,300.4125458855412,48.270999908447266,121.43459040557941,159.27349853515625,110.39359947423983,303.69677097235177,48.91299819946289,105861300,67018000,33204000,18079200,27125000
2021-05-14,124.23213958740234,161.14500427246094,112.98516082763672,313.47998046875,49.33700180053711,124.66103284772763,161.4429931640625,113.29956358835982,314.38289851654434,49.48500061035156,122.67253787272075,159.14999389648438,111.57779418817458,306.67337913920693,48.659000396728516,123.06244016058305,159.2779998779297,112.00129584189663,307.1298192160858,48.7859992980957,81918000,66500000,31996000,19245700,28825000
2021-05-17,123.08190155029297,163.51950073242188,113.50785064697266,313.0036926269531,48.89400100708008,123.72524128199667,164.6374969482422,113.5504974365383,313.2219808293489,49.270999908447266,122.00967610088587,161.72950744628906,111.85104254616843,309.1538990283127,48.28099822998047,123.6180179933794,162.29649353027344,112.25073891210808,311.10856102432524,48.558998107910156,74244600,74478000,21598000,15401300,27052000
2021-05-18,121.69776153564453,161.61399841308594,112.1961898803711,307.5465087890625,48.62799835205078,123.78372980629568,165.60000610351562,114.43816551572112,314.0355939964766,49.347999572753906,121.62952920667057,161.51849365234375,112.18230470309192,307.3976828099841,48.61899948120117,123.36458623209384,164.62899780273438,114.17384773504614,313.1326760167942,48.84000015258789,63342900,56568000,22204000,14522400,23505000
2021-05-19,121.54181671142578,161.58999633789062,112.64399719238281,311.1482238769531,48.77000045776367,121.76600548369002,161.7375030517578,112.81706629241613,312.20989957564876,48.856998443603516,119.75801895076617,159.1999969482422,110.35988157512777,301.2062556340909,47.854000091552734,120.050447495282,159.75,110.50815409240448,301.82142315148013,48.16299819946289,92612000,53594000,23684000,19106200,33499000
2021-05-20,124.09567260742188,162.38400268554688,114.40196990966797,316.12921142578125,50.16699981689453,124.49532449020155,162.98399353027344,114.65239495545593,316.76424276633463,50.27000045776367,121.94147161685788,161.8090057373047,113.24007185238473,310.72166460369823,48.89799880981445,122.06819413421118,162.22000122070312,113.61100662106799,311.1383774259706,48.95500183105469,76857100,52664000,32352000,17320200,37212000
2021-05-21,122.26313781738281,160.1540069580078,113.7662124633789,313.7677307128906,49.78900146484375,124.76825004025154,162.83450317382812,114.99407073122583,317.4389030180048,50.540000915527344,122.04869119774337,159.85049438476562,113.52669126628258,313.3509876603318,49.72600173950195,124.59279439116175,162.5,114.92067224724799,316.8039020331024,50.3120002746582,79295400,82098000,40632000,13600900,33229000
2021-05-24,123.8909683227539,162.24949645996094,117.08429718017578,322.10235595703125,50.290000915527344,124.70976380781524,162.8975067138672,117.30794312536561,323.4120853801167,50.42499923706055,122.76025995557121,160.52499389648438,114.65041093317832,315.5537391215647,49.95100021362305,122.82849229292907,160.77499389648438,114.79570966912145,315.732330330178,50.10499954223633,63092900,48456000,31832000,16445400,24126000
2021-05-25,123.69602966308594,162.95249938964844,117.17505645751953,325.2377014160156,50.13399887084961,125.08018314804377,163.99099731445312,118.22289182744397,326.6168625616901,50.637001037597656,123.13067172111496,160.68800354003906,116.7847807808758,322.27096218906894,49.922000885009766,124.59279971373591,163.33349609375,117.62781165530731,324.53320796495933,50.599998474121094,72009500,65222000,22440000,16437000,26995000
2021-05-26,123.64729309082031,163.25799560546875,118.03990936279297,325.10870361328125,50.236000061035156,124.17366007761332,164.7864990234375,118.47034990255696,327.2617901142244,50.41400146484375,123.22814942189817,162.92550659179688,117.35308107918044,323.2830342689029,50.04999923706055,123.75451640869117,163.72950744628906,117.3560548531477,325.79333340241755,50.23400115966797,56575900,47680000,21572000,9686900,24653000
2021-05-27,122.11693572998047,161.5054931640625,117.16563415527344,330.1590881347656,50.38600158691406,124.41735116472775,163.01800537109375,118.47332287279623,331.18106697098676,50.5099983215332,121.92198829453461,161.5019989013672,116.84726630527486,324.215738131107,49.854000091552734,123.2476516785167,162.8000030517578,118.47332287279623,325.44607335297707,50.18000030517578,94625600,51224000,35224000,20477700,32538000
2021-05-28,121.46381378173828,161.15350341796875,116.87651824951172,326.1704406738281,50.28099822998047,122.62377072126802,162.39950561523438,117.82963927117555,330.2781899002935,51.17599868774414,121.40533105764956,160.98500061035156,116.67816071964592,325.7735309453139,50.25299835205078,122.39957455098539,162.10000610351562,117.74781887099097,328.4227550113374,50.439998626708984,71311100,46596000,21482000,12037400,29103000
2021-06-01,121.14217376708984,160.9324951171875,118.08303833007812,326.5672607421875,49.90800094604492,122.18515807859856,162.5489959716797,118.30768309931028,328.8394383209458,50.54100036621094,120.81076166659518,160.4530029296875,116.74906245910415,324.0966586152129,49.77399826049805,121.92197831860382,162.1750030517578,117.74880281061728,327.5793076939704,50.4010009765625,67637100,48600000,23354000,11765900,24826000
2021-06-02,121.90245819091797,161.69949340820312,117.55789184570312,326.58709716796875,49.92399978637695,122.07791381305455,161.75,118.70094093106418,329.2859193445906,50.321998596191406,120.91796422365286,160.39999389648438,116.65385700275765,324.5729047910016,49.582000732421875,121.14215297391479,161.15499877929688,118.478278661861,327.8075307847348,49.981998443603516,59278900,40290000,21158000,11654300,22690000
2021-06-03,120.42086029052734,159.35049438476562,116.41681671142578,323.5013427734375,48.94300079345703,121.69778300232346,160.7220001220703,116.88494774617168,324.83090541378255,49.66600036621094,120.02120840977952,159.20150756835938,115.52121891925472,320.9612782844265,48.724998474121094,121.5320769508381,160.2115020751953,116.3250761646754,323.2433575381614,49.51900100708008,76229200,47966000,18696000,12610800,38874000
2021-06-04,122.71151733398438,160.31100463867188,118.69746398925781,327.7778015136719,49.4739990234375,122.97470451422886,161.0500030517578,118.96822874582733,329.871357884137,50.18600082397461,120.72302254551224,159.9405059814453,117.15223662042179,322.64804336676895,49.095001220703125,120.93746915555829,160.60000610351562,117.49242726754059,323.36243844123214,49.20000076293945,75169300,44994000,24458000,13289400,31605000
2021-06-07,122.72127532958984,159.90049743652344,119.1303939819336,333.95928955078125,49.465999603271484,123.13066937489863,160.39999389648438,119.23999231025896,335.06066255522967,49.66999816894531,121.67829101219802,158.61000061035156,118.07412912075807,326.3688604442984,49.05500030517578,122.9844550910691,159.8665008544922,118.49266700644799,326.9145961729755,49.29199981689453,71057600,44316000,24120000,20136700,27919000
2021-06-08,123.54005432128906,163.20550537109375,118.93897247314453,331.08184814453125,49.23899841308594,125.21663622404847,163.97650146484375,119.98433347180782,335.66587042753156,49.88199996948242,123.02343700167279,160.90049743652344,118.75747389251524,329.65305804593925,48.9370002746582,123.4035896495703,161.1304931640625,119.61191557625074,334.0783527890586,49.70000076293945,74403800,68334000,24240000,14580500,23740000
2021-06-09,123.92020416259766,164.0574951171875,119.41007232666016,327.67852783203125,48.58100128173828,124.52455300706954,164.87899780273438,119.65504166013505,334.17751453094957,49.60900115966797,123.32560491924683,163.53500366210938,118.86259530140607,327.4304744423022,48.46500015258789,123.99818609803275,163.64349365234375,119.58314141281689,333.12577058089494,49.45000076293945,56877900,49110000,17942000,13727900,30550000
2021-06-10,122.92597198486328,167.4824981689453,120.75843811035156,329.8713073730469,48.72700119018555,124.95345787476269,167.5500030517578,120.80158431684347,331.33979432346086,49.020999908447266,122.7602659341765,164.0574951171875,119.20378994220064,325.9917487704963,48.2140007019043,123.81299241371467,164.10049438476562,119.35950068179913,328.2143277062519,48.71699905395508,71186400,69530000,25904000,13240200,43829000
2021-06-11,124.13467407226562,167.3415069580078,120.51395416259766,328.6806945800781,48.87699890136719,124.22240562529288,168.32899475097656,121.08522897452744,330.2384469560632,49.14099884033203,122.91623399021204,166.67250061035156,119.95655696176605,326.3688198807592,48.77799987792969,123.3353776759092,167.4824981689453,120.99993539094038,329.99039355021097,49.0,53522400,56348000,21958000,13587900,31240000
2021-06-14,127.18559265136719,169.19349670410156,121.4417953491211,334.1477355957031,49.98899841308594,127.24407537130317,169.25,121.44228719469659,334.1973644395812,50.349998474121094,123.86169335215752,166.77499389648438,119.90896239653654,327.24193798799115,48.691001892089844,124.59275709841722,167.3415069580078,120.61611526440987,329.31566060726266,48.96799850463867,96906500,51394000,22098000,12250800,44002000
2021-06-15,126.36683654785156,169.156494140625,120.4241943359375,334.1279602050781,49.189998626708984,127.30260492232891,169.84950256347656,121.76907406138305,337.2732909264785,50.12300109863281,126.12314857125716,168.15550231933594,120.06367156009478,332.42135144658135,49.040000915527344,126.65926509447159,169.1999969482422,121.44624178709292,334.3660818011608,50.12300109863281,62746300,48524000,21562000,15795200,31041000
2021-06-16,126.86392974853516,170.7624969482422,119.7824935913086,328.5020751953125,49.24100112915039,127.58525137205336,171.3175048828125,120.88686840654948,334.9216985906193,49.645999908447266,125.21661184407183,168.02650451660156,118.49067266185558,326.16046556361823,48.62799835205078,127.0783763157019,169.60000610351562,120.5754393849675,334.0783412293465,49.5,91815000,84056000,26472000,17232200,35332000
2021-06-17,128.4625244140625,174.46200561523438,120.74554443359375,333.8898620605469,49.83399963378906,129.203345250585,174.86000061035156,121.51815815207105,335.3484174989163,50.18000030517578,126.37655629930642,170.0500030517578,119.51223788888802,327.5793668014927,49.01499938964844,126.52277798345058,170.15899658203125,119.70812106140869,327.9167158462907,49.025001525878906,96721700,102730000,25842000,17794100,31983000
2021-06-18,127.16614532470703,174.34500122070312,119.12641906738281,327.0931396484375,50.07699966430664,128.1896229684165,175.35000610351562,120.60618554839238,333.5325962354284,50.44900131225586,126.95169870686416,173.6855010986328,119.03120533837755,326.43827503756376,49.52399826049805,127.40983331102534,173.99949645996094,120.37212004101573,331.92521504508204,49.63999938964844,108953300,104954000,46116000,23039500,51976000
2021-06-21,128.95970153808594,172.697998046875,120.81398010253906,329.7026672363281,49.70000076293945,129.06692486047993,174.10000610351562,120.99994312989033,330.3277666521811,50.20500183105469,125.94772121838587,171.6999969482422,118.91566806650118,325.0987815754126,49.22800064086914,127.01019740258512,173.8209991455078,119.51273832350716,328.51199879851725,50.16400146484375,79663300,65542000,27414000,11337500,52773000
2021-06-22,130.59725952148438,175.27200317382812,121.32772827148438,336.3901672363281,50.88199996948242,130.69474066397615,176.18899536132812,121.39666231815684,337.2732518527593,51.35499954223633,128.29684436989922,172.80450439453125,120.07161525109758,330.0102412140811,49.58000183105469,128.7939773736595,172.9029998779297,120.75198899495656,330.09953680226704,49.854000091552734,74783600,66902000,22390000,15345300,58093000
2021-06-23,130.3243408203125,175.1909942626953,121.12588500976562,337.93798828125,51.27399826049805,130.92869718078555,176.0500030517578,122.08644415141389,340.7459694093703,51.66299819946289,129.86620618552573,174.16000366210938,120.83578696282714,335.56661379024627,50.81999969482422,130.3925806003398,175.25,121.09265895404788,336.7076532455804,50.847999572753906,60214200,56266000,19148000,14817800,39448000
2021-06-24,130.0416717529297,172.45399475097656,121.49583435058594,340.50787353515625,51.805999755859375,131.240612583958,176.2429962158203,122.04677701360374,342.214482226336,52.09600067138672,129.57378007008424,171.54249572753906,121.29747683144915,339.1287123056329,51.439998626708984,131.0554073186903,175.3820037841797,121.69419186972272,339.18824270230544,51.79600143432617,68711000,76640000,21362000,12329100,33612000
2021-06-25,129.74923706054688,170.072998046875,121.50426483154297,338.71197509765625,52.707000732421875,130.50954241745376,173.24099731445312,121.62774832820787,341.44056268544,53.305999755859375,129.4568084909208,169.70899963378906,120.5685022175003,337.035131575858,52.5,130.09040620403312,173.1999969482422,120.99993398696205,339.92247698416224,52.88399887084961,70783700,78820000,34594000,14594400,52991000
2021-06-28,131.37704467773438,172.1945037841797,121.53153991699219,352.870849609375,53.303001403808594,131.83517920756188,172.39999389648438,121.77849933650862,355.35138354168714,53.39400100708008,129.9831567614525,170.67550659179688,120.41030616677962,339.1088219177448,52.45600128173828,130.04163948891443,170.8000030517578,121.6728660523082,339.7934517054594,52.8120002746582,62111300,44856000,28526000,29156100,28202000
2021-06-29,132.88790893554688,172.40699768066406,121.27021026611328,349.15008544921875,53.349998474121094,133.043872786454,172.80149841308594,122.01257928283053,353.9622975602913,53.612998962402344,130.95790461954863,171.15150451660156,120.69347970676894,346.3321719592447,52.856998443603516,131.39653993588485,171.9409942626953,121.66495039428926,353.49595592074894,53.35499954223633,64556100,41968000,23108000,21417300,23146000
2021-06-30,133.50196838378906,172.00799560546875,121.08869934082031,345.0025939941406,52.82099914550781,133.9406035722535,173.5800018310547,121.2548296268427,350.17204882576885,53.4379997253418,132.4394779735636,171.75,120.35972373185534,344.466820433669,52.68199920654297,132.7319063903823,172.05299377441406,120.99447687115277,349.4278886007124,53.40599822998047,63261400,48080000,24474000,15107500,27734000
2021-07-01,133.80421447753906,171.64849853515625,121.4407958984375,351.630615234375,53.354000091552734,133.86269721920397,172.85000610351562,121.58212203987887,351.9084338493456,53.70399856567383,132.33232940247316,170.4709930419922,120.53527798763021,343.80203488402134,52.571998596191406,133.15113240638843,171.73049926757812,120.72718855138434,344.1195505239757,52.571998596191406,52485800,40742000,18110000,17137000,28054000
2021-07-02,136.42623901367188,175.5489959716797,124.2307357788086,351.9382019042969,53.39799880981445,136.4652225329,175.58599853515625,124.37603452212761,353.66464400562825,53.854000091552734,134.27203145647837,171.8459930419922,122.05075521661516,349.87438050780213,52.93899917602539,134.41823824549493,172.58200073242188,122.14051324667714,352.3350813174818,53.54999923706055,78852600,63388000,25982000,11521300,19755000
2021-07-06,138.43426513671875,183.78700256347656,125.15559387207031,350.0331115722656,54.16400146484375,139.53572463895688,184.2740020751953,125.39164190205774,355.9963249803974,54.2859992980957,136.53350195950557,176.4499969482422,123.56126516970392,346.46113656672946,53.29999923706055,136.53350195950557,176.5054931640625,124.61852879829608,353.7241473646603,53.29999923706055,108181800,134896000,26404000,13488500,27751000
2021-07-07,140.91986083984375,184.82899475097656,125.43727111816406,347.76092529296875,53.59600067138672,141.23177365056304,186.7100067138672,126.24062899525266,353.71420672723315,54.4640007019043,139.05808151749494,183.94549560546875,125.11890325477182,347.2747503320895,53.16600036621094,139.91585290212097,185.86900329589844,126.11963498147594,352.4938034123803,54.42399978637695,104911600,106562000,24060000,14218900,27225000
2021-07-08,139.62342834472656,186.57049560546875,124.01898193359375,342.9586486816406,53.07600021362305,140.42271694428075,187.99949645996094,124.56595957690325,345.61777404774114,53.54999923706055,137.1183095251409,181.05599975585938,123.005363941043,339.89271207759845,52.909000396728516,138.00533707496902,182.17799377441406,123.0093289727932,343.0380427319482,53.09299850463867,105575500,103612000,23790000,14406500,32690000
2021-07-09,141.44622802734375,185.9669952392578,124.48959350585938,347.6914978027344,53.597999572753906,141.97258743167365,187.39999389648438,124.70381872081973,347.97921794083607,53.82600021362305,139.04833216120844,184.6699981689453,123.53051741103474,342.5815736156693,52.858001708984375,139.1458132863032,186.12600708007812,124.00013909575392,342.63120246289606,53.099998474121094,99890800,74964000,18632000,13018700,27772000
2021-07-12,140.85162353515625,185.92750549316406,125.93465423583984,350.41015625,53.73099899291992,142.62567880479006,187.864501953125,126.02788545144588,351.43213503991996,54.064998626708984,140.364247675173,184.83949279785156,124.581337423186,346.91757530230257,53.29199981689453,142.5184555206525,187.1999969482422,125.14369092382793,348.4951912820845,54.029998779296875,76299700,51432000,17668000,10018600,17807000
2021-07-13,141.96282958984375,183.8679962158203,126.29763793945312,349.34844970703125,54.06800079345703,143.73688473062327,188.6540069580078,127.00776446810474,355.6986100896785,54.53300094604492,140.0035841294874,183.5659942626953,125.6361057459108,346.0840587937821,53.57600021362305,140.39347883974256,185.10499572753906,125.997120340751,348.76304737206374,53.57600021362305,100827100,76918000,19240000,11456000,27516000
2021-07-14,145.38424682617188,184.08399963378906,127.18580627441406,344.9232177734375,54.79499816894531,145.79365573228569,185.88299560546875,128.26638333995623,352.4342819743491,55.40999984741211,143.95136027537654,183.04150390625,126.86594777508958,344.03023159160176,54.10100173950195,144.36076918149035,185.4425048828125,126.90909397847128,351.79925073751554,54.10100173950195,127050800,65932000,23742000,13894200,46595000
2021-07-15,144.7311553955078,181.55999755859375,125.96391296386719,341.77789306640625,54.29499816894531,146.21278242197315,184.77000427246094,127.64501842152565,346.5107713852772,55.75400161743164,143.37625087333885,181.04600524902344,125.49280814322165,337.57091703181555,53.81999969482422,145.47197634550716,184.7100067138672,127.59444156322091,346.5107713852772,55.39699935913086,106820300,63706000,24218000,14781600,57139000
2021-07-16,142.6939697265625,178.68150329589844,125.92919158935547,338.50360107421875,53.03099822998047,145.97887978350332,182.30299377441406,126.763792905859,343.29597951923523,54.40599822998047,142.1968514737954,178.5229949951172,125.11938685402984,337.491554086067,52.70500183105469,144.71171385995527,181.66549682617188,126.61651165592089,342.2244021364838,54.180999755859375,93251400,80874000,20424000,11026100,34421000
2021-07-19,138.85340881347656,177.47950744628906,123.55680084228516,334.3263854980469,53.22800064086914,140.43251704679776,177.510498046875,125.17046276091699,337.1442684957518,53.49100112915039,138.0931035014654,174.95799255371094,122.49259090531656,331.9351470822577,52.2239990234375,140.12058929133983,176.62899780273438,125.05590815567551,334.9415530868475,52.60499954223633,121434600,75692000,27968000,14372300,38858000
2021-07-20,142.45997619628906,178.6595001220703,125.1749267578125,338.99969482421875,53.10499954223633,143.3860023478585,179.60000610351562,126.00159043894895,340.77576560791334,53.66400146484375,139.35053030452949,175.89999389648438,123.33116437738677,331.8954419693958,52.029998779296875,139.83790622702588,178.36599731445312,124.49851053248894,336.16194824446416,52.606998443603516,96350000,65114000,26312000,11024300,69304000
2021-07-21,141.72891235351562,179.25999450683594,126.50345611572266,343.53411865234375,51.362998962402344,142.44049190950972,179.32249450683594,126.55006794062126,343.82183878893244,53.0989990234375,140.97836414159778,177.1820068359375,124.99045595333612,338.59288412390543,50.56100082397461,141.85563485293181,178.81900024414062,125.09955486427575,338.84093751886803,52.612998962402344,74993500,46380000,20746000,9279700,119068000
2021-07-22,143.0936279296875,181.90150451660156,127.36878204345703,348.45550537109375,51.176998138427734,144.45827507929783,182.00100708007812,127.4297860202273,348.8027861958201,51.36800003051758,142.1286178837598,179.11349487304688,126.4538510284207,342.5220569930656,50.70000076293945,142.25534043105876,179.3614959716797,126.79602416530378,343.9806122329509,51.020999908447266,77338200,65308000,14302000,12385400,43281000
2021-07-23,144.8091278076172,182.83200073242188,131.92465209960938,366.91070556640625,51.54100036621094,144.96509166825837,183.3054962158203,132.30550704776215,372.4075475574417,51.74100112915039,143.210535419876,181.1020050048828,128.73650906326645,354.4088071301203,50.465999603271484,143.82463382519293,182.0,129.36133455179797,358.09984323454836,51.215999603271484,71447400,48726000,41506000,33694300,38205000
2021-07-26,145.22830200195312,184.99099731445312,132.93629455566406,369.5599060058594,51.64899826049805,146.04709009069717,185.60400390625,133.13663460885186,371.5245000314871,52.112998962402344,143.97086362595675,182.3625030517578,131.2169991619108,365.3529296099251,50.9010009765625,144.52647939059113,183.6584930419922,132.2355886482273,366.70232570674966,51.4379997253418,72434100,58002000,30572000,14925200,22545000
2021-07-27,143.0643310546875,181.3195037841797,130.8187713623047,364.9460754394531,51.89099884033203,145.44272791296905,184.9250030517578,133.29729444563313,370.24449233760663,52.19499969482422,141.87513262554674,179.3074951171875,129.0375036233096,361.7114494701859,51.20500183105469,145.35498894389306,184.9250030517578,133.1500131960715,369.01415718461413,51.80799865722656,104818600,82638000,54710000,15705400,27590000
2021-07-28,141.319580078125,181.51600646972656,134.97840881347656,370.37347412109375,51.93000030517578,143.25934245179494,182.92100524902344,137.16335335815197,374.61021509469094,52.446998596191406,138.94118215723424,180.0500030517578,134.16860398036314,364.0729119989861,51.698001861572266,141.15387397688778,181.68899536132812,135.1946241311871,371.6435062586561,52.18199920654297,118931200,59988000,95130000,29676900,23905000
2021-07-29,141.96282958984375,179.99600219726562,134.66448974609375,355.5299987792969,51.42499923706055,142.8498571602335,181.8975067138672,135.54074659888502,362.67391881987123,52.077999114990234,140.92959522149076,179.00050354003906,134.43191491467985,353.9622842712004,51.37900161743164,141.0368184978404,181.3874969482422,135.03393383670254,358.1891240675114,51.99599838256836,56699500,110400000,31716000,33413200,17360000
2021-07-30,142.17733764648438,166.37950134277344,133.6221160888672,353.52569580078125,51.75699996948242,142.63547230965827,168.40699768066406,134.1953809902093,357.92122508930873,51.979000091552734,140.47152152252852,165.3489990234375,133.15448447715994,350.19187261810475,51.09600067138672,140.73470874624329,167.3975067138672,133.92808941978942,351.24361661835076,51.26900100708008,70440600,199312000,25576000,15976200,25371000
2021-08-02,141.84588623046875,166.57400512695312,133.74905395507812,349.2096252441406,51.51499938964844,143.23977416644965,167.9459991455078,134.22709749139312,356.6015991711631,51.98500061035156,141.5826990796388,165.85000610351562,132.69724618575344,348.0090248606978,51.05099868774414,142.66467417357075,167.65499877929688,134.00939911638073,355.3117334679123,51.900001525878906,62880000,67078000,21634000,13180400,20966000
2021-08-03,143.6394500732422,168.31199645996094,134.51820373535156,348.5050964355469,51.082000732421875,144.30227426975748,169.5500030517578,134.61935743991575,351.01539564143263,51.5629997253418,141.51448305654833,164.98849487304688,132.2266425296642,344.9926820804049,50.5369987487793,142.12858155366985,167.03599548339844,134.02725111270541,349.98351529526695,51.43899917602539,64786600,83146000,20762000,12406100,25794000
2021-08-04,143.23976135253906,167.73599243164062,134.01785278320312,356.12530517578125,51.73500061035156,144.05854922239413,169.44400024414062,134.53755950866824,357.6731559108853,51.79800033569336,142.58667948918819,167.2779998779297,133.38458270000555,348.7729990440596,51.0369987487793,143.55168904021573,168.96749877929688,134.24001564188015,349.67591701952944,51.29999923706055,56368300,43678000,19676000,14180600,20394000
2021-08-05,143.34701538085938,168.79949951171875,135.1345977783203,360.1438293457031,52.48899841308594,144.107320690727,169.4499969482422,135.2323009960872,361.0665808744601,52.54100036621094,142.47948676454712,167.04600524902344,133.74061681615711,354.1210845608762,51.402000427246094,143.26903344221475,167.81100463867188,134.56827929751879,356.83977085113816,51.7130012512207,46397700,48670000,17870000,10247200,25567000
2021-08-06,142.66368103027344,167.2469940185547,134.62582397460938,360.6795959472656,52.05500030517578,143.61060825982952,168.75,135.35381597219683,362.30681059827253,52.683998107910156,142.16581806356817,166.45199584960938,134.1016679203012,358.5860093865691,51.93899917602539,142.86869219057516,168.75,134.92684860507694,358.5860093865691,52.400001525878906,54126800,52752000,20488000,8925000,19198000
2021-08-09,142.6148681640625,167.093505859375,135.7906951904297,358.79437255859375,51.99700164794922,143.21035833317768,167.74400329589844,136.0594850166339,362.9319169074044,52.266998291015625,142.05843483321482,166.42599487304688,134.23009186471586,357.94108333229246,51.79899978637695,142.72225212556916,167.1804962158203,134.82816095664558,360.92765618426364,52.1150016784668,48908700,42964000,17760000,7798900,13678000
2021-08-10,142.13650512695312,166.03399658203125,135.68556213378906,358.318115234375,51.58399963378906,144.19631350606738,167.89999389648438,136.64314754338798,361.2649909446652,52.07899856567383,141.84363848192044,165.75,135.246684585336,356.2443923686089,51.297000885009766,142.9565198163916,167.25050354003906,136.21616508986884,359.01264661164123,52.0,69023100,48252000,19414000,7469900,19605000
2021-08-11,142.39035034179688,164.60549926757812,135.16189575195312,357.1572265625,51.2400016784668,143.22989365517753,166.88499450683594,136.55387918721985,359.53853333042804,51.957000732421875,142.06819844175104,163.88949584960938,135.15444996704406,355.0239732137303,50.97700119018555,142.57583309295842,166.57249450683594,136.05699411421284,359.2805783648751,51.70000076293945,48493500,58944000,15352000,8400300,16739000
2021-08-12,145.3482666015625,165.1750030517578,136.06939697265625,359.8262939453125,51.071998596191406,145.50446416374155,165.72549438476562,136.17453085667606,360.1735747979415,51.29999923706055,142.37081574173467,163.48350524902344,134.3153999728154,354.3294215430104,50.720001220703125,142.71249604702388,164.5,134.86087941942685,355.65901455364246,51.18600082397461,72282600,46282000,16506000,7170700,16857000
2021-08-13,145.55323791503906,164.69850158691406,136.59849548339844,360.3520812988281,51.59199905395508,145.88514647193662,165.30349731445312,136.72645098219778,361.8205681373765,52.14400100708008,144.74298004086066,164.14999389648438,135.90969991008646,358.6653365653119,51.1510009765625,145.4263255685366,165.2834930419922,136.12491636761754,360.1437249482075,51.263999938964844,59375000,41134000,15948000,7195700,21777000
2021-08-16,147.52520751953125,164.94949340820312,137.17575073242188,363.7058410644531,51.79199981689453,147.59354953492934,165.0,137.22832524277518,364.09281893078384,52.3380012512207,142.98582599022765,160.55650329589844,134.1899301812805,354.59732682572513,51.22999954223633,145.00657783567002,164.14999389648438,136.39768127335614,359.69728935252357,51.52399826049805,103296000,66394000,22384000,11222100,20328000
2021-08-17,146.6173095703125,162.09800720214844,135.54124450683594,355.6589660644531,51.89099884033203,148.07185618392833,164.02450561523438,137.1320999211298,361.8305356773374,52.07899856567383,145.54347021491796,161.28399658203125,134.96649653381414,352.3052793550785,51.41999816894531,146.65635150331968,163.875,136.62082272063034,360.1536923226501,51.547000885009766,92229700,67758000,21716000,12328700,23098000
2021-08-18,142.87844848632812,160.06100463867188,134.33871459960938,352.682373046875,52.1870002746582,147.13473517673972,162.7050018310547,135.98064658270377,357.0580088332662,52.63800048828125,142.67343732669485,160.0,134.21225730986575,352.3846907678277,51.8650016784668,146.2366215497856,162.09950256347656,135.381094351041,353.47613189774944,52.0,86326000,56086000,19258000,10042400,25820000
2021-08-19,143.21034240722656,159.3874969482422,134.56777954101562,352.3548889160156,54.37099838256836,144.4794213850425,161.64999389648438,135.23476744461345,354.7858243488867,54.8390007019043,141.0626783117476,159.1230010986328,133.1495089814083,348.2669737273142,52.1870002746582,141.5800696426097,159.7010040283203,133.33348946705797,348.61425454343237,52.27399826049805,86960300,75658000,21782000,12004500,74973000
2021-08-20,144.6648712158203,159.99749755859375,136.302978515625,356.57177734375,54.6879997253418,144.9674945787487,160.3905029296875,136.42645446339975,357.18694489775766,55.138999938964844,143.2884086013903,158.78799438476562,134.1413397760304,350.5589656746457,53.90999984741211,143.9327121522913,160.19349670410156,134.88519193745017,351.83892962795636,54.50899887084961,60549600,67168000,31194000,8697700,37764000
2021-08-23,146.1487274169922,163.2935028076172,138.89356994628906,360.5208435058594,55.33300018310547,146.61730507779947,164.0449981689453,139.7197343782352,362.842619862997,55.55500030517578,144.3720141553827,160.50050354003906,136.47951599303877,356.3039354030331,54.374000549316406,144.78202147056598,160.59500122070312,136.8385481592107,356.6412844176642,54.597999572753906,60131800,65362000,28454000,10942000,26020000
2021-08-24,146.06089782714844,165.28900146484375,140.10354614257812,362.66400146484375,55.340999603271484,147.27140659304087,165.77450561523438,140.9153334065435,365.0949066090898,55.53099822998047,145.60207679709836,163.72900390625,139.1881081082897,359.02256424131787,54.926998138427734,145.89494350289067,164.0,139.45886528917006,360.82840025472757,55.14799880981445,48606400,51036000,19268000,9235100,21095000
2021-08-25,144.83087158203125,164.95899963378906,140.91433715820312,365.5216064453125,54.757999420166016,146.74425443123712,166.0500030517578,141.02393547801682,367.9723451281747,55.284000396728516,144.28419502392072,164.3074951171875,140.21711205572637,362.5548669977145,54.54499816894531,146.24637657624294,165.49349975585938,140.4640639174662,362.75332184262254,55.01599884033203,58991300,33606000,15848000,9684500,20656000
2021-08-26,144.03038024902344,165.8000030517578,140.28109741210938,361.5428466796875,55.012001037597656,145.5727977281921,166.60000610351562,141.2500786299819,366.563445771327,55.2599983215332,144.00109506679658,164.8000030517578,140.19827061437374,361.2947932451995,54.59000015258789,144.82112485660906,164.9499969482422,140.58805446280763,365.5117016314949,54.61600112915039,48597200,41976000,20610000,7888700,15955000
2021-08-27,145.06517028808594,167.48150634765625,142.8235626220703,369.72857666015625,55.891998291015625,145.2115961914639,167.61599731445312,143.3278934785733,370.8299192755366,56.41699981689453,143.33727014912955,165.6875,140.3371093469741,361.2451317980848,54.92499923706055,143.97180225819312,166.6614990234375,140.49133697664018,362.2572090986586,55.15999984741211,55802400,48048000,28780000,11219100,32526000
2021-08-30,149.4776153564453,171.07850646972656,143.40525817871094,377.696044921875,56.61800003051758,149.83882401907485,172.25,144.77395084299167,378.5195689135399,56.715999603271484,145.07490345956626,167.76100158691406,142.98125704674328,367.63498415552175,55.64500045776367,145.45562564226032,167.8715057373047,143.2163138187646,369.65910844389265,55.724998474121094,90956700,63844000,24434000,13547300,24348000
2021-08-31,148.2183380126953,173.5395050048828,143.51136779785156,376.426025390625,56.91899871826172,149.16526528048843,173.62899780273438,143.98148131585134,379.7797124259526,56.948001861572266,147.69117494824357,169.7794952392578,143.0982932268432,375.8505245076621,56.1609992980957,149.02859613337498,171.24000549316406,143.9571917138558,376.9915944473429,56.61199951171875,86453100,87128000,22448000,12345400,24319000
2021-09-01,148.8821563720703,173.9499969482422,144.02511596679688,379.0752258300781,58.207000732421875,151.2934023311897,176.35000610351562,145.0551009489579,381.3374718182199,59.099998474121094,148.71620204197066,173.76199340820312,143.69583676431287,375.86046318376043,56.900001525878906,149.1945515081308,174.82000732421875,143.8113826192152,376.63438864602057,56.900001525878906,80313700,72598000,21936000,11567200,56262000
2021-09-02,149.99502563476562,173.156005859375,142.11245727539062,372.3579406738281,58.85499954223633,151.0395800272227,175.59800720214844,144.32665531830855,378.77756425764454,59.875999450683594,148.77476016459727,172.75,142.0112884210009,371.14743879885947,58.36800003051758,150.20979354918074,174.73800659179688,144.02564581736442,378.5295108429375,58.36800003051758,71115500,58474000,32342000,14832900,61799000
2021-09-03,150.6295623779297,173.90249633789062,142.5612335205078,373.330322265625,59.053001403808594,150.9517142276546,174.1334991455078,142.9733244158988,374.22330850570114,59.1879997253418,149.44833892893834,171.82200622558594,141.23320515681903,370.2048250054217,58.31399917602539,150.10239938899159,172.60000610351562,141.90763889729274,371.8320699459693,58.58000183105469,57808700,51514000,19850000,7509600,26812000
2021-09-07,152.9627227783203,175.46449279785156,143.09779357910156,379.2041931152344,60.67100143432617,153.51915609845358,176.4044952392578,143.37996157191282,379.97811852578053,61.3849983215332,150.71743128739138,173.8470001220703,142.44171705325797,370.2445053593143,59.39899826049805,151.28363626481305,173.89999389648438,142.65545041675884,372.95325943620423,59.46900177001953,82278300,54758000,20124000,10793800,58214000
2021-09-08,151.42031860351562,176.27499389648438,142.5131072998047,374.630126953125,60.60499954223633,153.30440154284446,177.281494140625,143.21629500759505,377.9044199897593,61.560001373291016,150.31719373274197,174.7834930419922,141.82777736657997,371.87177413003326,59.57099914550781,153.24583117728486,175.58250427246094,142.9187663228827,377.19995675435416,60.38399887084961,74420200,61068000,18344000,11067200,54245000
2021-09-09,150.405029296875,174.20799255371094,142.3643798828125,375.05670166015625,59.75400161743164,152.39649574316758,177.49949645996094,143.12757293783594,376.8724390354904,60.944000244140625,150.2878736971047,174.01849365234375,142.00386461498047,373.63784362741364,59.654998779296875,151.7912489116524,176.30099487304688,142.66142436593762,374.69951933580967,60.64699935913086,57305700,54384000,15314000,9098900,29542000
2021-09-10,145.42636108398438,173.45750427246094,139.72120666503906,375.7413330078125,59.87200164794922,151.7814983871202,175.42250061035156,143.53220739667623,380.80162791744493,60.94499969482422,145.1627795675759,173.14549255371094,139.58433740573318,375.31468846969415,59.367000579833984,151.31292061025323,175.0915069580078,143.030343356749,378.3905260979454,59.816001892089844,140893200,47946000,36840000,11549600,39508000
2021-09-13,145.99258422851562,172.85850524902344,141.16575622558594,373.5783386230469,58.92900085449219,147.81809686029018,174.8979949951172,141.77818710345173,378.7775280081508,59.856998443603516,145.21161123932484,171.89999389648438,140.09212560958235,371.43515369148867,58.27799987792969,147.04689552955006,174.13999938964844,140.78588503191912,378.7080657914906,59.856998443603516,102404300,51380000,22094000,13026300,30629000
2021-09-14,144.5966033935547,172.5,141.3760223388672,373.5981750488281,57.7760009765625,147.47644243735672,174.3404998779297,142.18782475783476,375.64213258472364,58.72800064086914,143.41539450679298,171.885498046875,140.5880403778888,372.1892184534272,57.555999755859375,146.7735681841506,173.77749633789062,141.82332937621524,374.46139601166345,58.48899841308594,109296300,38738000,19674000,8711600,34570000
2021-09-15,145.4849090576172,173.7895050048828,143.24557495117188,371.0085144042969,58.2869987487793,145.88515965134906,174.27099609375,143.2663989340108,374.62015608259486,58.46200180053711,142.88818092204215,170.10049438476562,140.18883824930154,364.8071795418745,57.5369987487793,145.02608811276684,172.12600708007812,141.60116132377672,374.06451890131825,57.81700134277344,83281300,59150000,27408000,17940300,27556000
2021-09-16,145.2506561279297,174.41200256347656,142.4328155517578,370.1552429199219,58.650001525878906,145.4263821295721,174.62750244140625,143.1171619764454,370.65134977316575,58.74800109863281,143.71801019803328,172.3070068359375,141.23422561732042,366.83132094719605,57.77199935913086,144.9089906791146,172.9980010986328,142.77052431927007,369.88735611995554,58.43000030517578,68034100,51672000,26190000,11934200,18320000
2021-09-17,142.58554077148438,173.12600708007812,139.64584350585938,361.8801574707031,58.935001373291016,145.2798957731565,174.87049865722656,142.27411498980177,368.518069098452,59.02799987792969,142.2926741544572,172.60650634765625,139.31854675119118,358.77452395434756,58.084999084472656,145.2798957731565,174.42050170898438,141.858059023679,368.518069098452,58.78499984741211,129868800,92332000,53384000,26299000,41451000
2021-09-20,139.53981018066406,167.7864990234375,137.58238220214844,352.9303894042969,57.542999267578125,141.39460787991925,170.9499969482422,137.86058517975945,358.2188745657045,59.15299987792969,137.909537174392,165.25050354003906,135.20454353336754,347.0763049441087,56.80799865722656,140.37935348466607,169.8000030517578,137.02895758765368,356.50233413802766,58.67900085449219,123478900,93382000,46518000,19822800,37322000
2021-09-21,140.01809692382812,167.18150329589844,137.893310546875,354.696533203125,57.31399917602539,141.16027821011605,168.98500061035156,138.86378985932566,357.2365976294864,58.1879997253418,139.38356500550353,166.6195068359375,137.14449465996216,352.4243555514342,56.9370002746582,140.50620298279006,168.75,138.60392895402697,355.70858018739267,57.83100128173828,75834000,55618000,25332000,11751900,22509000
2021-09-22,142.38058471679688,169.00250244140625,139.13357543945312,340.5376281738281,59.064998626708984,142.94677480134484,169.4499969482422,139.73212885375122,347.1160093217714,59.564998626708984,140.28171911608493,167.05250549316406,137.41577814102456,338.0372607512432,57.96900177001953,141.01387841720836,167.5500030517578,138.16211224583924,344.52634630694666,57.96900177001953,76404300,48228000,25056000,43692900,40218000
2021-09-23,143.33724975585938,170.8000030517578,140.0584259033203,343.2662048339844,59.32600021362305,143.5813028239796,171.447998046875,140.534986416547,346.94733905140663,59.93199920654297,142.17555476827644,169.00250244140625,139.25060362210317,340.32926108840206,58.91299819946289,143.1615238009879,169.00250244140625,139.83179860304818,342.6708706244858,59.07899856567383,64838200,47588000,20952000,21806300,25262000
2021-09-24,143.42510986328125,171.2760009765625,141.0492401123047,350.2117004394531,59.23899841308594,143.96202960944674,171.46299743652344,141.16380230179908,351.5908918646858,59.29800033569336,142.09746053449825,169.6699981689453,139.09142223509036,339.7041621492039,58.36399841308594,142.1950877231893,170.10049438476562,139.38648419130865,340.5673831281829,59.25,53477900,42324000,22984000,18801900,21262000
2021-09-27,141.91197204589844,170.2899932861328,139.9156036376953,350.826904296875,59.263999938964844,142.48794860245857,170.77850341796875,140.77500156753678,352.3846870622932,59.358001708984375,140.39885495340664,166.98049926757812,138.91933644415815,344.3775152914721,57.69300079345703,142.00959923062172,168.5749969482422,139.65029458618613,347.0862695745265,58.79499816894531,74150700,72690000,21882000,15205800,25047000
2021-09-28,138.5343017578125,165.79800415039062,134.71656799316406,337.99761962890625,58.3849983215332,141.30674132874793,168.45950317382812,137.95628643744843,346.8779451120339,59.95399856567383,138.31953384357482,164.5050048828125,134.25041949465725,336.28110916092226,58.01599884033203,139.8424227657557,167.885498046875,137.51840770698303,345.26063179852906,58.900001525878906,108972300,88616000,45772000,21710300,44311000
2021-09-29,139.43240356445312,165.05599975585938,133.25216674804688,336.9656677246094,59.90599822998047,141.0138627120859,167.56500244140625,136.02673545516842,342.5419339486069,60.987998962402344,138.6514307510702,164.89349365234375,132.7676762055498,336.2413711294323,58.80099868774414,139.08096654322168,166.10549926757812,135.85713198450668,340.4781125717642,58.9010009765625,74602000,51246000,30848000,14452200,62210000
2021-09-30,138.134033203125,164.2519989013672,132.5802001953125,336.7474060058594,61.034000396728516,140.94552924628812,166.3925018310547,134.43140060858275,340.1308279140143,61.900001525878906,137.91926531672686,163.69949340820312,132.46118872527043,335.5170404865727,60.80500030517578,140.24265523549735,165.8000030517578,133.1609107915046,337.7991500549551,60.80500030517578,89056700,56848000,37996000,16547100,66126000
2021-10-01,139.25668334960938,164.16299438476562,135.42373657226562,340.3392333984375,61.314998626708984,139.5202648503588,165.45849609375,135.78823199119176,342.33356235954994,61.499000549316406,135.80089824481317,162.7969970703125,132.9739823084811,336.0032643427392,59.750999450683594,138.52452409983053,164.45050048828125,133.3454089668454,338.95010998438113,60.42399978637695,94639600,56712000,35360000,14905300,40908000
2021-10-04,135.83021545410156,159.48899841308594,132.56387329101562,323.6898193359375,60.334999084472656,138.82719517325862,163.99949645996094,134.84600656635544,333.32420389284897,62.612998962402344,134.98091529074117,158.8125,129.9757666568725,320.1873069102043,59.46799850463867,138.38788760314102,163.96949768066406,134.84600656635544,332.9173927263532,61.3390007019043,98322000,90462000,51202000,42885000,49959000
2021-10-05,137.75328063964844,161.0500030517578,134.907958984375,330.3674621582031,63.48099899291992,138.85640500413678,163.0364990234375,136.09961730477488,332.5701777639631,64.03900146484375,136.0449095810652,160.1230010986328,132.94221157443644,323.6204211697277,60.68899917602539,136.17182191207743,160.22500610351562,132.94221157443644,326.02156134576114,60.694000244140625,80861100,65384000,32404000,35377900,95343000
2021-10-06,138.62216186523438,163.10049438476562,136.43736267089844,331.04217529296875,63.90999984741211,138.76858776803195,163.2169952392578,136.62084377835407,331.77640370121645,63.98699951171875,135.07850605934124,159.93099975585938,133.44707765743206,323.26319366414805,62.63600158691406,136.15234566592073,160.67649841308594,133.64543520241895,327.17251785068817,62.81800079345703,83221100,50660000,24364000,26443000,45804000
2021-10-07,139.8814239501953,165.1215057373047,138.083740234375,326.6565856933594,63.185001373291016,140.7893089405512,166.28750610351562,138.89404439125028,336.201676355274,64.68399810791016,139.3249908042086,164.1529998779297,137.51444038615332,326.4184641021134,63.04499816894531,139.65689934011746,164.57699584960938,137.7534621789869,334.3760068358188,64.2229995727539,61732700,48182000,25110000,28307500,35569000
2021-10-08,139.50074768066406,164.43099975585938,138.63967895507812,327.48004150390625,63.26599884033203,140.75029837603776,166.07150268554688,139.1806940276926,330.80396266249693,64.37999725341797,139.16883903566588,164.41000366210938,138.07632652345558,326.15047909646034,63.08599853515625,140.60387247260306,165.85000610351562,138.43287677970883,328.9286949621272,63.41699981689453,58773200,39964000,26526000,15946100,32721000
2021-10-11,139.4128875732422,162.31500244140625,137.77529907226562,322.91595458984375,62.70399856567383,141.36531233280488,164.62950134277344,139.55856466782143,327.8869245412267,63.94200134277344,138.43667519346084,161.90499877929688,137.72074204736637,322.7770301401252,62.678001403808594,138.88573944232053,163.75,138.15020647249565,325.07897314720964,63.31999969482422,64452200,40684000,17954000,14708200,28625000
2021-10-12,138.14378356933594,162.3665008544922,135.33050537109375,321.2489929199219,62.49399948120117,139.84239816609858,163.37649536132812,138.3634370023765,321.8542589738375,63.76599884033203,137.68496264197734,161.81399536132812,134.64714270868552,314.89883180646416,62.19900131225586,139.82286975119803,162.85000610351562,138.33665033617203,320.51476453054045,63.301998138427734,73035900,36392000,36332000,31658700,32273000
2021-10-13,137.55809020996094,164.21400451660156,136.45420837402344,322.0130615234375,62.97600173950195,138.03642474342516,164.41900634765625,136.86878120226152,324.4538988899083,63.21799850463867,135.88876048394778,163.05450439453125,135.39991852664056,320.1476948134663,62.209999084472656,137.88024208325538,163.48550415039062,136.27617541967604,324.4241336883645,63.21799850463867,78762700,48402000,19654000,14761500,24203000
2021-10-14,140.34027099609375,164.9929962158203,139.99392700195312,325.9719543457031,63.380001068115234,140.45742659800283,165.6300048828125,140.17889116116768,327.9464498506444,63.6879997253418,138.14379338196727,164.53900146484375,137.68699020452303,324.55309607109666,62.67900085449219,138.7295267040612,165.12249755859375,138.33067213742052,325.80326469937097,63.222999572753906,69907100,42190000,31894000,14302200,26717000
2021-10-15,141.3946075439453,170.4510040283203,140.2091522216797,322.2313232421875,62.82899856567383,141.45317790755652,170.52099609375,140.5562892000621,326.50776176514034,63.94200134277344,140.09624319922384,165.1999969482422,139.60118579773,319.9988424702533,62.51599884033203,140.35006796929892,165.5709991455078,140.45363726334713,326.1207838969584,63.79999923706055,67940300,103598000,30274000,21596400,41169000
2021-10-18,143.0639190673828,172.33700561523438,141.60760498046875,332.72894287109375,63.797000885009766,143.34701408719482,172.45849609375,141.62546275603327,333.27467858119854,63.840999603271484,139.7545598847163,169.2550048828125,139.9131139513097,324.9499909950665,62.058998107910156,140.03765490452832,169.41799926757812,139.92006032333015,326.3887129908453,63.209999084472656,85589200,63482000,20396000,21585000,46691000
2021-10-19,145.22134399414062,172.20750427246094,142.06285095214844,337.34271240234375,63.900001525878906,145.62159463310732,172.7344970703125,142.4848695628123,339.79348135249637,64.0999984741211,143.06392303976392,171.10000610351562,141.43107913400408,334.6538218634987,63.22999954223633,143.51297237963328,171.71449279785156,142.21211472454237,337.00536339171015,63.696998596191406,76378900,47722000,20164000,18786300,76331000
2021-10-20,145.70948791503906,170.7530059814453,140.6068878173828,338.1265563964844,62.513999938964844,146.18783745350981,173.14300537109375,142.36932937667234,341.3016520941956,63.7400016784668,144.5966061422776,170.01849365234375,140.21760340386373,336.8069256043469,61.71500015258789,145.16281124011374,172.63299560546875,142.16302664662172,340.77578008650755,62.55699920654297,58418800,42796000,23288000,13639500,106220000
2021-10-21,145.92420959472656,171.75050354003906,140.72293090820312,339.218017578125,65.31600189208984,146.0804071368253,172.01400756835938,140.99072189641535,339.6446621931022,65.4010009765625,144.35250720492448,170.14999389648438,139.3482906803263,335.1697688091569,62.8650016784668,145.27014914498275,170.71249389648438,140.6068856243596,337.63046963499943,62.888999938964844,61421000,37628000,26292000,16354400,84371000
2021-10-22,145.15298461914062,166.77749633789062,136.43885803222656,322.08245849609375,66.47799682617188,146.60753116579318,171.49200439453125,139.4306264181138,327.06339039987455,66.5459976196289,145.10417103326708,166.56500244140625,134.94074161676718,318.60971071997267,65.18099975585938,146.12919675335147,171.0500030517578,138.00937412575647,323.80893083802226,65.18099975585938,58883400,62782000,50588000,35224500,61860000
2021-10-25,145.10421752929688,166.01849365234375,136.32032775878906,326.1307067871094,67.16600036621094,145.8168484447923,167.38999938964844,136.8687885412158,326.9939278171444,67.58799743652344,144.1084766625064,164.88499450683594,134.313900493147,317.23054914233694,65.70700073242188,145.14325947301697,166.75,136.42248030097556,317.8060197357078,66.3740005493164,50720600,44520000,34412000,38409000,38335000
2021-10-26,145.7680206298828,168.80349731445312,138.16656494140625,313.3509826660156,66.85199737548828,147.25185252804923,170.80599975585938,138.93470665883544,327.6388528181023,67.64900207519531,145.4653823192533,167.19900512695312,137.17079709217552,307.1893445296699,66.2770004272461,145.77777738990952,167.47549438476562,138.12193563067672,325.7040544162325,67.3759994506836,60893400,53966000,49236000,65654000,29048000
2021-10-27,145.3092041015625,169.62449645996094,145.0189208984375,309.7889404296875,66.29199981689453,146.16826078037482,171.85000610351562,147.4314763034353,316.7642010297312,67.14099884033203,144.95776708428832,168.57249450683594,138.26226450047915,309.63018261546694,66.18499755859375,145.80706700277705,169.39999389648438,138.26226450047915,311.74360248983976,66.9000015258789,56094900,54044000,85782000,29971800,22769000
2021-10-28,148.9407501220703,172.32850646972656,144.6534423828125,314.45233154296875,67.40499877929688,149.5264686918417,173.9499969482422,145.9517179093353,322.98534384775115,67.68000030517578,146.1585385042387,169.3000030517578,143.44145926717053,305.7109023111952,66.8030014038086,146.25616571377768,170.10499572753906,145.92841199689116,310.5529092792764,67.09500122070312,100077900,114174000,36206000,50806800,28594000
2021-10-29,146.23660278320312,168.6215057373047,146.8324432373047,321.050537109375,69.03099822998047,146.37327190681347,168.74099731445312,147.026835739547,323.46160870461625,69.09700012207031,142.92724374395107,163.66600036621094,143.46378537419665,317.1114482093507,67.1240005493164,143.7179733088264,165.00100708007812,143.88877021249704,317.6968505547002,67.30599975585938,124953200,129722000,43320000,37059400,38253000
2021-11-01,145.41659545898438,165.90550231933594,142.3207244873047,327.41064453125,68.11699676513672,146.1389830509936,168.79299926757812,146.8324466906108,330.8536268282647,68.99700164794922,144.28418557941234,164.6009979248047,142.05145038269242,323.46162362425594,67.65399932861328,145.44588063726485,168.08999633789062,146.8324466906108,323.50132064541936,68.90599822998047,74588300,72178000,46924000,31518900,31109000
2021-11-02,146.45135498046875,165.6374969482422,144.24034118652344,325.52545166015625,67.77200317382812,147.96448683414823,166.55599975585938,145.40719548804785,332.18322727188917,68.76799774169922,145.11393416867705,164.17750549316406,143.15233350459803,321.27877830987967,67.38200378417969,145.12370582377017,165.75050354003906,143.39433663204673,328.79977498067046,68.31099700927734,69122000,52552000,33482000,28353000,38886000
2021-11-03,147.88641357421875,169.1999969482422,145.3962860107422,329.03790283203125,68.8290023803711,148.35499132920407,169.74600219726562,145.46670314849044,329.56377488260455,68.93900299072266,146.25614074482093,164.87600708007812,143.40573442140956,320.6834804225492,67.72699737548828,146.81257403590004,165.4499969482422,144.7044940054235,324.9400554002247,67.72699737548828,54511500,67944000,27494000,20786500,23349000
2021-11-04,147.3690185546875,173.85000610351562,147.05210876464844,333.2349548339844,66.83999633789062,148.80403696262286,174.93150329589844,148.5060949140484,334.64388123663895,68.59400177001953,147.0566234619275,168.25,145.10866822451723,330.0598590951158,66.55000305175781,147.97426542713765,168.5,145.91847295050908,331.40928538211995,68.58899688720703,60394600,107060000,38412000,22495300,48650000
2021-11-05,147.89695739746094,175.94949340820312,147.63182067871094,338.4738464355469,64.5719985961914,148.7963818494452,178.3125,149.0952199954821,344.0897793143083,66.56400299072266,146.70423879606528,173.8489990234375,146.98219111996391,336.99545779027494,64.5009994506836,148.49331669815876,173.85000610351562,147.94670774549678,337.6602239773612,66.39700317382812,65463900,99940000,38354000,26872800,52835000
2021-11-08,147.0757293701172,174.44900512695312,147.80938720703125,335.9833679199219,65.1449966430664,148.18046407919945,178.9499969482422,149.38040267362112,342.10533921947234,65.5999984741211,146.80199217243356,174.39300537109375,147.2137999873524,335.70554932019894,64.37899780273438,148.02403856122066,176.16200256347656,148.59686988968886,341.7382250284052,65.02899932861328,55020900,61480000,23052000,18342500,28875000
2021-11-09,147.43743896484375,178.81149291992188,147.69776916503906,332.7586669921875,65.5989990234375,148.0435691533501,179.68850708007812,148.606260776847,338.6524181419945,66.05000305175781,146.70421118808,175.07150268554688,146.03797976414563,331.8656808167528,65.052001953125,146.84107977637362,175.7624969482422,148.00969001611557,337.3526207608711,65.37000274658203,56787900,85898000,19530000,17556700,24156000
2021-11-10,144.61209106445312,174.1024932861328,144.6975860595703,325.0888977050781,64.69100189208984,146.77267581374304,180.2725067138672,146.85625857101513,330.59567139945983,66.03299713134766,144.54366421842147,173.1544952392578,143.35271371379034,322.97547776703135,64.21099853515625,146.6651351263565,178.19349670410156,146.29092366960225,329.90110972631356,65.3010025024414,65187100,80548000,29970000,21872600,24058000
2021-11-11,144.56317138671875,173.625,144.5716094970703,325.1880798339844,65.75800323486328,146.0882826457482,177.16200256347656,146.32612090055292,329.8713292985275,66.58200073242188,144.37741797894228,173.37350463867188,144.40696987833476,324.4538514499528,64.97100067138672,145.6288070022433,175.64999389648438,145.28869002419106,327.2519011057933,65.02400207519531,41000000,45288000,16518000,12376600,28683000
2021-11-12,146.63577270507812,176.25750732421875,147.459228515625,338.2357177734375,68.26100158691406,147.03659252052734,177.0364990234375,147.62983079980015,339.19813592267263,68.33399963378906,144.18189439318962,172.3524932861328,144.21901094660146,327.2122086341378,65.38200378417969,145.11064651980587,174.25,145.4136355459288,327.60908802886553,66.0009994506836,63804000,53788000,22360000,25414300,41984000
2021-11-15,146.64556884765625,177.28399658203125,147.2350616455078,344.853759765625,67.93299865722656,148.483531417499,179.69400024414062,148.32356852897567,350.8963370151153,68.5260009765625,146.08830852560698,176.29049682617188,146.36525193653864,340.5277229617034,67.14900207519531,147.00728981052836,176.85000610351562,147.67988664378063,341.65883073118636,68.1240005493164,59222800,58594000,23508000,25076600,28722000
2021-11-16,147.62319946289062,177.03500366210938,146.663818359375,340.28955078125,68.73999786376953,148.102247003654,178.8249969482422,147.54304137580007,343.95082120477787,68.83599853515625,146.00031832566742,176.25750732421875,146.10493053390076,338.2158280944205,67.69000244140625,146.58690654221206,176.9499969482422,146.93507493624477,341.15277172534195,67.8270034790039,59256200,44342000,18904000,18181100,20774000
2021-11-17,150.05751037597656,177.4499969482422,146.83343505859375,338.1166076660156,69.16899871826172,151.53373689410836,179.3625030517578,147.34173099742802,344.59576107300916,70.0989990234375,147.61341784542643,177.2675018310547,146.0330585046554,337.4518415302655,68.60900115966797,147.62318884522813,178.23599243164062,146.81409417641225,341.55958996835096,69.0,88807000,51206000,19594000,13602800,27328000
2021-11-18,154.33956909179688,184.80299377441406,148.6102294921875,336.0528564453125,68.2020034790039,155.12168178008048,185.2100067138672,149.3461514524102,339.793491148668,69.17400360107422,149.627365877677,178.0500030517578,146.67225222682112,332.68923750827,67.9739990234375,150.2726099643279,178.3175048828125,147.026320462845,337.07483533285813,69.16100311279297,137827700,114070000,35608000,17487200,20129000
2021-11-19,156.9596405029297,183.82850646972656,147.7057342529297,342.6113586425781,67.87999725341797,157.41913113659675,188.1074981689453,149.72902066079342,349.35842957953895,69.41600036621094,153.02953515610952,183.78599548339844,147.67846330504145,337.2534110290804,67.5,154.12448394226502,185.63450622558594,148.74613150846403,339.53552057480016,69.23500061035156,117305600,98734000,33682000,26488500,26137000
2021-11-22,157.4191131591797,178.6284942626953,145.1027374267578,338.3548278808594,65.91999816894531,161.9944471367291,185.67300415039062,148.60131822577375,351.0749854176683,67.947998046875,157.39955624235793,178.375,144.94950861350554,337.85872099515035,65.64700317382812,158.06434223873075,183.81900024414062,148.10839815896483,346.33220480148844,67.60199737548828,117467900,96844000,30594000,27116800,27644000
2021-11-23,157.80043029785156,179.0019989013672,144.58700561523438,334.62408447265625,65.40599822998047,158.18170822428823,181.05250549316406,145.45781447907999,338.7417654457569,66.64299774169922,155.50297681960475,176.385498046875,142.9336779574355,330.90328294034356,64.6050033569336,157.5169071447605,179.2519989013672,144.95496666414806,336.29099629194184,65.81800079345703,96041900,73804000,27218000,17225000,23202000
2021-11-24,158.3185577392578,179.02049255371094,144.92221069335938,338.4043884277344,65.8290023803711,158.51408217991857,180.6820068359375,145.0506504792178,339.1187834740705,66.14399719238281,156.06998937776268,176.84249877929688,143.18953724894834,330.2186257334472,65.11000061035156,157.15516717862224,178.1334991455078,144.2810105888424,333.3837897309682,65.8010025024414,69463600,46560000,18040000,13566200,18673000
2021-11-26,153.3032684326172,175.22799682617188,141.01748657226562,330.52618408203125,66.56400299072266,156.8618668141861,181.6750030517578,143.3725186493825,335.12013781830825,67.64099884033203,152.8633347292546,175.20750427246094,140.67977786294543,329.31568229899483,66.06700134277344,156.00155632601601,180.10499572753906,143.16523224151518,333.18530921855194,67.5,76959800,59826000,30470000,14750700,28725000
2021-11-29,156.65655517578125,178.07850646972656,144.33755493164062,335.3979797363281,66.38400268554688,157.58530732404222,179.8000030517578,145.0982659592094,338.01743831325274,66.79900360107422,155.23896961955737,176.5749969482422,142.7139652055701,332.6991573903865,65.8290023803711,155.8060008585356,177.3820037841797,142.81959849591408,334.26687191807986,66.31999969482422,88748200,65312000,32596000,16650900,25294000
2021-11-30,161.60342407226562,175.35350036621094,140.73435974121094,321.93365478515625,64.19000244140625,161.8185054389282,179.2884979248047,144.80322451084183,333.1952865516864,67.53800201416016,156.34373142534065,174.60049438476562,140.4407808745621,320.9116758657948,64.0009994506836,156.41217318635103,178.1750030517578,143.81985108046018,332.39159586170115,66.81999969482422,174048100,80022000,42068000,25390000,56089000
2021-12-01,161.08523559570312,172.18600463867188,139.895263671875,308.1815490722656,61.777000427246094,166.4915664393558,177.99400329589844,144.75410739029755,327.9265935829965,65.4520034790039,160.85059737024878,172.0800018310547,139.75691130496085,307.87396527980366,61.707000732421875,163.7346232310991,177.25,142.8195956469263,327.7182372061574,64.947998046875,152052500,74916000,34020000,30329600,38828000
2021-12-02,160.09786987304688,171.8679962158203,141.7940673828125,307.9732360839844,61.64699935913086,160.52803264766237,174.63499450683594,142.68520065080236,312.1504474345972,62.5359992980957,154.27116024660182,171.1875,139.06511173639353,304.8080718434129,61.28799819946289,155.19014164372396,173.0,140.09213056944827,308.9753513670774,61.709999084472656,136739200,64726000,29194000,24396200,33311000
2021-12-03,158.2207794189453,169.489501953125,140.8374786376953,304.4508056640625,60.2130012512207,161.27101721338744,173.49349975585938,143.2163161657655,311.30700500958125,62.54999923706055,156.14819360952984,166.92999267578125,139.15091751675573,297.167961754166,59.400001525878906,160.35203598315746,172.75,142.50321577437006,311.2871716391293,62.275001525878906,118023100,80712000,41230000,27471000,48293000
2021-12-06,161.62295532226562,171.36849975585938,141.9815216064453,315.3949890136719,61.26900100708008,164.12570364495514,173.69549560546875,142.67329857712156,317.6076366411211,61.729000091552734,160.60620449270007,166.9344940185547,139.00114949695094,303.9547653556216,60.099998474121094,160.61597549233863,169.64999389648438,141.86795825434288,305.73083649801384,60.60100173950195,107497000,68860000,30618000,21758300,30757000
2021-12-07,167.35191345214844,176.1645050048828,146.0623016357422,320.29644775390625,62.55799865722656,167.7429772469704,177.49949645996094,146.32166315012472,323.9974151280257,62.888999938964844,164.57542763792551,173.33450317382812,144.0370329543183,318.5005436838794,61.13999938964844,165.2988844701773,174.60000610351562,144.40301145252772,319.0661126641519,61.983001708984375,120405400,66410000,32240000,18794000,31252000
2021-12-08,171.16470336914062,176.1580047607422,146.97178649902344,327.9861145019531,62.80799865722656,172.02502878126478,177.17999267578125,147.1766061373384,330.15906463751605,63.24599838256836,166.88264814477856,174.75050354003906,145.20589435210303,320.5544445697957,62.31999969482422,168.2806769394803,176.15049743652344,146.3866264476649,322.46940948818246,63.0,116998900,45254000,24270000,19937700,22203000
2021-12-09,170.65634155273438,174.17100524902344,146.4282684326172,327.2519226074219,61.099998474121094,172.7973693361273,176.96949768066406,147.87779015183264,333.51278849439655,63.02399826049805,170.03065436230736,174.13949584960938,145.90906116663706,325.44608644592824,61.04399871826172,170.9985205283445,175.75,146.38115719853195,326.97410398872734,62.757999420166016,108923700,46062000,23270000,16879200,23763000
2021-12-10,175.4369659423828,172.21200561523438,146.78831481933594,327.18243408203125,61.16600036621094,175.61294836881706,175.927001953125,147.7563124081406,332.4213206705392,61.77399826049805,170.78341894665584,170.5,145.5014499291834,323.8287472745476,60.5880012512207,171.29179439045112,175.41700744628906,147.48109073076458,329.97055187122083,61.678001403808594,115402700,60690000,24458000,14528000,27488000
2021-12-13,171.80992126464844,169.5675048828125,144.63113403320312,331.885498046875,60.45600128173828,178.0570207166816,172.10000610351562,146.75705697342113,338.4341134815039,61.263999938964844,171.60461094345368,169.1300048828125,144.32466128723686,327.0236577459982,59.95199966430664,177.06959785970832,172.0,146.5700951293805,328.3730839089908,61.20000076293945,153237000,62170000,27070000,22948700,25179000
2021-12-14,170.43145751953125,169.0915069580078,142.7273406982422,331.1413269042969,59.79899978637695,173.76520322122326,169.49899291992188,143.29564167577516,333.0860871840918,60.229000091552734,168.35887188331523,166.44000244140625,140.05740665054037,325.09875026625247,58.8129997253418,171.3308817563336,167.5500030517578,142.78784526013442,325.4956296139819,59.87099838256836,139380400,55976000,38446000,20461000,29845000
2021-12-15,175.2903594970703,173.31500244140625,145.2406005859375,338.99969482421875,60.50400161743164,175.48588396086842,173.60000610351562,145.51830418302902,339.44617276651826,60.569000244140625,168.4566698432585,165.19500732421875,140.51664296060125,321.4573660255817,58.45100021362305,171.19405708911282,168.59800720214844,142.23345653906728,329.9010829872585,59.81800079345703,131063300,75794000,36370000,24681300,28662000
2021-12-16,168.40773010253906,168.87100219726562,143.26095581054688,332.2923278808594,59.10599899291992,177.08915070687198,174.16600036621094,146.46645697869997,341.7778874543909,60.28300094604492,166.93150372687032,168.16050720214844,142.42981251292935,331.14135647370017,58.79999923706055,175.27074544292535,173.36849975585938,145.96410864255435,336.34057631706844,59.70899963378906,150185800,60876000,33650000,22635000,31432000
2021-12-17,167.3128204345703,170.0175018310547,140.56326293945312,331.1910095214844,58.67300033569336,169.59071677301714,170.89849853515625,142.65546811563613,334.4851358944469,59.32500076293945,165.89524955752734,165.61349487304688,140.1417437075494,328.1746714850775,58.17399978637695,166.12987292514003,167.7104949951172,141.33190408361676,330.20869739741596,59.1609992980957,195432700,85542000,50416000,40012600,43869000
2021-12-20,165.9539031982422,167.07899475097656,140.44618225097656,322.91595458984375,59.374000549316406,166.76534380811088,167.87449645996094,140.6123200789598,327.3312873022695,60.28799819946289,163.71512072913166,165.60000610351562,138.17892603861466,320.0186773181742,58.42599868774414,164.51677542044033,166.85000610351562,138.85236083615757,327.21222650534423,58.643001556396484,107499100,57372000,27192000,17901800,33584000
2021-12-21,169.1214599609375,170.41700744628906,142.2964324951172,331.5978088378906,60.492000579833984,169.3267554134747,170.7165069580078,142.68968194664052,333.3837812684171,60.78200149536133,165.33799395674112,165.6475067138672,139.35077693447047,321.2291642430061,59.38600158691406,167.72343104614094,167.85049438476562,140.88905801007334,323.86845614497594,59.75400161743164,91185900,55956000,28756000,16116800,23194000
2021-12-22,171.712158203125,171.03700256347656,145.21481323242188,327.87701416015625,61.42399978637695,171.92723953166936,172.0500030517578,145.2991231367607,331.90539917403015,61.481998443603516,168.30019977990446,168.50050354003906,141.89476456543952,325.7040638349438,60.26300048828125,169.17029609354066,169.27000427246094,141.89476456543952,331.2009056779404,60.33599853515625,92135300,55036000,26322000,16764600,23357000
2021-12-23,172.33787536621094,171.06849670410156,145.7122039794922,332.62969970703125,61.409000396728516,172.8951357013555,171.97500610351562,147.0283222152052,334.0485882622083,61.6879997253418,171.35046721642092,170.14999389648438,145.2515035755231,325.80326484001887,60.75699996948242,171.9174985527305,170.42799377441406,145.29911422761188,327.52973720926553,61.63999938964844,68356600,36788000,26384000,13987700,16211000
2021-12-27,176.29727172851562,169.66949462890625,146.69406127929688,343.4845275878906,61.3120002746582,176.38525547317582,172.9429931640625,147.12797496363228,345.16137114468296,61.5,173.11018066452525,169.2154998779297,145.96310316847794,335.3781587056069,60.92499923706055,173.1297226627458,171.03700256347656,146.0488961608223,336.2116145707647,61.5,74919600,58688000,15976000,17795000,20615000
2021-12-28,175.280517578125,170.66099548339844,145.4845428466797,343.5242004394531,61.07099914550781,177.27490525734726,172.17599487304688,147.08332813570485,349.9636571382656,61.840999603271484,174.5375188860444,169.135498046875,144.857235578729,342.51215344868643,60.96900177001953,176.13107184612667,170.1824951171875,147.02084106158438,343.9310116569067,61.494998931884766,79144300,54638000,18200000,16637600,18828000
2021-12-29,175.36856079101562,169.2010040283203,145.4528350830078,340.2697448730469,61.05400085449219,176.5906072567406,171.21200561523438,146.208597395199,346.9671868790593,61.39799880981445,174.15628532669507,168.60049438476562,144.45360165448406,338.97987926535325,60.46799850463867,175.31967594887476,170.83999633789062,145.44242309096177,344.20883419741097,61.07099914550781,62348900,35754000,17788000,10747000,12872000
2021-12-30,174.2149200439453,168.64450073242188,145.00209045410156,341.6786804199219,61.20899963378906,176.53193000592643,170.88800048828125,146.09258036098478,344.52635905092467,62.06100082397461,174.10737937130014,168.5240020751953,144.7977853381111,340.54757259642133,61.124000549316406,175.45652327947462,169.6999969482422,145.4915449771655,341.3214980377505,61.29899978637695,59773000,37584000,15688000,10593300,16251000
2021-12-31,173.59906005859375,166.7169952392578,143.66465759277344,333.7310791015625,60.24399948120117,175.22192661622364,169.35000610351562,145.49601849934012,340.76587049663726,61.40800094604492,173.295979969142,166.55850219726562,143.66465759277344,333.65168504996285,60.20500183105469,174.1074207067375,168.95599365234375,144.85283568665145,340.3491274256358,61.000999450683594,64062300,47830000,18136000,12870500,19959000
2022-01-03,177.9397430419922,170.4044952392578,143.80296325683594,335.904052734375,59.73699951171875,178.79029755777358,170.70350646972656,144.65541477911893,338.4242538677894,60.999000549316406,173.73591497728762,166.16050720214844,142.53494010406916,334.56455811057526,59.055999755859375,173.8532266687499,167.5500030517578,143.86593461715796,335.6659008430581,60.56100082397461,104487900,63520000,28646000,14537900,30675000
2022-01-04,175.68136596679688,167.52200317382812,143.2158203125,333.9096374511719,59.1150016784668,178.84891521802436,171.39999389648438,145.28421989053714,340.4185561639644,60.04100036621094,175.11433471652768,166.34950256347656,142.5384203965496,329.2859184989826,58.15999984741211,178.54585013474667,170.43800354003906,144.20414226489285,337.30302124422224,59.99100112915039,99310400,70726000,28400000,15998000,43931000
2022-01-05,171.00827026367188,164.35699462890625,136.64561462402344,321.6459045410156,56.75199890136719,176.14086475419518,167.12649536132812,143.3149946024937,333.1456568355286,59.284000396728516,170.73453308424857,164.35699462890625,136.55933735130031,321.318457087581,56.6879997253418,175.59339039534856,166.88299560546875,143.23614798069272,330.4269709092636,59.20000076293945,94537600,64302000,54618000,20564500,41487000
2022-01-06,168.15359497070312,163.25399780273438,136.6183319091797,329.8713073730469,55.32899856567383,171.37980064842037,164.8000030517578,138.79286404298605,336.5290820753032,56.33599853515625,167.80164498917833,161.93699645996094,135.43908316933738,320.20715711438896,54.20100021362305,168.83793801323478,163.45050048828125,135.8754787528965,320.30638452508464,55.433998107910156,96904000,51958000,37348000,27962800,57118000
2022-01-07,168.31976318359375,162.5540008544922,135.8938446044922,329.2065734863281,54.10599899291992,170.2457092977057,165.24349975585938,137.31361360301065,334.37599809420357,55.34299850463867,167.2052575825263,162.031005859375,134.6535916733449,326.31922814812157,53.821998596191406,169.0236630282213,163.83900451660156,137.01308839091683,330.1491582803403,54.94599914550781,86709100,46606000,29760000,14722000,33829000
2022-01-10,168.33935546875,161.48599243164062,137.5327911376953,325.5155334472656,53.98500061035156,168.6424206204467,161.6614990234375,137.68157063585514,325.78342022706335,54.36899948120117,164.40924966346103,156.30450439453125,132.0729270904359,312.9739386071096,52.63199996948242,165.29890311477462,160.5854949951172,133.97073966369757,322.77701413394965,53.8489990234375,106765600,87798000,44408000,24942400,44861000
2022-01-11,171.16470336914062,165.36199951171875,138.59056091308594,331.7664794921875,54.08399963378906,171.26245812752686,166.35000610351562,139.06663719581033,332.0244647355846,54.39099884033203,166.99997473942338,160.70150756835938,135.5720211712193,322.7472608791002,53.00699996948242,168.46643037323963,161.5,136.87574497844983,324.235581381853,53.69900131225586,76138300,62806000,28730000,16226800,30778000
2022-01-12,171.60464477539062,165.20700073242188,140.27114868164062,330.6651306152344,53.72200012207031,173.21774007794218,166.8780059814453,141.4390018146242,333.7509005316702,54.426998138427734,170.91053076473975,164.41700744628906,139.54118939726052,327.4602696256606,53.20199966430664,172.18144710369126,166.5749969482422,139.9929457226333,332.57016386603556,54.426998138427734,74805200,50030000,26108000,14104900,37874000
2022-01-13,168.33935546875,161.21400451660156,137.45098876953125,323.93792724609375,51.91999816894531,172.6702811972984,166.22149658203125,141.67904485341882,333.0166761967169,54.07899856567383,167.9482916298187,161.09100341796875,137.27443890098434,323.22353219830933,51.82600021362305,171.84906951188285,165.25050354003906,140.37977039221903,332.37174337245716,53.70600128173828,84505800,52188000,31436000,14797100,44751000
2022-01-14,169.19964599609375,162.13800048828125,138.33714294433594,329.31573486328125,52.569000244140625,169.89375992557677,162.25,139.5883072001904,330.1392892257927,53.83700180053711,167.26391395832079,159.80050659179688,135.87549384235362,318.7089675405318,51.1879997253418,167.50832321300913,160.14999389648438,135.9553241572003,319.2844684675813,51.7599983215332,80440800,45974000,29662000,16868500,78611000
2022-01-18,166.00279235839844,158.91749572753906,134.88319396972656,315.6728210449219,51.08000183105469,168.68150862321704,159.7344970703125,136.00740156008052,321.685634376828,52.17499923706055,165.62151446360372,157.6645050048828,134.32828625328975,315.1668125866671,50.86800003051758,167.6745435442064,159.10499572753906,135.05874499682633,320.7728146184324,52.007999420166016,90956700,67292000,34872000,22645600,48391000
2022-01-19,162.51260375976562,156.2989959716797,134.00892639160156,317.1015625,51.58599853515625,167.25414945182573,159.25,136.82862410530518,324.5530968357373,52.32099914550781,162.22909557704548,156.25,133.90875636510398,316.84357725675176,51.05099868774414,166.19829964047344,158.76199340820312,135.40439065709728,317.09163067373413,51.5,94815000,53242000,28648000,20814700,43535000
2022-01-20,160.8310546875,151.66749572753906,132.2147216796875,314.09515380859375,50.82500076293945,165.8854360990158,158.0,136.49783311871093,325.2674893105411,52.66400146484375,160.50843269303434,151.3509979248047,131.87453108390275,313.519683208936,50.69300079345703,163.24581922868165,156.76600646972656,135.133105704383,321.3779984398948,51.775001525878906,91420500,71974000,29908000,16925000,126590000
2022-01-21,158.77804565429688,142.64300537109375,129.28298950195312,300.8094177246094,39.75,162.61038131219433,150.89999389648438,133.7599798995472,315.83151624705846,40.915000915527344,158.67050497614542,142.07049560546875,129.02016235439484,300.68042510869054,37.999000549316406,160.74309086318223,149.9499969482422,131.5066158303364,312.35876856290434,40.042999267578125,122848900,163972000,55652000,28710700,589043000
2022-01-24,158.00572204589844,144.54400634765625,129.7317352294922,306.3062744140625,38.71500015258789,158.67052310978175,144.94500732421875,130.12746648570075,307.1198968928485,38.72600173950195,151.24047430258736,135.3520050048828,123.47941141371506,286.7596832302792,35.145999908447266,156.44151145113545,139.0,124.94529236284792,295.5209166368451,38.39099884033203,162294600,155624000,76622000,38878100,323460000
2022-01-25,156.20684814453125,139.98599243164062,125.89448547363281,297.81292724609375,36.641998291015625,159.1202024043847,143.60000610351562,128.33829204225916,303.8456033215666,38.770999908447266,153.5085752311325,138.14500427246094,125.46355309123715,295.2629308448496,36.51300048828125,155.4247355135648,142.24249267578125,127.68469738972522,297.614502679901,37.91400146484375,115798400,90824000,46960000,25108500,151458000
2022-01-26,156.1188507080078,138.87249755859375,128.1736602783203,292.3359069824219,35.970001220703125,160.713741500623,145.18499755859375,131.90977994463373,305.1156233960731,38.26599884033203,154.2906743409117,137.31849670410156,126.09979711495389,288.58534066797705,35.6619987487793,159.84364519078215,144.75,130.04420204001252,304.61951658051186,37.82699966430664,108275300,95602000,49130000,28348800,126840000
2022-01-27,155.6593780517578,139.6374969482422,127.94749450683594,292.3458557128906,38.66999816894531,160.1760566161972,144.24349975585938,131.56508588118825,299.3607834777899,39.47999954223633,154.74039680395836,139.35000610351562,127.87557913543291,291.96880966646864,37.810001373291016,158.8171416631375,140.8000030517578,130.22764460430642,295.4316257497335,38.20600128173828,121954600,77516000,31950000,21629900,243247000
2022-01-28,166.52093505859375,143.97799682617188,132.25790405273438,299.36077880859375,38.43600082397461,166.54049197821774,143.9980010986328,132.26336732239355,299.54930182886426,38.70000076293945,159.15932862262193,137.92950439453125,127.43179389269864,290.74837139396675,37.20800018310547,162.00425626677838,140.86050415039062,128.59616648080828,293.3182011734946,38.67599868774414,179935700,74392000,34362000,21871600,119666000
2022-01-31,170.8714141845703,149.57350158691406,134.19436645507812,310.8209228515625,42.7140007019043,171.0864955438015,150.36050415039062,134.3624868099739,311.3467949851122,42.77000045776367,165.71926239899202,144.30050659179688,131.12573488414426,296.9894592484276,39.81999969482422,166.35473547583268,144.75,133.06222894230496,298.3388555609462,40.196998596191406,115541600,78308000,39986000,21579500,200475000
2022-02-01,170.70521545410156,151.19349670410156,136.5157012939453,316.5161437988281,45.7130012512207,170.93006781127377,151.70799255371094,136.6634819687619,317.1710084195929,45.847999572753906,168.45664712970438,147.62750244140625,133.26705377749363,309.6897092695964,42.55400085449219,170.1186272242385,150.0,136.46660753981268,312.110712917288,43.29600143432617,86213900,59220000,68644000,18023800,225681000
2022-02-02,171.90773010253906,150.6125030517578,146.7868194580078,320.48504638671875,42.948001861572266,171.94684394629172,155.0749969482422,150.3042417927189,325.44611521623455,45.198001861572266,169.45386598046034,148.86349487304688,144.32963459516995,314.4027711569386,42.64799880981445,170.8421090824681,155.05050659179688,150.01017866907893,325.2675240055626,44.82500076293945,84914300,87330000,123200000,58458300,143460000
2022-02-03,169.03343200683594,138.8455047607422,141.9170379638672,235.90870666503906,40.560001373291016,172.2987509371964,144.24749755859375,148.44806509169965,246.06897966279848,42.92599868774414,168.27087633720052,138.33299255371094,141.49601822201203,233.91436272380943,40.428001403808594,170.57810026310062,141.7375030517578,144.5111067615448,242.74505795410397,42.14400100708008,89418100,225532000,71518000,188119900,99052000
2022-02-04,168.7495574951172,157.63949584960938,142.11839294433594,235.24391174316406,41.016998291015625,170.42345318106436,161.1999969482422,143.68742564570832,240.72093489028182,41.277000427246094,167.07566180917001,150.60800170898438,139.36316498296367,228.31826526183067,39.66400146484375,168.05454433189513,155.60650634765625,142.26865554288074,233.14042381897158,40.73099899291992,82465400,253456000,57998000,89342200,77898000
2022-02-07,168.0350341796875,157.9355010986328,138.05995178222656,223.15875244140625,40.209999084472656,170.2766693416208,162.6909942626953,143.06756034988416,236.44449122728196,41.23500061035156,167.34002078176565,157.25,137.76140907718417,222.26575116531183,39.35499954223633,169.20969061631618,158.52000427246094,143.06756034988416,235.849157043219,41.016998291015625,77251200,102624000,54974000,88613800,82329000
2022-02-08,171.13804626464844,161.4134979248047,138.2563018798828,218.46556091308594,40.35300064086914,171.64706939744136,161.79249572753906,138.85237322389543,224.01204587812796,40.6609992980957,167.80983647215697,155.55050659179688,135.89085796988192,214.46694172385483,39.58300018310547,168.1035042386361,156.75050354003906,137.88685780823388,219.13035728050534,39.81800079345703,74829200,76040000,54284000,94729700,68185000
2022-02-09,172.55743408203125,161.1894989013672,140.4313201904297,230.1935577392578,41.28900146484375,172.91961588647231,163.83450317382812,141.3561864794341,231.55288554145955,41.29800033569336,171.20657123174874,160.25,139.03783863725855,220.47979314969592,39.87900161743164,172.3322952525055,162.87350463867188,139.80797789700927,222.45428854589056,40.8650016784668,71285000,68786000,40144000,86563300,77382000
2022-02-10,168.4852294921875,159.0034942626953,137.48370361328125,226.294189453125,40.62699890136719,171.77427486744176,160.7165069580078,140.3247247602678,233.1702232371406,40.79999923706055,167.92727430582312,157.75,136.82614390542432,224.934846367152,39.63600158691406,170.46257607059673,158.35000610351562,138.55833324032872,226.49262916830958,40.209999084472656,90865900,68268000,39330000,49310400,84529000
2022-02-11,165.0787353515625,153.2935028076172,133.18174743652344,217.8404998779297,39.13100051879883,169.42497580838133,159.0,138.01578678020195,228.6258569131585,41.1609992980957,164.49139990842886,152.73399353027344,132.30647428852177,217.06657447768202,38.76499938964844,168.69081397274465,158.13450622558594,137.46386044180338,226.68112672688727,40.53300094604492,98670700,77100000,39958000,46156900,75589000
2022-02-14,165.313720703125,155.16700744628906,134.41505432128906,216.00489807128906,39.65700149536133,165.9989356288058,158.44850158691406,135.18271167288583,219.27920598503405,40.93600082397461,163.04270559336564,151.64999389648438,132.16415735662878,213.1076361709991,38.68899917602539,163.83559821712237,151.75100708007812,132.16415735662878,217.60236257569318,38.75899887084961,86185500,83230000,34302000,38184000,72022000
2022-02-15,169.14111328125,156.510498046875,135.4886932373047,219.27920532226562,40.74599838256836,169.29773807776493,158.0070037841797,136.9763973849014,219.42803130608593,40.91600036621094,166.654758116967,154.6374969482422,134.7081419187358,213.38545412333406,40.10100173950195,167.35955476472148,157.60549926757812,136.4427979327925,218.75333332612993,40.37900161743164,62527400,56440000,26680000,42685500,53923000
2022-02-16,168.90618896484375,158.10049438476562,136.6089324951172,214.85391235351562,39.80799865722656,169.67949961629867,158.83399963378906,136.95407185843112,215.7667621295166,40.15599822998047,166.4589825612284,154.7344970703125,133.81798904852437,210.7064670415823,39.03799819946289,168.22097415914394,155.79049682617188,135.5263729022058,210.75608074636148,40.15299987792969,61177400,52704000,25022000,45817500,52777000
2022-02-17,165.313720703125,154.65249633789062,131.45254516601562,206.0926971435547,38.66699981689453,168.2797341887302,160.3489990234375,135.98954027468156,215.8064617968669,39.9109992980957,164.91237519788157,154.5,131.39254001045595,205.54697662595777,38.56999969482422,167.41831260412283,158.14599609375,135.12617731893766,212.35356264731095,39.42399978637695,69589300,64032000,38950000,38747500,46692000
2022-02-18,163.7670440673828,152.60150146484375,129.33404541015625,204.5547637939453,39.12900161743164,166.93861378532614,155.49949645996094,132.97099324127743,209.10902068196484,40.2869987487793,162.68048390268257,150.89300537109375,129.1292409403073,203.5823835443195,38.904998779296875,166.23383213199764,155.49949645996094,132.37292423632954,207.75960955144294,39.25299835205078,82772700,63604000,45620000,37128400,68017000
2022-02-22,160.8500213623047,150.19749450683594,128.7493896484375,200.5065460205078,37.737998962402344,163.16996871038384,152.9824981689453,131.09697591573786,205.8644939367054,39.242000579833984,158.7258326412145,148.48550415039062,127.17241181915688,198.5022701102353,37.301998138427734,161.49607262837773,150.47850036621094,128.77367925061782,200.76451613173913,38.89500045776367,91162800,66128000,44990000,39852400,66975000
2022-02-23,156.6897430419922,144.82699584960938,126.54212951660156,196.90478515625,36.74599838256836,162.64133603328534,151.76300048828125,130.9685427450542,205.32868403916535,38.599998474121094,156.37649344425944,144.6510009765625,126.48212435927555,196.5079057737242,36.66600036621094,162.04421705709984,151.65049743652344,130.56934576146136,202.57033145267047,38.27199935913086,90009200,64244000,32786000,44481400,46143000
2022-02-24,159.30340576171875,151.35800170898438,131.60330200195312,205.98355102539062,39.00299835205078,159.4110834763149,151.74899291992188,131.90977476291786,206.72771123120492,39.073001861572266,148.79019822079562,139.5,123.92923223959937,188.73887367786082,35.47200012207031,149.35795208534202,139.83749389648438,123.92923223959937,189.5723294747781,35.50899887084961,141147500,100786000,54456000,49957200,70687000
2022-02-25,161.3688201904297,153.7884979248047,133.35731506347656,208.84112548828125,39.08000183105469,161.6331077669388,153.99000549316406,134.16265544616002,209.6745964633609,39.12900161743164,157.47285626304333,149.2135009765625,130.67150526556998,201.59796279185824,37.55799865722656,160.38013909716133,150.5500030517578,132.4572527893111,203.3442685110929,38.6609992980957,91974200,62396000,36406000,37627600,48416000
2022-02-28,161.6331329345703,153.56300354003906,133.9499053955078,209.38685607910156,39.45199966430664,161.92680077964948,154.4499969482422,134.6387009971114,211.49034428010935,39.775001525878906,158.99993565341998,150.85000610351562,131.5055996259116,205.21956156352897,38.2130012512207,159.61663663442954,152.4250030517578,131.95935360321266,206.06293412526344,38.733001708984375,95056600,57684000,38864000,34239800,50350000
2022-03-01,159.753662109375,151.14199829101562,132.96255493164062,201.90557861328125,38.624000549316406,163.08187242749526,154.0989990234375,135.13857036774974,210.1012586232327,39.5,158.54964050687724,149.9770050048828,132.12647806196426,200.64546292921548,38.37099838256836,161.2219862371019,152.7324981689453,133.77285909543676,208.23589195453502,39.15999984741211,83474400,44874000,26496000,27094900,32904000
2022-03-02,163.04269409179688,152.05250549316406,133.46839904785156,206.4895782470703,38.00299835205078,163.82580321014547,152.99949645996094,134.15372912259033,207.52147375619305,38.922000885009766,159.50892707803538,148.75,131.9806947822643,200.44700090023863,37.520999908447266,160.91852050375005,150.8489990234375,133.52443917740345,203.1855050567392,38.893001556396484,79724800,47334000,23520000,29452100,53568000
2022-03-03,162.7196502685547,147.89849853515625,132.80191040039062,201.3896026611328,36.80699920654297,165.3430634011942,153.9290008544922,135.3210829638196,207.45202857519675,38.61199951171875,162.05401727070716,146.8560028076172,131.93506660358148,199.85166849923849,36.46500015258789,164.91235266773373,153.531494140625,134.8950992840664,207.39249817950693,38.599998474121094,76678400,65198000,24604000,27263500,60768000
2022-03-04,159.72425842285156,145.64100646972656,130.82522583007812,198.50225830078125,36.17300033569336,162.05400359179123,147.85000610351562,132.75428947542676,204.2868656360038,37.481998443603516,158.67686189722227,143.8070068359375,129.26908704703752,197.2421427393917,35.71699905395508,161.01639051416453,147.15899658203125,131.83786771432526,200.7942693856852,36.79999923706055,83737200,60934000,30430000,32130900,53255000
2022-03-07,155.93603515625,137.4530029296875,125.3425521850586,186.0102996826172,35.0260009765625,161.53524604361925,146.09449768066406,130.65514261832865,199.3258054429597,36.20000076293945,155.68151606537282,137.41650390625,125.25973295853518,185.8217766611403,35.02000045776367,159.91029698865853,145.44349670410156,130.41017325885227,199.22657801903105,36.04100036621094,96418800,86934000,45112000,38560600,57084000
2022-03-08,154.11529541015625,136.01449584960938,126.06259155273438,188.80833435058594,34.17599868774414,159.44041971330986,140.69949340820312,130.17411000501144,195.16842766775892,35.88600158691406,152.50992837199067,133.57249450683594,124.64431332771989,184.66088843878129,34.06700134277344,155.4661583222758,136.68350219726562,125.21509629053482,186.3873456909563,34.97999954223633,131148300,91662000,40428000,37508100,64287000
2022-03-09,159.50894165039062,139.2790069580078,132.32632446289062,196.9544219970703,35.87900161743164,159.95923428896205,140.25,132.63924417090806,197.54975628076116,36.41400146484375,156.04370327606966,136.8280029296875,128.83567386884616,192.41008137550406,35.05099868774414,158.06998280822745,139.5,130.1741142565606,194.21591760004782,35.76900100708008,91454900,82656000,37026000,31894700,65202000
2022-03-10,155.1724853515625,146.8175048828125,131.3439483642578,193.69003295898438,35.676998138427734,157.0029911685478,148.67449951171875,132.17954098140794,194.7516936899463,36.70199966430664,152.6861150001443,143.97799682617188,129.8393852677274,189.5822690603511,35.33000183105469,156.81700107101284,145.68499755859375,130.18998790766506,193.32290361390366,35.619998931884766,105342000,135062000,27102000,24853000,48078000
2022-03-11,151.46250915527344,145.52450561523438,128.805908203125,186.14920043945312,34.03200149536133,155.91642822664025,149.6750030517578,132.69873673623212,192.0528685324607,36.33599853515625,151.23737032666907,145.36900329589844,128.56886893727994,185.2165172013014,34.0,155.57381332247203,149.57449340820312,132.39424653455924,191.14003380617865,36.11899948120117,96970100,68900000,31526000,34694500,48199000
2022-03-14,147.43931579589844,141.85299682617188,124.91854858398438,185.1768341064453,33.10100173950195,150.86540543880508,147.4499969482422,129.34000556632407,190.79275173053884,34.13199996948242,146.93030751756515,140.88400268554688,124.2480949884942,184.3731434907347,32.981998443603516,148.25179027503273,145.9810028076172,129.18231231398767,185.57371350137103,33.87200164794922,108732100,74086000,38812000,31010500,59078000
2022-03-15,151.81488037109375,147.3665008544922,128.138916015625,190.53477478027344,34.375,152.2847547162285,147.98500061035156,128.79004377353704,190.7828281781689,34.5359992980957,147.204352250739,142.0,124.68992141435149,184.46243244458515,33.236000061035156,147.7133603864597,142.85000610351562,125.93513042039176,189.3143563018215,33.5099983215332,92964300,75584000,30920000,31721700,54606000
2022-03-16,156.21986389160156,153.10400390625,132.18795776367188,202.04444885253906,35.75299835205078,156.62120932527256,153.14999389648438,132.24001771815753,202.1436611229739,35.999000549316406,151.19820652447248,147.35350036621094,127.67921762993845,193.00538285917506,34.305999755859375,153.73350876565036,148.5,129.66133986214837,193.18397402994407,34.81999969482422,102300200,84958000,35576000,40640300,69825000
2022-03-17,157.22811889648438,157.23899841308594,132.7418670654297,206.2216796875,37.13999938964844,157.60009906528276,157.49850463867188,132.98138823072057,206.42011938787329,37.33100128173828,154.30126947324382,152.13999938964844,131.10141873321024,199.5440861170762,35.487998962402344,155.2605702418383,152.6405029296875,132.05752087888428,200.12948853216994,35.970001220703125,75615400,72934000,28264000,29499700,58183000
2022-03-18,160.51719665527344,161.25050354003906,135.0096435546875,214.80430603027344,38.060001373291016,161.00663805311925,161.593994140625,135.1271719338952,215.1118897928269,38.18000030517578,156.3863100625295,156.01100158691406,131.17433810969047,204.39598096658355,36.84700012207031,157.12047215929823,156.81300354003906,132.33078043484574,205.0905273884747,37.20000076293945,123511700,102962000,44566000,52128000,83248000
2022-03-21,161.88758850097656,161.4915008544922,134.98585510253906,209.84323120117188,37.45899963378906,162.83710569668534,163.08399963378906,135.92658166615294,213.03815977024746,38.18199920654297,159.56762687828217,159.55299377441406,132.99332054198618,206.01328661998056,36.89400100708008,160.0570681157996,161.12100219726562,135.04734336733472,212.82978828097038,37.801998138427734,95811400,66538000,26832000,30142300,48665000
2022-03-22,165.25497436523438,164.88900756835938,138.72146606445312,214.96307373046875,38.29199981689453,165.84229498697943,166.16700744628906,139.89378371835335,217.75120670745483,38.66600036621094,161.42753966012307,161.69900512695312,134.9858461376951,208.54345042733235,36.67599868774414,162.01486028186812,161.8054962158203,134.9858461376951,209.72418705211007,37.11399841308594,81532000,64086000,35496000,31998800,42428000
2022-03-23,166.61563110351562,163.4080047607422,137.1420135498047,211.79791259765625,37.44900131225586,168.99430889731204,166.3699951171875,138.44425402347676,215.11190224536244,38.24599838256836,164.1096788423283,162.68699645996094,136.70513365586095,210.5080319452024,37.44900131225586,164.44251031244588,163.7050018310547,137.56551524552734,211.66891999041766,37.97700119018555,98062700,55812000,25154000,23717300,37290000
2022-03-24,170.39413452148438,163.64950561523438,140.41151428222656,217.8603515625,37.57099914550781,170.4626485498089,164.11849975585938,140.45812610885343,218.95177745927012,37.97600173950195,166.6156463524789,160.0500030517578,136.62133716164368,213.1175565355208,36.88999938964844,167.44768776251115,163.74949645996094,138.05894880404426,213.325928057074,37.97600173950195,90131400,56798000,26396000,31502300,38885000
2022-03-25,171.03033447265625,164.77349853515625,140.5116729736328,220.0928497314453,37.3849983215332,171.5785062279276,165.36849975585938,140.87070507937713,223.74418887246208,37.763999938964844,169.10193494578817,162.25,138.59203769066454,217.18565572386078,36.643001556396484,170.20807683974928,164.0,140.7526772850465,218.79303706963668,37.707000732421875,80546200,49032000,24126000,40039000,35745000
2022-03-28,171.89175415039062,168.99049377441406,140.29595947265625,221.8490447998047,37.85100173950195,172.0189987045939,169.03750610351562,140.83847267217368,222.29553791114895,38.02799987792969,168.36777156168486,164.89999389648438,138.66542339972597,217.830576517749,36.67300033569336,168.53417977607376,164.97500610351562,139.74550107592432,220.4004213594452,37.52299880981445,90371900,59854000,35050000,26224100,43234000
2022-03-29,175.1808319091797,169.31500244140625,141.33734130859375,228.07020568847656,39.18199920654297,175.22976408859992,170.8314971923828,142.61479282683288,229.09218442696672,39.650001525878906,172.61614940998814,167.86849975585938,140.87417414180615,223.5357825280101,38.03300094604492,172.95876428530602,170.38400268554688,141.4781907391212,224.30972302063074,38.43899917602539,100589400,66154000,34318000,31417900,58807000
2022-03-30,174.01597595214844,166.30099487304688,140.77499389648438,226.07589721679688,38.14699935913086,175.81711647524634,168.95050048828125,141.55058130392723,229.3501903092489,39.27000045776367,172.96856432856262,165.5,140.43926771554987,224.9447742063183,37.862998962402344,174.77950323773482,168.50950622558594,141.29221863890226,227.12764131461282,38.95500183105469,92633200,56168000,19884000,25588000,40233000
2022-03-31,170.9226837158203,162.99749755859375,137.9275360107422,220.62863159179688,37.45899963378906,174.2704602652505,166.4949951171875,140.9431091731122,226.71090621508176,38.400001525878906,170.71711180695456,162.95350646972656,137.88488921822,220.5294041691088,37.361000061035156,174.08447018974397,166.44500732421875,140.88855215145054,226.6712091900149,38.35900115966797,103049300,59966000,37524000,24192300,41347000
2022-04-01,170.62905883789062,163.55999755859375,139.00164794921875,223.09925842285156,37.34700012207031,171.18702920461877,165.82699584960938,139.31951637020538,225.51033046743126,38.08700180053711,168.3091113767006,162.3195037841797,137.17375319145697,220.96598986548707,36.849998474121094,170.35497284823808,164.14950561523438,138.356482806623,222.80159128229144,37.68000030517578,78751300,57090000,25942000,19544800,46442000
2022-04-04,174.67181396484375,168.34649658203125,141.79953002929688,232.06884765625,39.150001525878906,174.72076108227714,168.39450073242188,142.53396895874045,232.52527259224502,39.60200119018555,170.75628355518236,163.20550537109375,139.16034726925992,224.10137333817107,37.3129997253418,170.8835430731966,164.125,139.20795791982718,224.22043413017906,37.35499954223633,76468400,49882000,25942000,28054800,70018000
2022-04-05,171.36318969726562,164.05499267578125,139.43853759765625,230.0347900390625,38.01499938964844,174.53477477488693,168.11050415039062,141.81835862566132,235.0157063910786,39.0,170.73670541562527,163.26600646972656,139.23175060773136,229.22118278585194,37.73099899291992,173.7516656886956,167.7415008544922,141.69786404034355,232.25735388242694,38.93000030517578,73401800,53728000,21418000,29727200,42345000
2022-04-06,168.20138549804688,158.75599670410156,135.4286651611328,221.56130981445312,36.834999084472656,169.96337702443967,162.1999969482422,138.21810996580516,227.20700787328028,37.64699935913086,166.53728819844997,157.25450134277344,134.40611087205892,219.68602663220452,36.27299880981445,168.72019203962893,161.65049743652344,137.61261036383607,225.14320167620593,37.415000915527344,89058800,79056000,32468000,28995100,43549000
2022-04-07,168.50486755371094,157.7845001220703,134.77462768554688,221.2140350341797,36.21500015258789,169.69910564386342,160.07899475097656,136.04016929829996,223.76403143713907,36.854000091552734,166.26323274049562,154.51150512695312,133.12723222733092,216.85821762186922,35.36899948120117,167.54556668896316,158.39999389648438,134.8951223081521,222.18640019306102,36.5,77594700,68136000,26234000,21037200,49489000
2022-04-08,166.49813842773438,154.4604949951172,132.19493103027344,220.59886169433594,35.5880012512207,168.1524524173325,157.36849975585938,134.5578934974761,223.37706293065762,36.25,165.62693350816983,154.2310028076172,131.87556433172037,218.31676728092958,35.48699951171875,168.1524524173325,156.75,134.4721004910743,220.6484754046232,36.19599914550781,76575500,46002000,25142000,18375700,40252000
2022-04-11,162.24981689453125,151.1219940185547,127.76750183105469,214.77456665039062,34.79999923706055,165.46055114101816,154.13650512695312,131.009702203024,218.8922471136339,35.47800064086914,162.0050962053992,150.5345001220703,127.61377361707454,213.54421631232353,34.52000045776367,165.14731642594322,152.71299743652344,130.7429100506066,216.7192968654244,35.0,72246700,52112000,36884000,20516600,37771000
2022-04-12,164.11944580078125,150.78750610351562,126.66759490966797,212.47262573242188,34.40999984741211,166.28276779117587,155.0989990234375,130.52125019058332,220.30119065314656,35.941001892089844,163.12098145475815,150.38299560546875,125.7496824779024,211.4704954183544,34.224998474121094,164.4718441031093,153.6925048828125,130.52125019058332,218.5251349202986,35.590999603271484,79265200,55178000,32710000,20128800,38243000
2022-04-13,166.8015899658203,155.54100036621094,128.8292236328125,213.31600952148438,35.042999267578125,167.42807423573976,156.02499389648438,129.26561926423614,214.92339072532232,35.20000076293945,163.24825626550125,149.60000610351562,126.6938724329844,209.68450407431595,34.11600112915039,163.8551587010773,150.01849365234375,126.95075200878496,210.17069419373846,34.391998291015625,70618900,53390000,27928000,19231800,32310000
2022-04-14,161.79946899414062,151.7064971923828,125.691162109375,208.54342651367188,34.112998962402344,167.65319663324865,155.89700317382812,129.4099304660489,213.31598617428165,35.20000076293945,161.55474838858942,151.4720001220703,125.56321417081908,208.36483535056013,33.986000061035156,167.0169140968793,155.38999938964844,129.4099304660489,213.21675876812412,35.095001220703125,75329400,51598000,31598000,18379500,43438000
2022-04-18,161.58416748046875,152.78500366210938,126.6299057006836,209.12887573242188,33.7859992980957,163.08185675186522,154.0395050048828,127.16150750964877,211.71855397049873,34.236000061035156,160.11584349387897,150.25050354003906,125.14765723721159,206.6781068000665,33.1619987487793,160.45844346214486,151.52349853515625,125.95895269585907,208.36486698096425,34.0,69023900,46514000,20808000,16580800,51050000
2022-04-19,163.86495971679688,158.11549377441406,128.9432830810547,215.61793518066406,34.861000061035156,164.27610359926777,158.6490020751953,129.26461711503015,216.7292095688352,35.167999267578125,160.44866861751814,151.55050659179688,125.95844660693362,207.3726425799073,33.321998596191406,161.53522902332887,152.0294952392578,126.64477542409657,208.88081149240958,33.321998596191406,67723800,54926000,26490000,20089900,209069000
2022-04-20,163.6985321044922,153.9980010986328,126.99041748046875,198.8594512939453,22.618999481201172,165.31369734743882,157.6024932861328,130.3218916355038,212.4924718413418,24.8700008392334,162.59240492951264,153.60350036621094,126.45485065417712,197.37113086850815,21.250999450683594,165.19622127922986,157.6024932861328,129.81904388797793,211.9467513240192,24.520000457763672,67929800,59630000,31696000,43036500,1333875000
2022-04-21,162.9056396484375,148.29600524902344,123.7913589477539,186.60562133789062,21.82200050354004,167.90773030576432,156.73800659179688,129.03204110665789,201.38959810560033,22.76799964904785,162.40641490220864,147.58949279785156,123.50571776803207,184.13500399279943,21.152000427246094,165.34306268686478,154.71400451660156,128.1905009821093,200.03027030150272,22.0,87227800,63970000,36446000,49954100,535016000
2022-04-22,158.3734130859375,144.35000610351562,118.65481567382812,182.6764373779297,21.552000045776367,164.32502122927878,149.61500549316406,124.37404857874347,191.21939665285564,22.62700080871582,158.08954369720692,143.69749450683594,117.95014478551222,181.84298162915087,21.0049991607666,162.94480808191494,148.25,123.97534345046293,188.88768875332022,22.01799964904785,84882400,73078000,56884000,36426800,375151000
2022-04-25,159.44041442871094,146.07400512695312,122.06513214111328,185.53402709960938,20.990999221801758,159.7242838315626,146.22149658203125,122.26696285548644,185.72253496662242,21.666000366210938,155.11375480994548,142.30650329589844,117.53954013860086,180.24552677813085,20.451000213623047,157.71757136622622,144.0229949951172,118.1247001432462,181.307187460691,21.381000518798828,96046400,61874000,46128000,29281100,281520000
2022-04-26,153.48878479003906,139.39100646972656,117.67739868164062,179.5410614013672,19.84000015258789,158.91178747297153,144.8560028076172,121.50575793064277,185.73248018162553,20.915000915527344,153.41047239469103,138.92950439453125,117.53953815889362,178.10235460110894,19.827999114990234,158.8236916294158,144.8000030517578,121.29202455748772,185.17684294621372,20.8799991607666,95623200,77530000,73054000,31747400,203181000
2022-04-27,153.26364135742188,138.16700744628906,113.35759735107422,173.58778381347656,18.854000091552734,156.4156292897006,141.94850158691406,116.28093039770941,179.7990512660107,20.018999099731445,152.09876878373368,135.7834930419922,111.81237005693657,167.68411532557215,18.777000427246094,152.61757531774515,140.19149780273438,113.53115828563,173.0718284502036,19.400999069213867,88063200,71336000,91820000,71062900,222984000
2022-04-28,160.18434143066406,144.59649658203125,117.55094146728516,204.1281280517578,19.95199966430664,161.0457628626786,145.9375,118.66870208583143,206.90632954577563,20.148000717163086,155.57379800357486,140.3000030517578,113.17956960106591,191.39802397815313,18.559999465942383,155.88704759214835,142.17799377441406,115.46071897101857,201.34000987075416,19.1560001373291,130216800,117316000,48884000,100890600,213632000
2022-04-29,154.3208770751953,124.28150177001953,113.17411041259766,198.90907287597656,19.035999298095703,162.69032852477312,130.76100158691406,116.95337579484945,210.82555343692744,20.47100067138672,153.92932990538873,121.625,112.88153042406998,198.3435038247346,19.0,158.42239865298615,129.8489990234375,115.77759257193108,202.86801081473362,19.868000030517578,131747600,272662000,42676000,49193400,163919000
2022-05-02,154.6243133544922,124.5,115.6273422241211,209.48605346679688,19.945999145507812,154.88860092145774,124.66799926757812,115.78850866046761,210.23021363572835,20.020999908447266,150.0333512355366,118.375,111.67699010622513,199.42500858844238,19.000999450683594,153.4007100151784,122.4010009765625,112.47539163673035,199.60359976179677,19.17099952697754,123055300,148788000,35534000,49915300,145916000
2022-05-03,156.11219787597656,124.25350189208984,116.37217712402344,210.37905883789062,19.98699951171875,157.31623426694395,126.22049713134766,117.47109620573961,213.2267071664261,20.31999969482422,153.0189401124905,122.82499694824219,115.08333000535104,206.4697346374748,19.476999282836914,154.81028218380573,124.05349731445312,115.4760799985851,208.8113594552885,19.82900047302246,88966500,79134000,24968000,41556300,118394000
2022-05-04,162.51409912109375,125.92849731445312,121.2587890625,221.67044067382812,20.400999069213867,162.964376768375,126.0,121.84742219771121,222.5535101589403,20.437999725341797,155.8968429541357,119.18299865722656,114.17235467476033,205.348530227441,19.10099983215332,156.29818841895514,123.5999984741211,116.07215712779917,209.0097856387637,19.764999389648438,108256500,110746000,49916000,41375900,122188000
2022-05-05,153.45945739746094,116.40699768066406,115.55047607421875,206.65826416015625,18.832000732421875,160.6150881198339,123.4990005493164,120.04681450711568,218.45568421552025,20.070999145507812,151.67788357069364,115.07250213623047,114.06277194925556,204.55477600232203,18.600000381469727,160.38994926297363,123.0,119.21866011890872,217.03682591961714,20.045000076293945,130525300,144392000,45840000,41129200,139713000
2022-05-06,154.18487548828125,114.77249908447266,114.7977066040039,202.18336486816406,18.097000122070312,156.3023722983105,119.05049896240234,116.60775134383856,207.74968364193575,18.72100067138672,151.14587460582203,113.08149719238281,113.08090065435618,199.45477753082457,17.58099937438965,152.93986371222095,114.8499984741211,114.24031691379543,205.72555946603094,18.674999237060547,116124600,124260000,39710000,34747200,171855000
2022-05-09,149.06761169433594,108.78900146484375,111.5887222290039,194.68226623535156,17.309999465942383,152.76342612282588,114.0,114.13368999515002,200.99274628078112,18.31999969482422,148.5088364921623,107.95700073242188,111.08240885566522,194.05716672906522,17.229999542236328,151.88112823098254,111.3125,112.3216628968711,198.28399184686057,17.766000747680664,131577900,128124000,40802000,36303200,140313000
2022-05-10,151.4693603515625,108.85900115966797,113.457275390625,196.11099243164062,17.766000747680664,153.65548649022554,112.64250183105469,115.29707287210782,201.37965883993337,18.187000274658203,149.92045170349726,107.1709976196289,111.97502692676184,192.67794219630522,17.05699920654297,152.4594939260044,111.25,114.56065900721823,197.95651014924067,17.60099983215332,115366700,105434000,39900000,34452500,138839000
2022-05-11,143.61703491210938,105.37200164794922,112.67127227783203,187.27040100097656,16.636999130249023,152.39090538432077,110.15599822998047,115.41063248936665,199.10750202518517,18.091999053955078,142.94061098912724,104.42849731445312,112.30827513659509,186.8040593960686,16.55500030517578,150.47928231405317,108.10350036621094,112.30827513659509,194.80129861899218,17.608999252319336,142689800,109704000,37534000,31153400,126655000
2022-05-12,139.75454711914062,106.93049621582031,111.91899108886719,189.75094604492188,17.430999755859375,143.32291464808353,110.78050231933594,113.35809330514908,196.50791865624595,17.757999420166016,136.06854586723028,102.40550231933594,108.92424196384515,183.3412391310792,16.270999908447266,139.9604210928437,102.75,110.46451302431396,185.6034850677345,16.395999908447266,182602000,132026000,53836000,38262200,176621000
2022-05-13,144.2150115966797,113.05500030517578,115.09920501708984,197.07347106933594,18.763999938964844,145.18553469561974,113.18399810791016,116.90875017939355,198.33358664883283,18.777000427246094,140.2937279042498,107.80000305175781,112.67375572924637,189.7906264841729,17.60099983215332,141.74459868206603,109.06900024414062,113.594142514748,191.08050726208492,17.715999603271484,113990900,93684000,35038000,24549800,131363000
2022-05-16,142.67591857910156,110.81050109863281,113.5068588256836,198.48240661621094,18.650999069213867,144.61696502202452,113.99250030517578,115.21771695665214,203.7709070471389,19.589000701904297,141.3426813570236,110.35399627685547,112.95591618323131,194.4044080173516,18.56999969482422,142.68573136301794,113.0999984741211,114.01317216302417,195.5156975710409,19.329999923706055,86643800,74566000,25990000,27112600,161450000
2022-05-17,146.30307006835938,115.36849975585938,115.51824188232422,201.0423126220703,19.055999755859375,146.82263885480765,115.80000305175781,115.94174359590812,203.8602107221061,19.139999389648438,143.79343645262884,111.27649688720703,113.92838521355479,196.81548818198343,18.517000198364258,145.93054340694096,113.2750015258789,115.88272969753332,200.54620582741316,18.91699981689453,78336300,76448000,23054000,24872700,98767000
2022-05-18,138.0487823486328,107.11250305175781,110.98223114013672,190.7431640625,17.7189998626709,144.46007380411618,112.85299682617188,114.45404021864253,199.43495048394504,18.770000457763672,137.14687404841018,106.2490005493164,110.64104923458649,190.13791310966099,17.62700080871582,143.96011558077154,111.43949890136719,114.05731760057398,198.44273679994532,18.672000885009766,109742900,108380000,35126000,23960000,96656000
2022-05-19,134.64707946777344,107.31900024414062,109.47915649414062,189.80052185058594,18.347999572753906,138.87226008655338,110.03399658203125,112.08362994881233,193.76937601990323,18.6299991607666,133.91183880440775,106.19300079345703,109.0983015778271,188.1236936816302,17.570999145507812,137.12729010884627,106.28050231933594,110.51807047133238,189.7112262653708,17.80500030517578,136095600,88142000,34144000,24446900,104485000
2022-05-20,134.88233947753906,107.59100341796875,108.0152587890625,192.03302001953125,18.635000228881836,137.93113785871375,109.89800262451172,111.26391395378205,196.36900389432037,19.018999099731445,130.00034593006458,105.0094985961914,104.92926830668526,186.4071705328154,17.976999282836914,136.3528207232791,109.56849670410156,111.03331404707964,193.45189338862062,18.586999893188477,137426100,99500000,48962000,31465600,104294000
2022-05-23,140.29373168945312,107.55699920654297,110.57410430908203,194.70208740234375,18.743999481201172,140.44077384848245,108.81900024414062,111.22819834582448,195.45617949343676,18.766000747680664,134.94117272312687,103.94999694824219,107.84962051186193,189.75095079783037,17.788999557495117,135.07841705772444,108.46099853515625,108.68918571926903,193.67019183029456,18.614999771118164,117726300,107798000,37184000,25059200,96020000
2022-05-24,137.5978546142578,104.0999984741211,105.10134887695312,179.86849975585938,18.034000396728516,139.17617200488684,105.4000015258789,105.58584704950131,182.24980659881354,18.399999618530273,134.62748321427134,101.26000213623047,101.0493357437059,174.738756702844,17.716999053955078,138.03899606760518,104.0250015258789,104.90497385041874,179.14418798829092,18.200000762939453,104132700,102934000,76780000,50406300,77064000
2022-05-25,137.75469970703125,106.7750015258789,104.93769073486328,182.39862060546875,18.783000946044922,138.99969650386015,108.17500305175781,105.62699334651613,184.00600172835072,18.886999130249023,135.61759232548434,103.6500015258789,103.0051614939558,177.92374289893897,18.017000198364258,135.7058176181396,103.65550231933594,104.12490462445021,178.99532022087533,18.027999877929688,92482700,93120000,40258000,28030200,85221000
2022-05-26,140.95054626464844,111.07749938964844,106.9089126586914,190.1378631591797,19.139999389648438,141.49952360823445,112.66549682617188,107.75888237900973,191.32851623919103,19.233999252319336,134.44121569632296,107.45349884033203,104.36245398374581,180.84081308731322,18.30900001525879,134.68629593603174,107.97000122070312,104.81075232503436,181.45599570496643,18.64900016784668,90601500,93002000,37948000,23056500,80499000
2022-05-27,146.69520568847656,115.14649963378906,111.39581298828125,193.61062622070312,19.518999099731445,146.73441193920726,115.18699645996094,111.39730365863458,193.80906589385668,19.524999618530273,142.4013957458045,112.62799835205078,108.24386241128829,188.32212641828812,19.03700065612793,142.5288422380691,113.55000305175781,108.58554373009294,189.86997706485317,19.319000244140625,90978500,93660000,37914000,22562700,85860000
2022-05-31,145.91094970703125,120.20950317382812,112.82947540283203,192.1322784423828,19.743999481201172,147.69514080945274,121.99449920654297,114.78630197702584,196.0614517277609,19.9950008392334,143.9503080341332,115.67500305175781,111.1597731470303,190.51496511355558,19.079999923706055,146.1364342695409,116.27999877929688,111.82229671590991,193.37254568473966,19.618000030517578,103718400,144634000,50012000,26131100,113985000
2022-06-01,145.7835235595703,121.68399810791016,112.9583969116211,187.17117309570312,19.291000366210938,148.75389460714223,125.17900085449219,116.14159098002285,197.97637860549406,20.27400016784668,144.7737792988703,120.62249755859375,112.3216612422036,183.5595161934951,19.166000366210938,146.95009283292427,122.25599670410156,113.91350798260179,194.97988929114155,19.8700008392334,74286600,127528000,36606000,36623500,84162000
2022-06-02,148.2343292236328,125.51100158691406,116.65831756591797,197.31161499023438,20.509000778198242,148.2931460840145,125.61000061035156,116.93304735382672,199.37542128214022,20.547000885009766,143.96992734384497,120.04499816894531,112.02065295107872,186.26827177623153,19.172000885009766,144.9208398093746,121.68399810791016,113.06551449385536,186.98266684419815,19.20199966430664,72348100,100560000,37992000,31951600,96231000
2022-06-03,142.51907348632812,122.3499984741211,113.60208129882812,189.29452514648438,19.898000717163086,145.05810131692076,124.4000015258789,115.36798842891481,195.07913273257265,20.295000076293945,141.61717995046743,121.04650115966797,112.5879638758018,188.3023114639302,19.80500030517578,144.0091506541789,124.19999694824219,115.11110884827522,194.45403326777017,20.013999938964844,88570300,97604000,26136000,19465000,71918000
2022-06-06,143.26406860351562,124.79000091552734,115.8628921508789,192.73748779296875,19.714000701904297,145.64625571792195,128.99000549316406,118.3686786203438,195.38669623309409,20.386999130249023,142.04846553260185,123.80999755859375,115.21177191367441,186.93303229765272,19.538000106811523,144.13655344098794,125.25,115.74783813274163,192.47951771272406,20.208999633789062,71598400,135269000,33542000,30574200,53720000
2022-06-07,145.7835235595703,123.0,116.18919372558594,194.1265869140625,19.861000061035156,146.06781003090646,124.0999984741211,116.72625878645412,194.99973973643614,19.959999084472656,141.26424373812605,120.62999725341797,114.10889140185589,189.99898979915574,19.299999237060547,141.50932395629872,122.01000213623047,114.53387621473067,190.43555107036437,19.48699951171875,67808200,85156700,31590000,18828700,48395000
2022-06-08,145.0482635498047,121.18000030517578,116.23332977294922,195.10890197753906,20.283000946044922,146.92066479832334,123.75,117.59854920159584,200.45693323180112,20.738000869750977,144.5581031788664,120.75,115.64419719383626,192.89626965875735,19.763999938964844,145.6560576230458,122.61000061035156,115.80437236671298,193.15423977117806,19.795000076293945,53950200,64926600,26108000,22267200,72441000
2022-06-09,139.83297729492188,116.1500015258789,113.8941650390625,182.56732177734375,19.277000427246094,145.0384790561678,121.30000305175781,117.32927476403499,197.8970204964128,20.16900062561035,139.72514139394366,116.0999984741211,113.83515114216875,182.24980612445378,19.253999710083008,144.18560463111925,119.98999786376953,115.37393150433296,192.76727745674913,20.065000534057617,69473000,67029800,25798000,23501600,69490000
2022-06-10,134.43142700195312,109.6500015258789,110.25028991699219,174.20297241210938,18.29400062561035,137.98998215242344,114.5,112.35043272359222,181.67434061220698,18.586000442504883,134.36279735008839,109.05000305175781,109.46130906646859,173.65725183083143,18.084999084472656,137.5194322486073,113.41999816894531,111.52326952209093,181.61479507062933,18.263999938964844,91437900,87266000,41452000,27450800,130656000
2022-06-13,129.2847137451172,103.66999816894531,105.52037048339844,162.98098754882812,16.9689998626709,132.53937106937602,106.54000091552734,107.89969964994525,171.2362113127509,17.909000396728516,128.85337019356888,101.86000061035156,105.24911389802193,162.75278267813596,16.895999908447266,130.25522177759234,104.19000244140625,105.91113796225396,169.26170095508755,17.707000732421875,122207100,99277700,47252000,31749300,102224000
2022-06-14,130.14739990234375,102.30999755859375,105.84072875976562,162.4551239013672,16.753999710083008,131.25516732822615,104.87999725341797,107.03981794977923,165.4516131279456,17.20599937438965,128.89259032192393,101.43000030517578,104.93273646839161,160.10358258056343,16.42799949645996,130.5101288143863,104.19000244140625,105.66171211229965,164.73721814492058,16.975000381469727,84784300,69728800,33706000,27244300,115553000
2022-06-15,132.7648468017578,107.66999816894531,108.86474609375,168.03138732910156,18.01099967956543,134.63726323315953,109.05999755859375,110.5101436125187,170.81950525732464,18.385000228881836,129.5592083618082,103.52999877929688,106.7869179368398,162.70318974465354,16.85300064086914,131.64728162043858,103.86000061035156,107.65523726592659,165.8981189021135,16.926000595092773,91533000,85011100,39698000,30008300,123960000
2022-06-16,127.50054168701172,103.66000366210938,105.1643295288086,159.61740112304688,17.334999084472656,129.784691319241,104.58000183105469,107.75789189656318,163.79462714887313,17.62700080871582,126.50061011925011,102.01000213623047,104.27616988348034,158.36721740504552,17.1560001373291,129.48079421494845,104.47000122070312,106.34209542849807,162.4452160123095,17.399999618530273,108123900,82186300,51684000,26944100,82013000
2022-06-17,128.97100830078125,106.22000122070312,106.26522064208984,162.46505737304688,17.551000595092773,130.4611001773296,106.9800033569336,107.80846549966309,164.60822720386258,17.96500015258789,127.25544681769559,102.51000213623047,104.18491071395393,158.65494571164365,17.333999633789062,127.51033981148552,102.80000305175781,105.16431896946578,160.42108467647037,17.363000869750977,134520300,99772100,51376000,31374200,121334000
2022-06-21,133.19619750976562,108.68000030517578,110.629638671875,155.82716369628906,17.090999603271484,134.36278178825876,111.62999725341797,111.56739132946274,166.45376388238589,17.86199951171875,130.69639115129178,103.55999755859375,107.70977129217107,154.75557108979552,16.979999542236328,130.79441426737327,108.19999694824219,108.03656858558827,164.63801100527013,17.760000228881836,81000500,70901200,47416000,50724900,121776000
2022-06-22,132.68643188476562,108.94999694824219,110.5736083984375,154.63648986816406,17.888999938964844,135.04899374439105,112.12999725341797,112.41736323198378,159.5380121523933,18.281999588012695,131.27476747959807,107.0199966430664,109.47766306713153,154.22967867369047,17.020000457763672,132.13743964836019,107.43000030517578,109.65024031138255,157.1467889716582,17.075000762939453,73409200,60040100,30774000,47267800,119924000
2022-06-23,135.54898071289062,112.44000244140625,111.3219223022461,157.513916015625,18.17099952697754,135.86267563561398,113.0,111.81832309519362,158.5061296598179,18.275999069213867,132.96093402675356,107.93000030517578,109.5947045131696,153.04895461675687,17.586999893188477,134.1275183400123,110.38999938964844,111.31151031036939,155.05323041722062,18.049999237060547,72433800,64345300,28362000,40499200,95382000
2022-06-24,138.87228393554688,116.45999908447266,117.00791931152344,168.83505249023438,19.084999084472656,139.1173641987572,116.70999908447266,117.11107066416578,168.92434807147959,19.118999481201172,137.01947774401722,111.43000030517578,112.02659127406567,160.04404029043087,18.18400001525879,137.14690930909833,112.37999725341797,112.06874621725599,160.47068482747557,18.350000381469727,89116800,69867600,41164000,68736000,124240000
2022-06-27,138.87228393554688,113.22000122070312,114.88398742675781,168.17030334472656,18.913999557495117,140.666273257268,117.9800033569336,117.60747238809732,170.41270082808344,19.17799949645996,138.1958600157244,112.69999694824219,114.23534152789627,166.7018161864418,18.23900032043457,139.8918112487565,117.08999633789062,117.30348914348141,169.98605620964864,19.177000045776367,70207900,62133200,36420000,29174600,83639000
2022-06-28,134.73529052734375,107.4000015258789,111.08934783935547,159.4288787841797,17.959999084472656,140.59760460905184,114.8499984741211,116.34788803372125,169.96619782883943,19.219999313354492,134.61765682035212,107.04000091552734,110.9311551773519,159.35943170287592,17.937000274658203,139.33299738336785,113.5,114.85323751449626,168.57708966300072,18.920000076293945,67083400,74942900,35792000,27744500,71854000
2022-06-29,136.49008178710938,108.91999816894531,110.78585815429688,162.66348266601562,17.836000442504883,137.90174634957765,110.98999786376953,112.23289804690751,165.03487231161975,18.066999435424805,133.98046254650382,106.91000366210938,109.96365128893204,159.07167466170534,17.510000228881836,134.75492447437682,107.37999725341797,110.63758563635704,162.296368517944,17.954999923706055,66242400,66375300,24716000,28595200,57668000
2022-06-30,134.0294647216797,106.20999908447266,108.06979370117188,159.9944305419922,17.48699951171875,135.64698810352084,108.18000030517578,109.97901690144941,163.943436123308,17.94499969482422,131.1375212724895,102.5199966430664,105.87493689608415,157.2559266696186,17.030000686645508,134.5490335635321,108.11000061035156,109.09829563062534,160.8874166564684,17.707000732421875,98964500,97679400,43170000,35250600,78947000
2022-07-01,136.19595336914062,109.55999755859375,107.84615325927734,158.78395080566406,17.9950008392334,136.3037892489926,109.75,108.35444913580423,159.36935323149515,18.010000228881836,132.99031531614665,105.8499984741211,105.85560141078064,153.7931173068404,17.427000045776367,133.36282702594735,106.29000091552734,107.0482435979797,159.0617694192781,17.64900016784668,71051600,73021200,35476000,31423900,52016000
2022-07-05,138.77423095703125,113.5,112.33456420898438,166.8804168701172,18.58799934387207,138.82324999611623,114.08000183105469,112.44762815748757,166.93994726695396,18.591999053955078,134.23534018265374,106.31999969482422,104.86479945326545,155.7973921729659,17.26799964904785,135.05882114715405,107.5999984741211,106.22258079388362,156.9086666205292,17.628000259399414,73353800,76583700,39342000,28618600,73343000
2022-07-06,140.10748291015625,114.33000183105469,113.6328353881836,168.4481201171875,18.4060001373291,141.28386518046202,115.4800033569336,114.64199660987896,170.2539411358276,18.621999740600586,138.3036957651199,112.01000213623047,110.56221308112814,164.17168159339727,18.082000732421875,138.56838663745515,113.20999908447266,112.37324909089169,166.89033737772058,18.520000457763672,74064300,66958900,37432000,23085900,57534000
2022-07-07,143.46995544433594,116.33000183105469,117.80931091308594,170.84925842285156,18.927000045776367,143.66601661315485,116.98999786376953,118.2124805128393,171.3751304080076,19.020999908447266,140.46036340026106,113.48999786376953,113.89219223353552,166.4735929101582,18.350000381469727,140.4701612232241,113.8499984741211,114.13666975081995,168.13058776866583,18.427000045776367,66253700,57872300,40936000,24083400,63345000
2022-07-08,144.1464080810547,115.54000091552734,118.37512969970703,169.5494842529297,18.697999954223633,144.646381415915,116.58000183105469,118.70390952621402,171.0576381970668,18.990999221801758,142.14655961715215,113.69000244140625,115.94322591003493,166.84072991356624,18.274999618530273,142.4014377182976,114.5999984741211,116.28887225514453,168.65648282655349,18.601999282836914,64547800,45719700,38238000,19249200,58357000
2022-07-11,142.01907348632812,111.75,114.72826385498047,161.6117706298828,17.733999252319336,143.7542455393016,114.30000305175781,117.03073649463757,166.18587634519014,18.499000549316406,140.95052737444695,110.87000274658203,114.38509945369388,160.64932213963525,17.68899917602539,142.8033331399919,114.08000183105469,117.03073649463757,165.76914841229626,18.472999572753906,63141600,53487600,31196000,21885600,60388000
2022-07-12,142.98959350585938,109.22000122070312,113.08584594726562,161.99874877929688,17.44499969482422,145.5286208059207,113.2300033569336,116.01513422724025,164.6181925638849,17.97800064086914,142.19553604555907,108.33999633789062,112.75805737728307,160.83786046862522,17.341999053955078,142.89155544175705,112.16000366210938,115.26235327439865,163.516834657866,17.732999801635742,77588800,54280300,29960000,16639700,68453000
2022-07-13,142.62689208984375,110.4000015258789,110.44070434570312,162.2169952392578,17.6560001373291,143.56799177024092,111.77999877929688,113.25990236152596,163.69538370726883,17.917999267578125,139.3232005090592,106.01000213623047,110.28994990879096,158.36720190354342,16.969999313354492,140.17608985764943,107.02999877929688,110.78535185551783,158.91292237226227,17.049999237060547,71185600,61353800,43722000,16555100,127344000
2022-07-14,145.5482635498047,110.62999725341797,109.46278381347656,156.81935119628906,17.47800064086914,146.01881345268225,111.18000030517578,110.18233866352448,161.32399395376947,17.75200080871582,140.43098661066193,107.58000183105469,107.48463413301555,156.05534254020475,17.18199920654297,141.24465485515523,110.23999786376953,109.3070730912963,159.96466626461358,17.555999755859375,78140700,51163100,37004000,23765200,90395000
2022-07-15,147.21478271484375,113.55000305175781,110.86123657226562,163.4176025390625,18.910999298095703,147.8912065060331,115.58999633789062,112.2130703596854,163.69542117946563,18.922000885009766,145.2835494113212,111.58999633789062,109.99093473931617,158.57560970633634,17.45599937438965,146.83245817528143,112.5,111.08241574521796,159.28998968167267,17.558000564575195,76259900,84317800,46770000,23342800,163191000
2022-07-18,144.17581176757812,113.76000213623047,108.13624572753906,165.9278564453125,19.091999053955078,148.58725611818477,117.23999786376953,112.74812973437768,170.3531352390129,19.966999053955078,143.8130828380742,113.1500015258789,107.48165988903675,164.35024064167447,18.979999542236328,147.77358792071823,115.0,111.71665403211723,165.45159821288854,19.25,81420900,59115400,43164600,23574300,163228000
2022-07-19,148.02847290039062,118.20999908447266,112.87705993652344,174.4113006591797,20.163000106811523,148.25394254490203,118.94999694824219,113.08533759009629,175.11577895763392,20.19700050354004,144.01896354895925,114.02999877929688,108.66189857090403,168.19011731697498,18.84000015258789,145.0090823866063,115.69999694824219,109.94132492872627,169.04342159539536,19.302000045776367,82982400,60990000,36530900,25933700,281787000
2022-07-20,150.0283203125,122.7699966430664,112.9663314819336,181.66439819335938,21.643999099731445,150.69494637561027,123.4800033569336,114.45403556404811,182.17043685739438,21.69700050354004,147.41086501912858,118.31999969482422,111.55797343357686,175.32415341322346,20.010000228881836,148.14610577429508,118.62000274658203,112.24231216588865,176.108010695169,20.816999435424805,64823400,71268300,35600400,24784300,539203000
2022-07-21,152.2928466796875,124.62999725341797,113.40271759033203,181.74374389648438,22.38800048828125,152.50851845862235,124.8499984741211,113.6110028170901,182.41845694525634,22.43199920654297,148.94994906470606,121.26000213623047,110.19919909252089,177.47722284388294,21.149999618530273,151.45956799212024,123.19999694824219,113.34321184946066,179.22352828307407,21.43000030517578,65086600,60239900,32676200,27195800,234301000
2022-07-22,151.05763244628906,122.41999816894531,107.01551818847656,167.9520263671875,22.04400062561035,153.2045374479934,125.5,111.41911725096242,174.23274124637183,22.934999465942383,150.3910214648786,121.3499984741211,105.62699282575305,167.09872193320714,21.8439998626709,152.3320525114364,125.01000213623047,110.09010519867219,171.72244166012345,22.238000869750977,66675400,51463800,48901200,42583900,178055000
2022-07-25,149.94007873535156,121.13999938964844,106.62872314453125,165.35240173339844,21.85099983215332,151.9889458272938,123.63999938964844,108.96937840173452,169.24189263554436,22.523000717163086,149.28326552705713,120.02999877929688,105.42864264206895,163.52673221768362,21.635000228881836,150.97921649648936,122.69999694824219,107.52134719462656,167.68410990943246,22.131000518798828,53623900,50221300,34690900,26166300,109352000
2022-07-26,148.61663818359375,114.80999755859375,104.15911865234375,157.91078186035156,21.391000747680664,150.0773065915356,118.1500015258789,106.32124889141323,164.70745079555678,21.93899917602539,147.83237855759032,114.52999877929688,103.2169090921242,156.7201286175358,21.163999557495117,149.2636385384265,115.79000091552734,105.72616877091382,164.6479204044126,21.666000366210938,55138700,67075100,47991000,28468400,95085000
2022-07-27,153.7045135498047,120.97000122070312,112.13321685791016,168.2595977783203,22.674999237060547,154.2338952339947,121.9000015258789,112.97625525163264,169.53954676474433,22.777999877929688,149.1656377708993,117.16000366210938,107.12461749425067,160.7584647751414,21.45800018310547,149.5773707705413,117.30999755859375,108.36437093577844,161.32401870031222,21.648000717163086,78620700,61582000,59858500,43846600,105084000
2022-07-28,154.2534942626953,122.27999877929688,113.2837142944336,159.4685821533203,22.601999282836914,154.53778073211737,122.83999633789062,113.40272578477607,160.25242429053662,22.809999465942383,151.37134852302864,118.08000183105469,110.54633651373639,153.6442927588761,21.966999053955078,153.8907653704556,121.56999969482422,111.44888067205848,159.8059311673132,22.459999084472656,81378700,82245500,32816600,73214300,89727000
2022-07-29,159.3119354248047,134.9499969482422,115.36649322509766,157.86119079589844,22.489999771118164,160.409904944982,137.64999389648438,115.75329568436271,158.8930862847135,23.075000762939453,156.36117506106663,132.41000366210938,112.13321420730232,153.96178345090468,22.239999771118164,158.0669387195233,134.89999389648438,112.15305449933629,156.4621659776194,22.32900047302246,101786900,148892900,37223400,42065400,90649000
2022-08-01,158.33164978027344,135.38999938964844,113.91845703125,158.68470764160156,22.621000289916992,160.37071938994356,138.8300018310547,115.76321063113234,163.9037606652723,22.839000701904297,157.72385550686172,133.50999450683594,113.40271539749043,154.02130693001527,22.100000381469727,157.84148924790597,134.9600067138672,114.35485263414594,156.0255825636675,22.309999465942383,67829400,76846900,26034300,40596700,55250000
2022-08-02,156.86111450195312,134.16000366210938,114.18624114990234,158.94271850585938,22.142000198364258,159.21389322725332,137.44000244140625,115.39624164424568,160.97675966339588,22.81999969482422,156.4886027966237,134.08999633789062,112.78780328963215,156.7796847197048,22.08799934387207,156.94935473605096,134.72000122070312,113.06550683255934,157.07735186421888,22.275999069213867,59907000,61922400,20236000,27374500,63613000
2022-08-03,162.86073303222656,139.52000427246094,117.11207580566406,167.48565673828125,22.67300033569336,163.31167231688755,140.49000549316406,117.64765022278551,168.21988510406044,22.809999465942383,157.58660124880873,136.0500030517578,114.53339005300344,160.31195673384136,22.242000579833984,157.67482654904526,136.2100067138672,114.76150045832908,161.42323110797926,22.479000091552734,82507500,71827800,28499000,31721900,64007000
2022-08-04,162.5470428466797,142.57000732421875,117.22117614746094,169.24188232421875,22.990999221801758,163.89989078177408,143.55999755859375,117.80633617133454,170.80956650112654,23.207000732421875,161.19419491158527,139.5500030517578,115.93182947198484,165.50123278418064,22.5049991607666,162.74310407937853,140.5800018310547,116.51699706271334,166.98955319565712,22.76799964904785,55474100,70585000,21602900,23938200,71427000
2022-08-05,162.3212432861328,140.8000030517578,116.507080078125,165.80882263183594,22.67799949645996,162.81208464474912,142.86000061035156,117.14183328630476,170.27378402922727,22.86199951171875,160.0142829089203,139.60000610351562,115.04912870198066,164.50902518076973,22.28700065612793,160.22044287042655,140.10000610351562,115.2772466831336,165.68976183936536,22.530000686645508,56697000,50686900,19159500,25832700,55397000
2022-08-08,161.8500213623047,139.41000366210938,116.33846282958984,168.9243927001953,23.349000930786133,164.7361708864107,144.22999572753906,119.16509908636492,176.12785914996925,24.195999145507812,161.19229575323052,138.2899932861328,115.92189993370644,165.82869061268593,22.641000747680664,163.32254540690658,142.0500030517578,117.4195241692398,166.69191173939979,22.749000549316406,60276900,52229000,19138300,27299100,109821000
2022-08-09,161.8990936279297,137.8300018310547,115.6739501953125,167.21775817871094,22.993999481201172,162.78261696114208,138.9499969482422,116.35829650347921,168.20997178691073,23.219999313354492,160.25968547297944,136.2100067138672,114.76149349565979,165.30279318207488,22.46500015258789,161.0155852740051,138.0500030517578,116.17977170860331,167.63448607735745,23.16200065612793,63135500,40434700,19086500,18655100,61812000
2022-08-10,166.1399688720703,142.69000244140625,118.71878051757812,176.9513702392578,24.410999298095703,166.23812814464867,144.60000610351562,119.92878102588605,179.07470674304471,24.45400047302246,163.8428202002786,141.00999450683594,117.43936168959127,172.59555312980802,23.65999984741211,164.60853143111325,142.89999389648438,117.80632384689984,174.6196773573301,23.698999404907227,70170500,54773800,30930400,30262100,92548000
2022-08-11,165.4037322998047,140.63999938964844,117.86583709716797,176.1079864501953,24.270000457763672,167.8579391801427,144.49000549316406,120.49411594083621,181.67430500840524,25.16200065612793,165.10922447830612,139.75999450683594,117.58813353334271,174.9966969915663,24.150999069213867,166.94496643142614,143.86000061035156,120.28583826796728,178.31070171750684,24.468000411987305,57149200,44867300,24293700,24079100,87801000
2022-08-12,168.9475860595703,143.5500030517578,120.68255615234375,179.09457397460938,24.93000030517578,169.01629605421468,143.57000732421875,120.68255615234375,180.04710579418173,24.94099998474121,166.29703098384923,140.1199951171875,118.48075288719056,177.51695781529796,24.375999450683594,166.70935086886797,142.0500030517578,119.2741980957184,179.40215780114409,24.481000900268555,68039400,47643500,19096300,21274000,60985000
2022-08-15,170.0176239013672,143.17999267578125,121.07926940917969,179.4815216064453,24.910999298095703,170.21395743937939,143.75999450683594,121.29746720302249,180.02724212693158,25.198999404907227,168.21133138479297,141.49000549316406,119.62131830200613,176.81246453895838,24.750999450683594,168.37821564106778,142.8000030517578,120.13705235093609,177.56655658180426,24.81100082397461,54091700,39014600,19494800,15878700,65274000
2022-08-16,169.8605194091797,144.77999877929688,120.702392578125,178.07260131835938,24.569000244140625,170.52807128910433,146.57000732421875,121.42641192061868,179.5807704439576,24.929000854492188,168.5156191962962,142.0,119.65108407641937,175.66151405480576,24.402999877929688,169.61509878760032,143.91000366210938,120.5238677790755,178.04283611732615,24.715999603271484,56377100,59102900,19041200,21156700,51368000
2022-08-17,171.35269165039062,142.10000610351562,118.57001495361328,173.48854064941406,24.114999771118164,172.92337473871223,143.3800048828125,120.29574952040444,176.75291648031703,24.423999786376953,169.40896440067246,140.77999877929688,118.40140274502447,172.81382758060934,23.756000518798828,169.6052979143018,142.69000244140625,119.13534218584766,175.38365697301987,24.118000030517578,79542000,48149800,22847000,20118100,56272000
2022-08-18,170.9600067138672,142.3000030517578,119.18492889404297,173.30003356933594,24.517000198364258,171.69626861182405,142.77000427246094,119.82960216377192,174.3914594614701,24.648000717163086,169.94887490568271,140.3800048828125,117.74681800275492,170.52183242030472,23.92799949645996,170.5673396933382,141.32000732421875,118.45099701321593,172.9825179454566,24.195999145507812,62290100,37458700,17987700,18844500,52804000
2022-08-19,168.37823486328125,138.22999572753906,116.24920654296875,166.65220642089844,24.115999221801758,170.55757183637587,141.11000061035156,118.17330641726673,170.9782584134384,24.32900047302246,168.17207488829533,137.91000366210938,115.80289830486177,165.74928839232285,23.56800079345703,169.8605704706802,140.47000122070312,118.08404022953236,168.87475524203418,24.094999313354492,70346300,47792800,21809500,26240800,75047000
2022-08-22,164.5005340576172,133.22000122070312,113.30355072021484,161.7804412841797,22.65399932861328,166.74858025975374,136.32000732421875,114.6821560186315,164.20144505183907,23.347999572753906,164.0784028181707,132.85000610351562,112.91674823026226,160.99658400957932,22.458999633789062,166.58169604206546,135.72000122070312,114.25568050831775,164.20144505183907,23.2549991607666,69026800,50461500,21456600,19499700,86301000
2022-08-23,164.166748046875,133.6199951171875,112.92667388916016,159.85556030273438,22.454999923706055,165.61964882368898,134.99000549316406,114.0672486879377,163.7648849596711,22.989999771118164,163.59737044179144,132.9499969482422,112.5001983580296,159.44874902544328,22.43000030517578,164.0195016745625,133.41000366210938,112.54979152761548,161.21488831614354,22.645999908447266,54147100,36252100,15870400,18111800,52769000
2022-08-24,164.4613037109375,133.8000030517578,112.75804901123047,161.98876953125,22.961000442504883,165.03068148199358,135.47000122070312,113.83911029938794,164.17165132937353,23.40999984741211,163.20475103663767,132.10000610351562,111.94477111702129,158.52595412781807,22.393999099731445,164.2551587296091,132.75,112.56960408080326,159.34949314438714,22.56599998474121,53841500,38627000,17734600,20891500,54263000
2022-08-25,166.91546630859375,137.27999877929688,115.69379425048828,167.4658203125,23.398000717163086,167.02345197761028,137.4199981689453,115.76322014148404,167.565047734485,23.416000366210938,165.2662469773801,134.27999877929688,113.17461431501371,162.74288874160553,22.899999618530273,165.6883632421721,135.25999450683594,113.3035459506188,163.89384508074522,23.02400016784668,51218200,37496300,16956800,15550500,37669000
2022-08-26,160.62289428710938,130.75,109.43551635742188,160.52032470703125,22.327999114990234,167.91680343416758,137.8300018310547,114.17634005588431,169.58915695402584,23.69499969482422,160.56399573070382,130.5,109.28675199221415,160.41118059882976,22.315000534057617,167.44560000363606,136.5500030517578,113.77961742600252,167.1681532011775,23.363000869750977,78961000,53322700,37245700,24023600,53498000
2022-08-29,158.42396545410156,129.7899932861328,108.52305603027344,157.93063354492188,22.457000732421875,159.9161124345619,131.9499969482422,110.040513040239,161.78042707604678,22.98699951171875,156.89254277561915,128.77000427246094,107.90814316272662,157.77187573869497,22.152000427246094,158.19816763869952,129.89999389648438,109.08838330000286,159.40903722795167,22.19300079345703,73314000,48101600,21191200,20052700,71094000
2022-08-30,155.99916076660156,128.72999572753906,108.04700469970703,155.93630981445312,22.065000534057617,159.58229569538483,132.07000732421875,109.59421472143957,160.40127149563065,22.979000091552734,154.83095626158936,126.8499984741211,106.91635005815553,154.6960426807927,21.874000549316406,159.1601794345339,131.25,109.26691796550223,159.10147396195126,22.666000366210938,77906200,49203000,27513300,19567900,57404000
2022-08-31,154.34014892578125,126.7699966430664,107.3329086303711,161.661376953125,22.356000900268555,157.6386032608909,130.58999633789062,109.94134747453214,166.5331500369243,23.38800048828125,154.2616125155062,126.73999786376953,107.24364243661744,160.87753476223943,22.343000411987305,157.37354474862363,129.4499969482422,109.7429899257436,165.7691563599794,22.700000762939453,87991100,53648700,28627000,40953000,86159000
2022-09-01,155.06658935546875,127.81999969482422,108.84043884277344,164.07244873046875,23.003999710083008,155.5181549609377,128.02000427246094,109.5446179336816,166.05687601790066,23.03700065612793,151.83684522830168,123.66000366210938,106.47995086620014,159.10146382584418,21.94700050354004,153.77076113952282,126.0,107.39240764031874,162.30630965585266,22.07200050354004,74229900,56636100,28360900,30145700,72929000
2022-09-02,152.95594787597656,127.51000213623047,106.96592712402344,159.07171630859375,22.611000061035156,157.42260624530542,131.3800048828125,109.832236521105,166.62244844215843,23.38800048828125,152.1313381712874,126.38999938964844,106.38076712239958,157.98027512320076,22.503999710083008,156.8237793213389,129.5,109.68346459238305,166.14619007943259,23.10300064086914,76957800,57429800,24160700,22634200,81649000
2022-09-06,151.6994171142578,126.11000061035156,105.93445587158203,157.30552673339844,21.839000701904297,154.21252227519972,128.6199951171875,107.14445651227068,160.43100844381465,22.684999465942383,150.87480729194033,124.73999786376953,104.91290018646603,156.46215431501463,21.4689998626709,153.60388383195894,127.91999816894531,106.42044469733727,158.8533925612111,22.55900001525879,73714800,43888600,25068300,19339800,74690000
2022-09-07,153.1032257080078,129.47999572753906,108.55279541015625,159.14112854003906,22.895999908447266,153.80021196934476,129.82000732421875,109.07845716303832,159.70669752312688,22.933000564575195,150.79626559392008,125.4000015258789,106.02370323017622,155.58900226198247,21.82699966430664,151.9841081371773,126.12000274658203,106.1823877170652,156.53160209381846,22.020999908447266,87449600,47900300,23167000,16831200,81493000
2022-09-08,151.63070678710938,129.82000732421875,107.49159240722656,160.79812622070312,22.743999481201172,153.49589780674214,130.27999877929688,108.70159312023178,160.96680070817172,22.874000549316406,149.88329791132227,127.0999984741211,106.28159926107675,156.51177153802922,22.1299991607666,151.8074024718103,127.72000122070312,107.154383063264,157.47421989709738,22.416000366210938,84923800,43988500,24238300,22530800,67374000
2022-09-09,154.4873809814453,133.27000427246094,109.74297332763672,167.8329315185547,23.35700035095215,154.92915012061422,133.69000244140625,110.08018262294702,168.21989423340526,23.47800064086914,151.91537744584716,130.75999450683594,108.12633003878351,161.75067218718405,22.961999893188477,152.62219009337275,130.91000366210938,108.17592320190764,161.97887708569115,22.961999893188477,68028800,49387600,23197700,22086800,66996000
2022-09-12,160.43637084960938,136.4499969482422,109.95125579833984,167.6444091796875,23.652999877929688,161.2511691580026,136.49000549316406,110.70502802301867,170.0554808549639,23.948999404907227,156.38203213199495,134.0,109.02887891863624,165.97748253186137,23.336999893188477,156.6667134786447,134.10000610351562,110.0801874345021,166.08662662868318,23.361000061035156,104956000,53826900,22966800,23220400,60474000
2022-09-13,151.0220489501953,126.81999969482422,103.4648666381836,151.93768310546875,21.812999725341797,157.59931943362142,131.39999389648438,107.4122450675289,160.3714992434936,22.768999099731445,150.56065692569356,126.2699966430664,103.2367486673143,151.48125815876136,21.77199935913086,156.97104316313002,131.00999450683594,106.91634367306543,160.2821885074128,22.649999618530273,122656600,72694000,38172900,44444100,80001000
2022-09-14,152.4651336669922,128.5500030517578,104.13929748535156,150.2906036376953,22.41200065612793,154.22235404144755,128.83999633789062,104.41700106794902,152.34447803217273,22.799999237060547,150.79627611743592,126.33000183105469,102.8102853209623,147.88944840773684,21.579999923706055,151.95465448242936,127.36000061035156,103.71282196440401,152.1361216428672,21.98200035095215,87965400,45316800,26395100,43064200,82303000
2022-09-15,149.57896423339844,126.27999877929688,102.0664291381836,148.38555908203125,23.538000106811523,152.39640331677907,130.3699951171875,104.40707676995653,152.99934664457024,24.229000091552734,148.6071081028978,125.5,101.51101442821535,147.54217139684576,22.90999984741211,151.81719923234522,127.37999725341797,103.17724342441045,148.63361250238236,23.047000885009766,90481100,52887200,34188300,34606300,194541000
2022-09-16,147.93954467773438,123.52999877929688,101.95732116699219,145.15093994140625,24.01300048828125,148.5776472684102,123.87000274658203,102.2846103090457,147.4231178621415,24.13599967956543,145.65222273370736,120.69999694824219,100.11256752914515,143.16651248084165,22.783000946044922,148.44021232229758,122.77999877929688,101.2333018624559,146.8972457962903,23.121999740600586,162278800,115667800,42797200,40122800,189142000
2022-09-19,151.6503143310547,124.66000366210938,102.22511291503906,146.86749267578125,24.363000869750977,151.7288507316376,124.70999908447266,102.48298375828159,147.42312998804502,24.524999618530273,146.36887246061372,121.80000305175781,100.71757600878111,143.9702301618478,23.575000762939453,146.57501740526791,122.16000366210938,100.91593353936474,144.10913948991376,24.5049991607666,81474200,47279700,23036800,22169500,179124000
2022-09-20,154.0260009765625,122.19000244140625,100.3109359741211,144.95248413085938,24.28499984741211,155.18439428665013,124.4000015258789,101.5308567644108,147.68107158621052,25.048999786376953,150.27598106267698,121.13999938964844,99.69601550554796,144.08926312614136,23.965999603271484,150.59011171978128,123.3499984741211,101.24323304040989,144.64490033101634,24.03700065612793,107689800,47698400,26517100,23217400,160374000
2022-09-21,150.90423583984375,118.54000091552734,98.46617889404297,141.01339721679688,23.687000274658203,155.83228620825895,123.76000213623047,102.03666739252802,148.43516612082303,24.829999923706055,150.78643873263653,118.44999694824219,98.45625874751293,140.89433642517437,23.667999267578125,154.45792171393398,122.48999786376953,100.83658693545453,145.25015368511407,24.267000198364258,101696800,58498900,31487300,38338600,91668000
2022-09-22,149.94219970703125,117.30999755859375,99.3191146850586,141.70794677734375,23.704999923706055,151.6405063427645,118.79000091552734,100.41009606383335,143.45423717863846,24.049999237060547,148.14571882351763,116.26000213623047,97.98018264897804,139.77311823877739,23.166000366210938,149.58879338602387,117.08000183105469,98.00993551715817,140.44783132698993,23.53499984741211,86652500,55229200,34298600,34418500,100180000
2022-09-23,147.67449951171875,113.77999877929688,97.93060302734375,139.3167266845703,22.641000747680664,148.6954577569954,116.05000305175781,98.84306732316416,141.50951044279367,23.645000457763672,145.83875792782328,112.05999755859375,96.67101684353818,137.80855764915447,22.14299964904785,148.42058784002563,116.0,98.81330688401681,140.31885705271978,23.513999938964844,96029900,65126700,31625400,31710700,112072000
2022-09-26,148.00828552246094,115.1500015258789,97.36528015136719,135.30813598632812,22.406999588012695,150.95333323742267,117.33999633789062,99.06126205035565,141.13243891683172,23.270000457763672,146.8989794231201,113.12999725341797,96.99831795404086,135.12954484221154,22.301000595092773,146.91861726875362,113.30000305175781,97.29585425726316,139.02893622183961,22.559999465942383,93339400,62723300,27072700,30497000,82343000
2022-09-27,148.98016357421875,114.41000366210938,96.70076751708984,133.353515625,22.43600082397461,151.88595100420483,118.31999969482422,99.18027437650241,138.3344326531718,23.06399917602539,147.20332025510484,113.05000305175781,96.07593451258548,133.07569699936298,22.07200050354004,149.94222342090066,117.19999694824219,98.61494711523052,136.84611209869647,22.863000869750977,84442700,60094700,30072800,30826500,77622000
2022-09-28,147.09532165527344,118.01000213623047,99.2298812866211,140.50738525390625,24.520000457763672,147.8806707549768,118.69999694824219,99.87454710588955,140.9241131987942,24.665000915527344,142.1869085062377,113.80000305175781,96.3139783946222,133.2245401951875,22.738000869750977,144.93562286555536,114.37999725341797,96.84955285847029,133.57180591260422,22.9689998626709,146691400,55763800,32466300,32658500,175797000
2022-09-29,139.87013244628906,114.80000305175781,96.62142181396484,135.3478546142578,23.97100067138672,144.03247205665744,116.06999969482422,97.83142237621783,138.7511398392883,24.697999954223633,138.1031007730531,113.05999755859375,95.17339071110857,134.1472695516224,23.56800079345703,143.42383363893248,115.5999984741211,97.83142237621783,138.2748815722821,24.160999298095703,128138200,58969700,31047200,38985400,189949000
2022-09-30,135.66851806640625,113.0,94.8659439086914,134.62353515625,23.54400062561035,140.4787712884576,116.91999816894531,98.08930316415186,139.89220213583388,24.243999481201172,135.47218456289696,112.83999633789062,94.77667771762164,134.4449439738801,23.326000213623047,138.69210195416497,114.08000183105469,96.25446940903004,134.99066448664058,23.700000762939453,124925300,59479600,32941500,33166400,118486000
2022-10-03,139.84068298339844,115.87999725341797,97.83143615722656,137.53074645996094,23.90399932861328,140.44933637961338,116.91000366210938,98.47610954707449,138.53287688225336,24.15399932861328,135.1678792129988,112.44999694824219,95.72881131295725,135.04029543467058,23.28499984741211,135.67835835777296,113.58000183105469,95.9668494539462,136.07219105782457,23.78499984741211,114311700,50941900,27982000,27723100,86574000
2022-10-04,143.423828125,121.08999633789062,100.80683898925781,139.18771362304688,24.073999404907227,143.54162523892447,123.0,101.0051965284241,141.2812847896686,24.579999923706055,141.61752082886468,119.79000091552734,99.557165305316,138.25503047678262,23.325000762939453,142.3734205948832,119.88999938964844,99.61667862054995,139.396085127203,24.483999252319336,87830100,62812600,28850800,34670700,139259000
2022-10-05,143.71832275390625,120.94999694824219,100.59855651855469,137.89784240722656,23.67300033569336,144.6803824609242,121.75,101.09445790974014,139.11827604059891,24.159000396728516,140.39041942925496,117.69000244140625,97.99011792498692,133.73054829955544,22.738000869750977,141.43101553965928,118.58000183105469,99.0116735801322,137.1636140300522,23.875999450683594,79471000,48217500,22176900,27979300,108256000
2022-10-06,142.76608276367188,120.30000305175781,100.5886459350586,137.98716735839844,24.00200080871582,144.8374334955695,121.52999877929688,102.0862703975384,140.34862568345443,24.42799949645996,142.5599378213271,119.5,99.76544773138347,135.53639829341935,23.391000747680664,143.13912691743977,120.7699966430664,99.85471392504792,136.64767279932806,23.667999267578125,68402200,42253800,22324000,36231100,91889000
2022-10-07,137.52391052246094,114.55999755859375,97.87109375,132.4109344482422,22.475000381469727,140.47878470691822,118.16999816894531,99.70592728808386,137.21324581940485,23.732999801635742,136.8956342636469,113.87999725341797,97.49421143647145,131.4088039162377,22.42799949645996,139.9290298735793,118.0,99.03150112865876,135.69515984934716,23.57699966430664,85925600,54678000,27502800,33214800,98061000
2022-10-10,137.8478546142578,113.66999816894531,97.05780792236328,132.74827575683594,22.99799919128418,139.2909290851068,116.25,98.28764108949238,135.05021900736446,23.382999420166016,136.0317509799681,112.43000030517578,96.21477718333813,130.8432271046645,22.42300033569336,137.8478546142578,115.0999984741211,98.18846233787536,132.51015413780254,22.56399917602539,74899000,42339700,18225100,24024000,99911000
2022-10-11,136.43423461914062,112.20999908447266,96.38339233398438,127.53913116455078,21.429000854492188,138.76083241469453,115.4800033569336,98.43642374055914,131.62706154565242,23.04400062561035,135.68816128454225,110.38999938964844,95.52052121037734,126.00120460626015,21.3700008392334,137.33738075448184,112.70999908447266,96.6313430235072,130.59515090965465,22.604999542236328,77033700,56432200,26507100,38481400,152824000
2022-10-12,135.8059539794922,112.9000015258789,96.7602767944336,126.50723266601562,22.086999893188477,137.78895683135124,113.83000183105469,97.94052452401523,128.6603343385144,22.367000579833984,135.6292583188671,111.4000015258789,95.94699881751596,125.2669656790939,21.263999938964844,136.58149154588781,112.48999786376953,96.50241351977157,127.32085507662566,21.43000030517578,70433700,45728700,21876400,34605200,129526000
2022-10-13,140.3708038330078,112.52999877929688,98.24797821044922,129.27552795410156,23.250999450683594,140.9598044199806,113.44000244140625,98.96207740272202,130.11891573104978,23.44700050354004,131.90868942611982,105.3499984741211,93.6063410275305,121.57595439906237,21.17300033569336,132.5173428390662,107.87999725341797,94.37003338415455,122.5681681884222,21.268999099731445,113224000,86868100,34574500,34325700,175050000
2022-10-14,135.8452606201172,106.9000015258789,95.76847839355469,125.77300262451172,23.0,141.8727919675868,114.95999908447266,99.86462890500115,130.76382843262456,23.8799991607666,135.65873850521228,106.5999984741211,95.58004100220128,125.53486590146892,22.951000213623047,141.66663200393148,114.0999984741211,99.17036238714927,129.9799863217405,23.780000686645508,88598000,67737300,25410700,23559400,152934000
2022-10-17,139.80142211914062,113.79000091552734,99.1505355834961,132.99632263183594,24.510000228881836,140.282437004532,114.19000244140625,100.10266544468307,133.7404829345073,24.992000579833984,137.7006219624551,110.08999633789062,98.0198809004081,129.16637700182142,23.440000534057617,138.48597103526853,110.11000061035156,98.04963377624901,129.2854529454353,23.44099998474121,85250900,62782000,28419200,29612200,210578000
2022-10-18,141.11685180664062,116.36000061035156,99.94396209716797,131.76596069335938,24.086000442504883,144.01281203046764,119.5199966430664,102.62183412414964,136.76671025641883,25.03700065612793,138.03436952113134,114.79000091552734,99.15052441894925,130.37685265808165,23.773000717163086,142.8249846575733,119.05999755859375,102.28461724659432,136.02255010394123,24.979999542236328,99136600,65607400,24060700,25445000,257767000
2022-10-19,141.22488403320312,115.06999969482422,98.81332397460938,132.19259643554688,27.238000869750977,142.2949146585481,116.58999633789062,100.19192945288192,135.93324545852587,27.93000030517578,138.9081120945048,113.22000122070312,98.10914479675372,131.19046628073306,26.266000747680664,139.09463421767856,114.70999908447266,99.19021393378276,131.85524748917106,26.5,61758300,47198100,23811100,30691000,466853000
2022-10-20,140.76345825195312,115.25,99.1505355834961,130.50584411621094,26.81599998474121,143.21766459219867,118.23999786376953,101.48127084891942,135.70504845290708,27.83799934387207,140.0370077826972,113.51000213623047,98.57528809438662,130.28755592887023,26.63800048828125,140.40024050696854,113.83000183105469,99.18028845933702,131.89493699930915,27.277999877929688,64522000,48795100,25323200,26356300,172071000
2022-10-21,144.57241821289062,119.31999969482422,100.30101013183594,128.9976806640625,28.957000732421875,145.14179598739213,119.58999633789062,100.47953493084219,129.106824762259,29.075000762939453,140.03703386545854,114.5,96.9189666638649,124.46327252621275,26.56800079345703,140.2530052619691,114.79000091552734,97.04789829825931,125.32649348650858,26.895000457763672,86548600,55660500,32458700,46348600,248891000
2022-10-24,146.7124786376953,119.81999969482422,101.67961883544922,128.7099609375,28.2450008392334,147.47818995640918,120.38999938964844,101.9077368068661,132.440678957435,29.048999786376953,143.32567626964715,116.56999969482422,99.16044640435987,123.60005892557997,28.035999298095703,144.4938810962025,119.9800033569336,100.9655271818657,126.25919191467688,29.023000717163086,75981900,49531500,27176400,63563400,133264000
2022-10-25,149.549560546875,120.5999984741211,103.62355041503906,136.43930053710938,29.101999282836914,149.6968219607416,121.31999969482422,103.9607597041695,137.27277155210777,29.759000778198242,146.6241498720804,118.94999694824219,101.87797552764937,129.5731835448493,28.55500030517578,147.34077415249868,119.6500015258789,102.05650031802847,129.8609339964498,28.69499969482422,74732300,50934600,40611400,38433200,151007000
2022-10-26,146.61431884765625,115.66000366210938,94.1518325805664,128.80918884277344,29.86199951171875,149.2059606049606,119.3499984741211,97.50412305253043,134.49456906227655,30.562999725341797,145.32830191392304,114.76000213623047,93.91380204631294,127.52922470090857,28.804000854492188,148.19482861119383,116.0,95.6395366616455,130.65469177666142,29.003999710083008,88194300,68802300,88114100,82791500,157141000
2022-10-27,142.1476287841797,110.95999908447266,91.46405792236328,97.17739868164062,29.694000244140625,146.3197794029668,114.12000274658203,94.64774408921001,101.70189010182288,30.520999908447266,141.48990330767347,109.7699966430664,91.04750255104241,95.62954037737664,29.47800064086914,145.35773474859954,113.91999816894531,93.74519988449306,97.21708813251803,29.83300018310547,109180200,129605400,60710900,232316600,146126000
2022-10-28,152.8872528076172,103.41000366210938,95.50069427490234,98.4275894165039,29.57200050354004,154.61500878306214,103.95999908447266,95.75856512636024,100.06474342579838,30.118999481201172,145.11232844918345,97.66000366210938,91.37479091899618,96.75075352345948,29.229000091552734,145.4853576495381,97.91000366210938,91.51364270819928,98.80463544203202,29.770000457763672,164762400,223133400,43697300,95928300,99605000
2022-10-31,150.53121948242188,102.44000244140625,93.73527526855469,92.43463134765625,29.187999725341797,151.41474288743174,104.87000274658203,95.242812042702,98.54666376504666,29.761999130249023,149.13723186575905,100.73999786376953,93.20962104840368,91.87898653153731,28.950000762939453,150.35452378899333,103.55999755859375,94.637811790529,97.4552302158687,29.51300048828125,97943200,99251400,31675000,121361400,75051000
2022-11-01,147.89047241210938,96.79000091552734,89.72840118408203,94.458740234375,28.674999237060547,152.60255171953904,104.58000183105469,95.24282237108928,96.73091049225727,29.969999313354492,146.3983256985316,96.05999755859375,89.62922241672638,92.82159370231095,28.642000198364258,152.2393339638939,103.98999786376953,94.66757492682962,93.59551916910262,29.617000579833984,80379300,153370000,47161400,110189600,69164000
2022-11-02,142.3734130859375,92.12000274658203,86.257080078125,89.83502960205078,27.299999237060547,149.38262560122348,97.73999786376953,90.43256844263183,94.45874152287298,28.732999801635742,142.34396380900958,92.01000213623047,86.16781390238052,89.7754992022516,27.284000396728516,146.22160672381153,97.31999969482422,90.19453791873643,93.47645207623735,28.639999389648438,93604600,135761800,57038300,71821100,103676000
2022-11-03,136.33609008789062,89.30000305175781,82.74610900878906,88.21771240234375,26.9060001373291,140.1842842462697,93.5,85.81077606951776,89.75563889838399,27.628999710083008,136.2084665510831,89.0199966430664,82.65684282083558,87.72160561588133,26.8799991607666,139.45783369878677,92.47000122070312,85.61241853361773,89.37860046586853,27.125,97918500,136683300,61288000,60664000,70574000
2022-11-04,136.07061767578125,90.9800033569336,85.87029266357422,90.08308410644531,26.07900047302246,140.2890164015465,92.44000244140625,85.92979841324605,90.67841082153454,27.496999740600586,132.13737261509453,88.04000091552734,83.02381575687284,87.40410253355893,25.531999588012695,139.71869406725023,91.48999786376953,84.69996499661167,89.64650764938459,27.20199966430664,140814800,129101300,51124900,55638100,111247000
2022-11-07,136.60159301757812,90.52999877929688,87.76461791992188,95.9668960571289,25.860000610351562,136.82775039724396,92.0999984741211,88.1712606549143,96.12564628921443,26.114999771118164,133.40583154940404,89.04000091552734,86.13806211366017,92.37508027008157,25.208999633789062,134.82180210827255,91.94999694824219,86.56453757303696,94.04199934191713,26.106000900268555,83374600,77495700,34078900,81987300,79270000
2022-11-08,137.17190551757812,89.9800033569336,88.17125701904297,95.71884155273438,26.34600067138672,139.069688836373,91.72000122070312,89.57961496473098,97.03848737963055,26.607999801635742,135.19545550623369,88.2300033569336,86.8719904032514,94.05192250033619,25.687999725341797,138.06672226567503,90.79000091552734,88.17125701904297,95.17312107695368,25.992000579833984,89908500,88703400,30429000,52088300,76838000
2022-11-09,132.61917114257812,86.13999938964844,86.60420989990234,100.67991638183594,25.465999603271484,136.23776400792798,89.4800033569336,88.70683431006073,104.0832093724771,26.09000015258789,132.34384521853534,85.87000274658203,86.56453688459513,99.95559711456131,25.422000885009766,136.18859544917657,89.47000122070312,87.72494420662868,100.92796978473984,25.965999603271484,74917800,90796200,31769100,107677300,72660000
2022-11-10,144.4188995361328,96.62999725341797,93.16995239257812,110.99893951416016,27.496999740600586,144.4188995361328,98.69000244140625,93.61626060159357,111.87208476763833,27.535999298095703,137.171901375878,91.6500015258789,90.85905017805679,103.79546657050064,26.009000778198242,138.88286812786214,92.94000244140625,91.49380333022981,106.28592485654346,26.599000930786133,118854000,173414900,51620100,80671000,96673000
2022-11-11,147.20167541503906,100.79000091552734,95.61971282958984,112.13998413085938,29.01300048828125,147.5064994693465,101.19000244140625,96.13544696291301,114.00535064993957,29.06599998474121,141.9606252113591,96.66000366210938,93.1501183771832,107.96276554524319,27.1560001373291,143.3864383750097,97.87999725341797,93.9138107806014,108.37950103418012,27.44700050354004,93979700,111590500,33090500,59961700,95738000
2022-11-14,145.80538940429688,98.48999786376953,94.91551971435547,113.33065032958984,29.927000045776367,147.7720118834529,100.12000274658203,95.99658864167773,115.36468387805913,31.100000381469727,144.96956884900007,97.29000091552734,93.73527959271193,109.93728128327324,28.819000244140625,146.48387656026793,98.7699966430664,94.31051943427285,110.12579673918653,29.0,73374100,99533100,30179500,53395000,179782000
2022-11-15,147.53599548339844,98.94000244140625,97.63306427001953,116.16836547851562,31.020000457763672,151.02675299903876,103.79000091552734,99.31912590340235,117.8154360525285,31.270999908447266,146.0806992107757,97.33999633789062,95.91724219824151,113.5191570888149,30.2549991607666,149.67962155098414,103.20999908447266,97.4545394739204,115.16622766282778,30.920000076293945,89868300,111336300,41640800,50670500,146269000
2022-11-16,146.30682373046875,97.12000274658203,98.03971099853516,112.34835052490234,30.601999282836914,147.36880131400713,98.48999786376953,98.82323616436666,115.17615780277245,31.048999786376953,144.83185736513215,95.54000091552734,96.83963044839486,111.78278906932832,30.361000061035156,146.6411608430867,96.8499984741211,97.09750131019068,113.60845848030793,30.993999481201172,64218300,87958800,29105200,33287800,80386000
2022-11-17,148.2046356201172,94.8499984741211,97.55372619628906,110.58220672607422,29.527999877929688,148.9519465811487,96.97000122070312,98.46618297666177,111.45535957072005,29.98200035095215,143.71089713297823,94.02999877929688,95.99659606811966,108.94506028234187,29.100000381469727,143.98622301357588,95.37000274658203,96.17512087878868,109.55031120602072,29.472000122070312,80389400,82617900,26052600,35093800,98382000
2022-11-18,148.76510620117188,94.13999938964844,96.63134002685547,111.17753601074219,28.79800033569336,150.15157823399846,95.98999786376953,98.0892912467336,113.42985753376976,29.799999237060547,147.4671435564981,92.4800033569336,95.58003155727448,109.75867027139351,28.700000762939453,149.7680875657841,95.94999694824219,97.96035204939338,112.91390979672886,29.732999801635742,74829600,72428200,28342300,33357700,84001000
2022-11-21,145.53985595703125,92.45999908447266,94.81635284423828,109.00458526611328,28.5049991607666,147.86047052115927,95.0199966430664,97.59340390655896,111.49504348891325,29.187000274658203,145.25470236836378,90.58999633789062,94.57832227419392,108.33980397966518,28.266000747680664,147.65398361312236,93.97000122070312,96.49250211567761,110.65165588402866,29.100000381469727,58724100,84330300,21647400,24351100,72565000
2022-11-22,147.67364501953125,93.19999694824219,96.25445556640625,110.5722885131836,28.66900062561035,147.9096450709946,93.3499984741211,96.42306021024527,110.75088726803217,28.697999954223633,144.47788413446048,90.87000274658203,93.2790474508061,107.47657928580465,27.733999252319336,145.65786938764137,92.62000274658203,95.16346653720288,109.00458917284487,28.499000549316406,51804100,62192000,23438500,29029000,62451000
2022-11-23,148.54881286621094,94.12999725341797,97.65290069580078,111.36605072021484,29.149999618530273,149.29612388958984,94.58000183105469,97.95044455619234,111.79270286479202,29.246999740600586,146.84767388557262,92.83000183105469,96.29412816473291,109.86781365645757,28.375999450683594,146.95583870512687,93.23999786376953,96.29412816473291,110.85010298653472,28.590999603271484,58301400,59414700,18868100,21343100,59190000
2022-11-25,145.6382293701172,93.41000366210938,96.66110229492188,110.54254150390625,28.554000854492188,146.39538323134536,94.43000030517578,97.83142992962435,111.85226339829549,28.92099952697754,144.6647458342524,93.06999969482422,96.60159654689032,110.15557116307289,28.41699981689453,145.83488861865806,93.79000091552734,97.43470728675223,110.43339738187461,28.899999618530273,35195900,35088600,9701400,12007600,32360000
2022-11-28,141.8131561279297,93.94999694824219,95.26266479492188,107.93299102783203,28.117000579833984,144.192767660707,96.4000015258789,96.78012191327572,111.16760938845886,28.954999923706055,140.98717824134044,93.43000030517578,94.8262691285725,107.53610408548704,28.05299949645996,142.717800718595,93.93000030517578,96.24454747735288,109.91741816956821,28.399999618530273,69246000,74943100,26237500,23309400,47034000
2022-11-29,138.81402587890625,92.41999816894531,94.40969848632812,108.60769653320312,28.09600067138672,142.39327767480953,94.41000366210938,95.33207527119987,110.07617594853657,28.29599952697754,138.007718580844,91.44000244140625,93.33854978773114,107.69486186501712,27.5939998626709,141.8819517027843,94.04000091552734,94.94527283562661,108.68707543565115,28.25,83763800,65567300,20061700,23899200,57869000
2022-11-30,145.55953979492188,96.54000091552734,100.16214752197266,117.18043518066406,30.55299949645996,146.23802684928043,96.54000091552734,100.21174068122266,117.23997314960913,30.826000213623047,138.2043770255708,91.52999877929688,93.6460044130284,108.52833059963122,28.041000366210938,139.04018245155586,92.47000122070312,94.04272698646723,108.65732322402079,28.136999130249023,111380900,102805800,43647500,43348600,160701000
2022-12-01,145.8348388671875,95.5,100.16214752197266,119.50220489501953,31.69499969482422,146.6411610165093,97.2300033569336,101.4118209799062,120.25628175847012,31.979999542236328,144.16321331865586,94.91999816894531,99.42821567956572,117.4780883020962,30.30299949645996,145.73651677852905,96.98999786376953,100.19190039078117,118.27185461677927,30.39900016784668,71250400,68488000,28687100,36551400,146649000
2022-12-02,145.3431854248047,94.12999725341797,99.61666107177734,122.52845001220703,32.04100036621094,145.5300169012177,95.36000061035156,99.94395019705995,123.07417049645396,32.19900131225586,143.21923022579475,93.77999877929688,98.08928407532805,116.6942370232965,31.0,143.52406921601985,94.4800033569336,98.23805598692219,116.91252521699526,31.048999786376953,65447400,72496400,21480700,39950500,126906000
2022-12-05,144.18289184570312,91.01000213623047,98.66454315185547,121.47672271728516,31.259000778198242,148.40128929094377,94.05999755859375,100.5489623663918,123.69927926965117,32.277000427246094,143.3372438141924,90.81999969482422,98.1884744915712,120.40513011221967,31.091999053955078,145.30386574755366,93.05000305175781,98.58519711399899,120.80201710335389,31.645999908447266,68826400,71535500,24405100,35474900,84230000
2022-12-06,140.52499389648438,88.25,96.1850357055664,113.23141479492188,30.555999755859375,144.8417290558683,91.04000091552734,98.9620789139917,119.61134832247026,31.32200050354004,139.55151049910586,87.9000015258789,95.62962101039767,112.85436879532277,30.312999725341797,144.61557170242608,90.5,98.48601782310948,118.97633224629031,31.100000381469727,64727200,75503600,24910700,43689200,71954000
2022-12-07,138.58787536621094,88.45999908447266,94.1617660522461,113.04290008544922,30.841999053955078,140.97731424983792,89.88999938964844,96.08585845727798,114.97771365164438,30.961000442504883,137.66356048798676,87.4800033569336,93.94356821211183,112.00107273750456,30.209999084472656,139.8170142991394,88.33999633789062,95.61971746872926,112.87422558377872,30.649999618530273,69721100,68086900,31045400,29461100,78216000
2022-12-08,140.26931762695312,90.3499984741211,92.94183349609375,114.43199157714844,31.025999069213867,141.12480845757423,90.86000061035156,94.79650733675184,116.42633538036192,31.238000869750977,138.7451974772698,87.87999725341797,92.6839626659769,113.69774809309091,30.481000900268555,139.9841640195035,89.23999786376953,94.59814224941029,115.48373552730014,30.910999298095703,62128300,73305900,32213300,30619400,72053000
2022-12-09,139.78750610351562,89.08999633789062,92.06906127929688,114.99755859375,32.000999450683594,143.14060047218985,90.30000305175781,93.4873396713005,116.62478830403349,32.900001525878906,138.54852454565471,88.62999725341797,91.98971523447793,112.9833661822399,31.95199966430664,139.96449489513216,88.9000015258789,93.00135082192593,114.40223194340052,32.14500045776367,76097000,67398500,28225400,26033400,143640000
2022-12-12,142.07862854003906,90.55000305175781,92.54512023925781,113.81682586669922,31.51799964904785,142.08845624970894,90.58000183105469,92.79307094834755,114.81896376384701,32.31800079345703,138.70586361029962,87.87000274658203,90.85905844418969,112.25905075290997,30.885000228881836,140.31849324023466,89.20999908447266,91.95004005081348,114.28316748923302,32.0,70462700,61999800,29420000,24747100,101486000
2022-12-13,143.04225158691406,92.48999786376953,94.8460922241211,119.2144775390625,32.034000396728516,147.46715106267968,96.25,98.7141243795283,122.33995220727563,33.27199935913086,141.83278326469596,90.5199966430664,94.2510121002556,117.71623273284158,31.719999313354492,147.00499369488003,95.2300033569336,96.95863687909693,121.17905642537491,32.79999923706055,93886200,100212000,40593700,44701100,107564000
2022-12-14,140.81997680664062,91.58000183105469,94.29067993164062,120.64325714111328,31.783000946044922,144.21239680146076,93.45999908447266,96.0759277719066,123.17340504101887,32.47100067138672,138.80418622868987,89.87000274658203,92.83272878989905,118.46039008353992,31.441999435424805,142.9242617747897,92.5,94.41961155521665,118.46039008353992,31.89699935913086,82291200,70298000,28733600,36922000,75433000
2022-12-15,134.2219696044922,88.44999694824219,90.11518859863281,115.24562072753906,29.041000366210938,139.43352160827794,89.97000122070312,92.87239873089607,117.70630642075625,30.339000701904297,133.7598121718234,87.47000122070312,89.27215786685396,113.122284052751,28.655000686645508,138.75503452609877,89.88999938964844,92.3665772650873,117.40864685802285,30.211999893188477,98931900,84802900,40107000,34531000,177246000
2022-12-16,132.2651824951172,87.86000061035156,89.5201187133789,118.50007629394531,29.070999145507812,135.35277902524194,89.3499984741211,90.58134735770545,122.34986252333044,29.472000122070312,131.4982009688156,86.7300033569336,88.786179227131,117.8948253630125,28.8700008392334,134.4088086870883,88.2699966430664,90.01602009048204,119.29385024041143,28.875999450683594,160156900,146144100,58011800,67064000,140800000
2022-12-19,130.16085815429688,84.91999816894531,87.71504211425781,113.588623046875,28.829999923706055,132.94362978303496,87.62999725341797,89.81765920892968,116.88277209293447,29.225000381469727,129.12839371956332,84.51000213623047,87.48692414068339,113.43978948398286,28.613000869750977,132.85513540362356,87.51000213623047,89.52012290883614,115.9203236322201,28.972999572753906,79592600,83531500,29493000,29769900,61637000
2022-12-20,130.09207153320312,85.19000244140625,88.29027557373047,116.17829132080078,28.819000244140625,131.02621414919912,86.61000061035156,88.44896764240224,116.41642804447906,28.92799949645996,127.72228799900502,84.33000183105469,86.7232330132954,111.58434489885498,28.08099937438965,129.19725476241064,85.33000183105469,87.38773902543626,112.37811883780395,28.124000549316406,77432800,74348300,23453800,28742500,69181000
2022-12-21,133.18948364257812,86.7699966430664,88.84569549560547,118.8275146484375,29.79599952697754,134.52678732015247,87.2300033569336,89.48044867408069,119.40299284035824,30.06599998474121,130.5345467103143,85.20999908447266,87.59602186498341,114.71975054236835,28.649999618530273,130.76070405901197,86.18000030517578,88.34979410199328,115.79133558352439,28.999000549316406,85928000,59267200,24745600,20392800,63762000
2022-12-22,130.02322387695312,83.79000091552734,87.04061889648438,116.20805358886719,29.774999618530273,132.31434056379908,85.68000030517578,87.8142238968935,117.69637391242856,29.88800048828125,128.12544063659777,82.25,85.61242039304902,113.48938301410328,29.08099937438965,132.10785363301125,85.5199966430664,87.43734154375588,116.2874249195991,29.80900001525879,77852100,81431300,27658300,23618100,78562000
2022-12-23,129.65940856933594,85.25,88.4985580444336,117.12089538574219,29.496000289916992,130.21006041152802,85.77999877929688,88.81593460502073,117.25980468548725,29.84600067138672,127.47645662054781,82.93000030517578,86.35626058532988,114.64036136173881,29.19099998474121,128.7350936895975,83.25,86.39593360126003,115.12654391084652,29.618000030517578,63814900,57433700,23003000,17796600,42511000
2022-12-27,127.85994720458984,83.04000091552734,86.67363739013672,115.96992492675781,28.41699981689453,129.2169213883547,85.3499984741211,88.21093460263191,117.67653356062343,29.35700035095215,126.57181200307966,83.0,86.29675508801945,115.14639337715077,28.21299934387207,129.1874232542848,84.97000122070312,88.07208282991216,117.01175225347482,29.319000244140625,69007800,57284000,20097300,21392300,57781000
2022-12-28,123.9365234375,81.81999969482422,85.31487274169922,114.71974182128906,27.687999725341797,128.8432433891337,83.4800033569336,87.31831861670652,117.23004107638656,28.518999099731445,123.76936236246999,81.69000244140625,85.23553426923881,114.61059771715533,27.340999603271484,127.505939784758,82.80000305175781,86.26701007977196,115.34483367860929,28.191999435424805,85438400,58228600,19523200,19612500,59644000
2022-12-29,127.44696807861328,84.18000030517578,87.72494506835938,119.3236083984375,29.11199951171875,128.30244404039559,84.55000305175781,88.12166765847456,120.08760953159305,29.549999237060547,125.59834568207035,82.55000305175781,85.90003174742517,114.86856393098249,28.10099983215332,125.8540011982905,82.87000274658203,85.90995189306291,115.49366333718959,28.31800079345703,75703700,54995900,23333500,22366200,95885000
2022-12-30,127.76160430908203,84.0,87.50675201416016,119.40298461914062,29.488000869750977,127.78127473228464,84.05000305175781,87.57617789768041,119.48236352635037,29.500999450683594,125.30333405560762,82.47000122070312,85.86035596660308,116.823230694738,28.32200050354004,126.26698223669045,83.12000274658203,86.2669986892601,117.23996617259452,28.55299949645996,77034200,62401200,23986300,19583800,75669000
2023-01-03,122.98271942138672,85.81999969482422,88.38946533203125,123.76873016357422,29.4950008392334,128.7154174535332,86.95999908447266,90.30364497529531,125.38604327854202,29.839000701904297,122.09773792777466,84.20999908447266,87.79437761826055,121.32788546177093,28.8700008392334,128.10576937065363,85.45999908447266,88.85560627643153,121.86368174801889,29.805999755859375,112117500,76706000,28131200,35528500,67640000
2023-01-04,124.25118255615234,85.13999938964844,87.35798645019531,126.37825775146484,30.94099998474121,126.51280092971427,86.9800033569336,89.90691916874918,128.04517701826012,31.11400032043457,122.9925456360047,83.36000061035156,86.55462109181812,124.87008873532221,29.551000595092773,124.77233620258212,86.55000305175781,89.60937532240884,126.38817443776281,29.823999404907227,89113600,68885100,34854800,32397100,93451000
2023-01-05,122.93354797363281,83.12000274658203,85.4933853149414,125.95159912109375,30.969999313354492,125.63765344479737,85.41999816894531,86.8521576681051,127.51929845470177,31.417999267578125,122.67789249421179,83.06999969482422,85.195849060361,123.57028492333293,30.454999923706055,125.0083349534918,85.33000183105469,86.75297891657829,125.14790094273111,30.700000762939453,80962700,67930800,27194400,25447100,83284000
2023-01-06,127.456787109375,86.08000183105469,86.62405395507812,129.00762939453125,31.55500030517578,128.11560378272642,86.4000015258789,86.97119099271035,129.3152132188516,31.677000045776367,122.80572954739813,81.43000030517578,84.16438721912351,125.0586155413681,30.368999481201172,123.90704074173942,83.02999877929688,86.0785669486724,127.96580198249362,31.156999588012695,87754700,83303400,41381500,27584500,89598000
2023-01-09,127.97789764404297,87.36000061035156,87.29847717285156,128.46189880371094,31.517000198364258,131.18350053047544,89.4800033569336,89.31184316795068,131.91479796779146,32.16999816894531,127.72224223148623,87.08000183105469,87.13979266316744,128.2733757932046,31.32200050354004,128.29256430946583,87.45999908447266,87.63569405206921,130.13874224666318,31.683000564575195,70790800,65266100,29003900,26649100,67666000
2023-01-10,128.54824829101562,89.87000274658203,87.6951904296875,131.95448303222656,32.75400161743164,129.06940194282927,90.19000244140625,87.94314109765213,132.40097609349974,32.935001373291016,125.98180587179891,87.29000091552734,85.12642514166373,126.15995207065836,31.10700035095215,128.08609090104719,87.56999969482422,85.2751970558133,126.27901284967068,31.10700035095215,63896200,67756600,30467800,28684400,130723000
2023-01-11,131.26222229003906,95.08999633789062,90.76978302001953,131.85523986816406,32.72600173950195,131.2818777117784,95.26000213623047,90.8491290549015,132.807771406379,32.88800048828125,128.2827904454057,90.93000030517578,88.28036360214634,129.32509263663155,32.1349983215332,129.05959971999454,90.93000030517578,88.44896825112974,129.94027524796888,32.650001525878906,69458900,103126200,26862000,25423000,95797000
2023-01-12,131.1835479736328,95.2699966430664,90.38298797607422,135.6455078125,33.01300048828125,132.019353473187,97.19000244140625,91.1169275086837,136.6079409330704,33.29499816894531,129.2464237509339,93.5,89.0143028128799,130.7340391084851,32.31399917602539,131.6457054280313,96.93000030517578,90.73012501545803,132.40096558220534,33.25,71379600,85254800,30258100,30757700,108562000
2023-01-13,132.51101684570312,98.12000274658203,91.3648681640625,135.91343688964844,33.28200149536133,132.66835024455597,98.37000274658203,91.4342940509324,136.32024816569393,33.665000915527344,129.46276101465787,94.12000274658203,89.3911753274604,133.79010004441014,32.888999938964844,129.82658137088367,94.18000030517578,90.1052744877532,133.91909267827347,32.99700164794922,57809700,85549400,26329200,22423800,82868000
2023-01-17,133.6713409423828,96.05000305175781,90.54167175292969,134.3060302734375,32.62200164794922,134.99880219906714,98.88999938964844,91.49380146174484,135.68520653868867,33.25,131.8915498844567,95.7300033569336,89.3118384915669,133.20467259831045,32.36000061035156,132.57986479579003,98.68000030517578,91.30535652243567,135.11963753309317,33.108001708984375,63646600,72755000,32602400,21147600,92470000
2023-01-18,132.9535369873047,95.45999908447266,90.37306213378906,131.9842529296875,32.632999420166016,136.29678964484992,99.31999969482422,92.03929092426317,136.1813120791631,33.007999420166016,132.77653313848788,95.37999725341797,89.8969935221448,131.7659647337358,32.125,134.5366688937393,97.25,91.38469752910905,134.75252212019842,32.67499923706055,69672800,79570400,29116700,20215500,78141000
2023-01-19,133.0124969482422,93.68000030517578,92.28726196289062,135.0898895263672,31.577999114990234,133.9761376268957,95.44000244140625,92.84266916002713,136.37977036748882,32.48899841308594,131.53753029546903,92.86000061035156,89.88709321771738,131.1111180301182,31.339000701904297,131.84235433638028,94.73999786376953,89.9763594126032,131.45839888195158,32.25699996948242,58280400,69002700,37000400,28625200,180082000
2023-01-20,135.5691375732422,97.25,97.21649932861328,138.28480529785156,34.25,135.71664328535326,97.3499984741211,97.49421044649547,138.85037431994746,34.400001525878906,131.98005697399077,93.19999694824219,94.24109116727796,133.56187398797255,33.26300048828125,133.02236465468775,93.86000061035156,94.3204372009586,134.831906191301,33.67900085449219,80223600,67481500,63191100,28688600,284303000
2023-01-23,138.7550048828125,97.5199966430664,98.97200012207031,142.15443420410156,35.742000579833984,140.92812862349226,97.77999877929688,99.21995081656387,142.6406091357408,36.224998474121094,135.5985702195713,95.86000061035156,96.70077085248677,137.5803293049433,34.0629997253418,135.81489982286553,97.55999755859375,97.1470790758333,138.20541352276183,34.172000885009766,81760300,76501100,40005100,27470100,156469000
2023-01-24,140.15133666992188,96.31999969482422,96.89913177490234,142.0254364013672,36.382999420166016,140.77082749424633,98.08999633789062,98.79347877926642,143.87095407300617,36.564998626708984,137.95855701188813,96.0,96.40323036854797,140.25929762463457,35.513999938964844,137.96838472187488,96.93000030517578,97.29585441335684,140.58672988863236,35.75299835205078,66435100,66929500,33078500,21970200,117965000
2023-01-25,139.4925079345703,97.18000030517578,94.43946075439453,140.39822387695312,36.79600143432617,140.0529874380773,97.23999786376953,95.37175777745863,142.05521876598272,36.88999938964844,136.49340619294276,91.5199966430664,92.99142962152443,139.21748727495543,35.849998474121094,138.53869500355867,92.55999755859375,94.78659020973076,140.12040528118638,36.05699920654297,65799300,94261600,42330000,26622000,77669000
2023-01-26,141.5574493408203,99.22000122070312,96.72061157226562,146.15306091308594,36.48699951171875,141.8426029112318,99.48999786376953,96.77020474200492,146.36141728300726,36.902000427246094,139.53181620357194,96.91999816894531,94.59815405733514,142.18420665958723,36.16999816894531,140.78062529691158,98.23999786376953,95.70897598453968,143.2756324953129,36.87699890136719,54105100,68523600,30114000,25482100,82568000
2023-01-27,143.49456787109375,102.23999786376953,98.55545043945312,150.55850219726562,36.07699966430664,144.77287517943125,103.48999786376953,99.49766010597479,151.99720893784095,36.59199905395508,140.69214050710963,99.52999877929688,96.51233145386189,146.24236683556117,36.058998107910156,140.77080718806803,99.52999877929688,96.51233145386189,147.08575448002523,36.31999969482422,70555800,87775600,33879800,35771900,67035000
2023-01-30,140.6134490966797,100.55000305175781,96.14535522460938,145.91493225097656,35.31100082397461,143.12089472125817,101.73999786376953,97.48428734322064,149.9433171179442,36.095001220703125,140.46595847340612,99.01000213623047,95.60978086379407,145.80578814738973,35.2859992980957,142.54074493087208,101.08999633789062,96.68092958542469,148.24664030943237,35.84400177001953,64015300,70691900,27226200,28040100,51276000
2023-01-31,141.88197326660156,103.12999725341797,98.02978515625,147.81005859375,35.38600158691406,141.93114182979278,103.3499984741211,98.0694581762873,148.71297658740454,35.595001220703125,139.90552306108117,101.13999938964844,96.02634682892345,146.37135192714462,34.87099838256836,140.31851198443744,101.16000366210938,96.07593999568378,146.79799650042315,34.99800109863281,65874500,66527300,29870700,29842100,56607000
2023-02-01,143.00289916992188,105.1500015258789,99.60675048828125,151.927734375,36.19900131225586,144.1632138517995,106.23999786376953,100.36052269702401,152.38415927092325,36.53900146484375,138.96150571314269,101.23999786376953,96.78011416406397,145.91492266683247,34.99100112915039,141.56727363630213,102.52999877929688,97.90084854753133,146.87737102434204,35.38600158691406,77663600,80450100,35531100,55661000,80052000
2023-02-02,148.30299377441406,112.91000366210938,106.85682678222656,187.30018615722656,36.68899917602539,148.65697138188685,114.0,106.9659256907038,195.6248585732531,36.832000732421875,145.6972102432423,108.87999725341797,104.74428963661705,178.75722551393994,35.84299850463867,146.41502317640206,110.25,104.93273458159672,181.9521548693141,36.51599884033203,118339000,158154200,69883800,150475700,78570000
2023-02-03,151.9215850830078,103.38999938964844,103.92108917236328,185.07762145996094,36.59000015258789,154.75352622762708,108.77999877929688,106.92625024321528,195.23789526478814,37.94300079345703,145.3629009773319,102.5199966430664,101.73912618609937,181.4659641739447,35.900001525878906,145.5595602225663,105.26000213623047,102.08625562934304,182.04144994050517,35.90800094604492,154357300,144374800,65309300,76809700,94020000
2023-02-06,149.19778442382812,102.18000030517578,102.05650329589844,184.61126708984375,36.14799880981445,150.54493079230497,103.94999694824219,103.50453438595648,189.215137765212,36.845001220703125,148.26364190831887,100.6500015258789,101.0448602652804,184.075478386839,36.06800079345703,150.02377712562708,102.93000030517578,101.56060192669277,185.0776087109676,36.36399841308594,69858300,81945200,31999600,42483800,49949000
2023-02-07,152.0690460205078,102.11000061035156,106.75763702392578,190.1279754638672,36.29499816894531,152.63936822302708,102.41000366210938,107.29321136487101,192.2711605893038,36.417999267578125,148.12597415973434,98.08000183105469,102.27469235924704,182.9641916734573,35.417999267578125,148.12597415973434,101.16999816894531,102.37387111123238,184.13501165753016,35.85100173950195,83322600,119501300,49010200,47080700,62894000
2023-02-08,149.38462829589844,100.05000305175781,98.55545043945312,182.0017547607422,36.68299865722656,152.00023955919008,102.66999816894531,102.29454379804132,189.3441453472471,36.819000244140625,148.64714493246836,98.77999877929688,97.23635085283868,181.49573121569117,35.83100128173828,151.3119247541495,102.04000091552734,101.21348233996603,188.52060614570775,36.00199890136719,64120100,75878300,94743500,36139100,62532000
2023-02-09,148.35215759277344,98.23999786376953,94.23118591308594,176.53466796875,36.25,151.75442098443708,101.77999877929688,99.21003262732542,185.1966897369062,37.382999420166016,147.90967054867934,97.56999969482422,92.86249320969232,175.8897350894869,36.17399978637695,151.21359681759392,101.31999969482422,99.18027975409596,184.68074948948782,37.24100112915039,56007100,64622500,119455000,37118800,69011000
2023-02-10,148.71653747558594,97.61000061035156,93.7947769165039,172.7939910888672,34.736000061035156,149.04152741969745,98.81999969482422,95.95690701020914,177.4970889680082,36.2140007019043,146.95372962642622,96.2300033569336,93.47740036911846,172.00023232679908,34.7140007019043,147.19009004770194,97.55999755859375,94.66756053010047,174.97687310448828,35.91600036621094,57450700,52740100,54980700,33433600,72911000
2023-02-13,151.5133819580078,99.54000091552734,93.83445739746094,178.0328826904297,35.856998443603516,151.9171435900277,99.68000030517578,94.4196173792314,179.59066534207818,35.970001220703125,148.62787403653363,96.91000366210938,93.07076505379771,174.45100605417406,34.42499923706055,148.6574172040706,97.8499984741211,93.96338902898977,176.83231268780145,34.95000076293945,62199000,52841500,50076100,31463200,71344000
2023-02-14,150.8732452392578,99.69999694824219,93.90389251708984,178.08248901367188,35.99599838256836,151.4345954776921,100.91999816894531,94.07249718262943,180.09668136890622,36.375,148.56878800441328,97.5199966430664,91.50373147763352,174.51052921137415,35.34000015258789,149.80964612462722,98.41000366210938,93.65594180887688,175.78056138196592,35.755001068115234,61707600,56202900,54726100,24034600,46248000
2023-02-15,152.97091674804688,101.16000366210938,96.14535522460938,175.78057861328125,36.141998291015625,153.13833305811258,101.16999816894531,96.32388001154781,176.80255748917412,36.28799819946289,150.5581292969133,98.44999694824219,93.37822481049062,173.96482576796248,35.42399978637695,150.78463194852628,99.08999633789062,93.7154340931221,175.04633504206592,35.66299819946289,65573800,47957600,50169000,25308900,39660000
2023-02-16,151.37551879882812,98.1500015258789,94.72708129882812,171.0973358154297,35.07099914550781,153.95572244720177,100.62999725341797,96.87929141683016,174.48078822465834,36.150001525878906,151.02098573800205,98.0999984741211,93.96338895576008,170.45238781526533,35.03099822998047,151.17854429955682,99.20999908447266,94.58822952133472,171.40491964536324,35.5,68167900,56339200,42462600,25827500,52157000
2023-02-17,150.23313903808594,97.19999694824219,93.57657623291016,171.53390502929688,34.79600143432617,150.67630162569367,97.94000244140625,94.77665650213203,171.83155701990117,34.900001525878906,148.55896091432058,95.6500015258789,92.44592184482165,168.37865766907873,34.24399948120117,150.03617955770974,97.80000305175781,94.07247754582102,168.8946130194248,34.79100036621094,59144100,60029400,34284100,24171300,52947000
2023-02-21,146.22496032714844,94.58000183105469,91.03756713867188,170.7401123046875,33.75,149.00213887625634,95.61000061035156,92.33682620286696,176.78268928982402,34.41299819946289,146.15603126407484,94.2699966430664,90.96814125509322,170.54167261942416,33.641998291015625,147.9188390818426,95.33999633789062,92.23764745016229,172.95274431832965,34.28499984741211,58867200,56580400,33629300,34592600,57103000
2023-02-22,146.64840698242188,95.79000091552734,90.89871215820312,169.78759765625,33.487998962402344,147.67260518894304,97.01000213623047,91.35494045799983,171.41482746265243,34.191001892089844,144.92498541296462,94.80000305175781,89.8672365194592,168.36873938126783,33.28200149536133,146.60900607426132,95.0999984741211,90.9482977493757,169.7379990849405,33.75,51011300,59534100,30884000,22433200,45462000
2023-02-23,147.13096618652344,95.81999969482422,90.14495849609375,170.700439453125,32.3650016784668,148.05669224456878,96.43000030517578,91.18635449298117,172.33760115330253,33.12799835205078,145.00378282832062,93.66999816894531,89.0242240237194,168.06116249947036,31.43000030517578,147.81048914517564,96.12000274658203,91.16651419896813,170.6607575664448,33.12300109863281,48394200,48467000,41206400,20017800,132387000
2023-02-24,144.48184204101562,93.5,88.39936828613281,169.0632781982422,31.71500015258789,144.9545478123535,94.13999938964844,89.15314042580724,169.39071050981784,32.150001525878906,143.50687229977612,92.31999969482422,87.8538813637116,166.35453925336142,31.45199966430664,144.87576101262292,93.52999877929688,88.70683225593044,167.32690436229686,31.93000030517578,55469600,57053800,36585100,19791300,68307000
2023-02-27,145.67343139648438,93.76000213623047,89.13330841064453,168.21987915039062,32.303001403808594,146.90444675275575,94.77999877929688,89.4209320921076,171.7720054876957,33.0,145.2105684203629,93.13999938964844,88.60764664095792,167.74362088404132,32.21200180053711,145.46662923177482,94.27999877929688,89.13330841064453,170.54167037129523,32.387001037597656,44998500,47470300,27502300,19277000,61426000
2023-02-28,145.17120361328125,94.2300033569336,89.3217544555664,173.57785034179688,32.2130012512207,146.8158385647427,94.69000244140625,90.48216943962086,176.16752845436773,32.762001037597656,144.6000106018143,92.91999816894531,88.58782252932733,170.53174730970196,32.117000579833984,144.8166705381309,93.13999938964844,88.59774267568118,170.5615125066298,32.369998931884766,50547000,43959300,30142000,46051100,36761000
2023-03-01,143.1031036376953,92.16999816894531,89.61930084228516,172.06967163085938,31.347999572753906,144.99394185647634,94.68000030517578,90.28380689652273,176.4651855200996,32.65999984741211,142.80765687884437,91.58999633789062,88.93495449477956,171.7025574629913,31.236000061035156,144.600022862706,93.87000274658203,89.24241850559551,173.23055966490836,32.154998779296875,55479000,52299500,31111200,30998400,49113000
2023-03-02,143.69398498535156,92.12999725341797,91.245849609375,173.1710205078125,31.187999725341797,144.481837933212,92.2300033569336,91.52355315835904,173.64727874742002,31.55699920654297,141.71450238763347,90.38999938964844,88.85560143860462,170.09515260956596,31.038000106811523,142.1872231725768,91.41000366210938,88.92503489270483,171.03776754417396,31.09600067138672,52238100,55509400,32204400,17352000,49110000
2023-03-03,148.73623657226562,94.9000015258789,92.88233947753906,183.8075714111328,31.51799964904785,148.81502337863614,94.94000244140625,92.96168552249127,185.16689921321293,31.749000549316406,145.09243318314816,92.66000366210938,91.69217150382201,175.67142283010665,31.082000732421875,145.79164167073546,92.73999786376953,91.72193194582057,177.52685743761492,31.545000076293945,70732300,55759600,35160100,45877700,59533000
2023-03-06,151.49371337890625,93.75,94.35018920898438,183.46029663085938,31.202999114990234,153.926201531547,96.55000305175781,95.1833074213031,188.183243263601,32.33000183105469,151.1293375512549,93.73999786376953,93.22945486919875,183.20232653393649,31.18400001525879,151.4543124625378,95.19000244140625,93.2492875940104,186.5361649817629,31.700000762939453,87558000,52112400,32639300,33209400,56607000
2023-03-07,149.29754638671875,93.55000305175781,93.09061431884766,183.0733184814453,30.847000122070312,151.69063299374776,95.08999633789062,94.8857750214838,188.87777386268286,31.43000030517578,148.83468341689917,92.77999877929688,92.76331756858707,182.5772117015097,30.66200065612793,151.3656431408717,94.05999755859375,94.20143621358584,187.5283628156589,31.26799964904785,56182000,49100700,27835500,36701500,45531000
2023-03-08,150.54824829101562,93.91999816894531,93.47740936279297,183.52975463867188,31.179000854492188,151.13914166926784,94.16999816894531,95.1733911604508,183.81748992709475,31.183000564575195,149.52405013269365,92.18000030517578,93.229458674828,179.92801435060838,30.575000762939453,150.48916195859897,93.5999984741211,93.3484777291188,181.44609997913568,30.929000854492188,47204800,44899100,34103300,19432400,34795000
2023-03-09,148.3029022216797,92.25,91.56322479248047,180.27529907226562,29.777999877929688,152.1929083670859,96.20999908447266,94.74691054558716,187.45891615214956,31.250999450683594,147.9483691410299,92.18000030517578,91.14666947529359,178.89612271521787,29.488000869750977,151.2277963802791,93.68000030517578,93.27904678973223,184.89901827847535,31.20800018310547,53833600,56218700,28813500,26582800,74434000
2023-03-10,146.24462890625,90.7300033569336,89.8870849609375,178.11224365234375,29.275999069213867,148.64757336129242,93.56999969482422,92.02938263914514,183.33129646086596,29.878999710083008,145.3681465462101,90.25,89.65897455457669,177.40778053102633,28.899999618530273,147.92866457828165,92.66999816894531,91.41446217961779,179.60056393340946,29.790000915527344,68572400,69827500,35941000,25665000,57593000
2023-03-13,148.1847381591797,92.43000030517578,90.36315155029297,179.491455078125,29.35099983215332,150.81418573238946,94.0199966430664,91.81118269560834,182.3490354235612,29.923999786376953,145.45680332509693,88.12000274658203,88.687002437022,173.45880901106162,28.533000946044922,145.56513330123872,89.97000122070312,89.35150848107031,176.5743594721353,28.733999252319336,84457100,72397100,37335600,24728000,62924000
2023-03-14,150.2725372314453,94.87999725341797,93.19970703125,192.50929260253906,29.493999481201172,151.07023295988367,95.06999969482422,93.58650950422467,192.8069597193349,29.7450008392334,147.82036369988242,92.70999908447266,91.6822500116025,185.10737226611835,29.0310001373291,148.98243524821328,93.83000183105469,91.80126150060728,186.1194344072328,29.597000122070312,73695900,60912700,36050200,41642600,59567000
2023-03-15,150.6664581298828,96.19999694824219,95.32215881347656,196.2102508544922,30.378999710083008,150.92250395033966,96.66999816894531,96.13543673086967,196.24001605303158,30.631000518798828,147.64307677577528,93.06999969482422,91.88060220810499,189.35405084464165,29.22800064086914,148.8937927615987,93.22000122070312,92.45584959444147,191.4476222684607,29.250999450683594,77167900,70731800,50622100,42123600,92153000
2023-03-16,153.4830322265625,100.04000091552734,99.49765014648438,203.33432006835938,31.006000518798828,154.08376844517147,100.98999786376953,100.36052125064333,204.15785915002033,31.65999984741211,149.33696504123728,95.61000061035156,94.71716126290511,194.56315572437018,30.17099952697754,149.84907174243986,95.75,95.41142015117943,196.71625735908384,30.475000381469727,76161100,84446900,65492000,50447100,79037000
2023-03-17,152.6459197998047,98.94999694824219,100.78700256347656,194.08689880371094,30.350000381469727,154.35949876084172,100.66000366210938,101.9969956149556,200.3279155543498,31.076000213623047,151.93685367986137,97.45999908447266,99.27945808045726,193.9082924866934,30.0,153.70951897971963,99.79000091552734,99.43815015945079,198.99835299201646,31.006000518798828,98944600,87300200,61028500,50141100,69188000
2023-03-20,155.00942993164062,97.70999908447266,100.3902816772461,196.269775390625,30.51300048828125,155.42306426786277,98.4800033569336,100.9159359560501,197.80770954247785,30.75,151.80879037120235,95.69999694824219,99.05134939660562,192.13224637743252,29.600000381469727,152.71483079364575,98.41000366210938,99.29930009920032,196.9345567047852,29.979000091552734,73641400,62388900,32960400,25186300,51134000
2023-03-21,156.8609161376953,100.61000061035156,104.05994415283203,200.58590698242188,30.57900047302246,156.9790888157361,100.8499984741211,104.23846895297474,201.9650832943874,30.79199981689453,154.1625247817563,98.0,100.39027695383191,196.4086810237472,30.042999267578125,154.93069227015488,98.13999938964844,100.4200298260466,201.61780247498058,30.631999969482422,73938300,58597300,42110300,31827000,48863000
2023-03-22,155.43296813964844,98.69999694824219,102.52264404296875,198.25421142578125,29.389999389648438,159.6775078686916,102.0999984741211,105.71624226306058,205.75534436543967,30.645000457763672,155.41326768087632,98.61000061035156,102.48297102840904,198.1153021172683,29.354000091552734,156.880643804934,100.44999694824219,103.41526038657393,200.9232686264753,30.631000518798828,75701800,57475400,43427400,28477800,58080000
2023-03-23,156.5162353515625,98.70999908447266,104.734375,202.6894073486328,32.0369987487793,159.0964541870748,101.05999755859375,105.42864150563719,206.2613826175449,32.27799987792969,155.28521978995877,97.62000274658203,103.60372040435178,200.5759873861949,30.413999557495117,156.41776312286146,100.43000030517578,104.19880057571585,201.26061724106796,30.468000411987305,67622100,57559300,40797800,27389700,156533000
2023-03-24,157.81619262695312,98.12999725341797,104.57568359375,204.40594482421875,32.8390007019043,157.90482213956633,98.30000305175781,104.62526919076385,205.96372764565962,33.18299865722656,155.45264879499626,96.4000015258789,102.98879315221856,201.96510752970553,32.0629997253418,156.44730394409444,98.06999969482422,104.12936781949888,203.58240561249892,32.0629997253418,59196500,56095400,30393300,27716400,129917000
2023-03-27,155.87612915039062,98.04000091552734,101.6201171875,201.2606201171875,32.76599884033203,158.3283178086609,99.33999633789062,103.90126672624382,204.25710968337523,33.64400100708008,155.4723523985585,97.08000183105469,101.0944628976051,199.79214810341801,32.441001892089844,157.51092158923748,99.06999969482422,103.7624149352095,203.21528228672267,32.755001068115234,52390300,46721300,31120900,18527200,86258000
2023-03-28,155.25570678710938,97.23999786376953,100.20182800292969,199.117431640625,32.35200119018555,156.08296082580924,98.44000244140625,101.61018605507579,199.4647124804403,33.332000732421875,153.61107148047543,96.29000091552734,98.92240158084621,196.35907885459528,32.12799835205078,155.57085404509948,98.11000061035156,101.60027347597008,198.59155960774748,32.60599899291992,45992200,38720100,32057900,19127300,64894000
2023-03-29,158.32830810546875,100.25,100.55887603759766,203.75106811523438,33.202999114990234,158.60405440029712,100.41999816894531,101.64985750388202,204.1181823011788,33.28499984741211,156.92987617396892,98.55999755859375,99.8249441518215,200.962935191242,32.573001861572266,156.94956160428092,98.69000244140625,101.44157984306125,201.9749972989551,32.62900161743164,51305700,49783300,28779600,18851100,62873000
2023-03-30,159.89414978027344,102.0,100.06298065185547,206.2216796875,33.84299850463867,160.00247975071784,103.04000091552734,100.33077163663715,206.4697330979613,34.32899856567383,158.82070781762587,101.01000213623047,98.96207897409658,201.24077810622202,33.529998779296875,159.07675364456477,101.55000305175781,100.0828209446528,201.7964153232587,34.027000427246094,49501700,53633400,33086200,22608300,71315000
2023-03-31,162.3955535888672,103.29000091552734,102.87969970703125,210.28976440429688,34.54800033569336,162.4940408365555,103.48999786376953,103.0383842078249,210.51796930568898,34.58399963378906,159.45097422374334,101.94999694824219,100.2117479628211,205.1600216261787,33.720001220703125,159.9729235769942,102.16000366210938,100.46961878932184,205.62636325509658,34.005001068115234,68749800,56750300,36863400,25440300,56102000
2023-04-03,163.64627075195312,102.41000366210938,103.50452423095703,211.41098022460938,34.827999114990234,163.76444342844442,103.29000091552734,103.67312886389983,211.82770816161158,34.858001708984375,161.725889623748,101.43000030517578,101.09444351040028,206.57888921274505,34.040000915527344,161.7751332479675,102.30000305175781,101.55067181728566,207.21390537484075,34.18299865722656,56976200,41135700,25035400,17924600,44137000
2023-04-04,163.114501953125,103.94999694824219,103.86158752441406,213.04811096191406,34.67499923706055,164.3061166832112,104.19999694824219,104.71453851392779,214.5562799124581,34.97999954223633,162.60239523685718,102.11000061035156,103.18716133658586,210.885077384689,34.39500045776367,164.06977129650792,102.75,103.47478504857116,211.72846502268536,34.8489990234375,46278300,48662500,24420100,21026400,32981000
2023-04-05,161.2729034423828,101.0999984741211,103.61363983154297,209.83334350585938,34.23500061035156,162.54332009164784,103.91000366210938,105.2302756731111,213.51446289742063,34.542999267578125,159.34267919173706,100.75,102.8102819841236,208.3053411097266,33.625,162.23803059475318,103.91000366210938,104.91289907946413,212.48255219823199,34.529998779296875,51511700,45175400,28290500,19396600,42055000
2023-04-06,162.15921020507812,102.05999755859375,107.53126525878906,214.41738891601562,33.93299865722656,162.45465692468338,102.37999725341797,108.27511741066256,215.25084479932204,34.04800033569336,159.5396056660462,99.80000305175781,103.4747951559961,207.0253846600838,33.26300048828125,159.96306777674639,100.75,104.39717212699348,207.6207189424339,33.933998107910156,45390100,43808000,48711500,26104400,46605000
2023-04-10,159.56915283203125,102.16999816894531,105.5674819946289,213.07786560058594,33.89899826049805,159.56915283203125,102.19999694824219,106.70804904814693,213.98078358899562,33.987998962402344,157.64877164706385,99.56999969482422,104.2583027310059,209.0197157053964,33.33599853515625,158.96841666370352,100.95999908447266,106.10305636159114,213.0381837191073,33.527000427246094,47716900,37261200,27067400,16106100,26579000
2023-04-11,158.35784912109375,99.91999816894531,104.48641204833984,212.18490600585938,33.82099914550781,159.89415417908276,101.0,105.85510460555605,214.33800792014068,34.7140007019043,158.07224508795338,99.01000213623047,103.82190606100231,211.74832955504112,33.763999938964844,159.88431146406083,100.80000305175781,105.67657981839106,213.80220404323478,34.345001220703125,47644200,60417800,26311800,16710100,40448000
2023-04-12,157.6685028076172,97.83000183105469,103.78223419189453,212.33372497558594,33.10300064086914,159.5987270827998,100.51000213623047,105.87493849967197,215.15160815942397,34.279998779296875,157.35335556356011,97.70999908447266,103.48469035438097,210.92478338366692,33.00400161743164,158.77148810772155,100.4000015258789,105.70633385627954,213.16718082320352,34.08100128173828,50133100,56735000,24370300,18972200,39654000
2023-04-13,163.04554748535156,102.4000015258789,106.54936981201172,218.63427734375,34.61899948120117,163.28190788405584,102.56999969482422,106.6088755556612,219.42803612820578,34.643001556396484,158.96842452673738,98.70999908447266,104.97239950361016,214.0105582384014,33.875,159.1752417539843,98.94999694824219,104.97239950361016,214.05024012163284,33.999000549316406,68445600,67925100,24843600,23310400,74064000
2023-04-14,162.70086669921875,102.51000213623047,107.97756958007812,219.765380859375,33.862998962402344,163.794009087704,103.19999694824219,108.04699547084493,220.38054840499984,34.48500061035156,161.33197803499354,101.11000061035156,105.96420361413152,215.85605711722883,33.64099884033203,162.09027277975596,102.06999969482422,106.01379677904549,216.18348939989343,34.29399871826172,49386500,51450500,26578000,21591200,53505000
2023-04-17,162.7205352783203,102.73999786376953,105.10134887695312,217.15586853027344,33.27199935913086,162.8781088558677,103.7300033569336,105.28979383922241,219.25935651194632,33.8390007019043,161.53876350080176,101.58999633789062,103.66323020910507,215.4393432459834,32.75,162.58266215472722,103.16000366210938,103.80208956915179,218.0786199086563,33.79999923706055,41516200,39919500,37571200,15481900,61360000
2023-04-18,163.9417266845703,102.30000305175781,103.64338684082031,216.1934356689453,33.369998931884766,164.8674527745674,104.19999694824219,105.66666534841484,218.7235835521437,33.71900177001953,163.13417327770642,101.5199966430664,103.2169113578442,214.52652397270768,33.04999923706055,163.5773508935462,103.94999694824219,105.61707218442865,218.19771151892738,33.5,49923000,39790500,26596400,12281000,179445000
2023-04-19,165.08413696289062,104.30000305175781,103.32601165771484,214.0204620361328,32.3120002746582,165.60608642613127,105.12000274658203,104.11945689106093,215.63777498502634,32.57500076293945,163.02586725800396,101.38999938964844,102.22510999070306,211.27202623352866,31.610000610351562,163.2819281451353,101.58000183105469,102.73093151613256,211.80783003474696,32.42100143432617,47720200,58398900,20905700,15898100,221283000
2023-04-20,164.11898803710938,103.80999755859375,104.42691802978516,211.41098022460938,32.53499984741211,165.32046042282218,105.25,105.37904781258688,215.06231937166476,33.143001556396484,163.04554607797024,103.20999908447266,103.01855986565269,211.11331308675648,31.83300018310547,163.56749547193866,103.52999877929688,103.05823288579296,211.81777633502944,32.03900146484375,52456400,57696900,27820800,16475400,99478000
2023-04-21,162.51373291015625,106.95999908447266,104.54593658447266,211.23236083984375,32.79800033569336,163.92200731179602,108.1500015258789,105.13109660328743,211.74831617092386,32.82899856567383,161.99178358382397,105.08000183105469,103.92109597885471,207.9481361196577,31.950000762939453,162.54327607753027,106.0999984741211,104.60544233096776,208.5732355565436,32.29999923706055,58337300,86774200,25800100,17717200,63480000
2023-04-24,162.81906127929688,106.20999908447266,105.10134887695312,211.1331329345703,32.902000427246094,163.08496487632468,109.2300033569336,105.7559348210195,212.2543391879995,33.465999603271484,161.400928797878,105.06999969482422,103.84175502418775,209.0693418949524,32.67499923706055,162.49407133338445,107.66000366210938,104.62528018111423,212.01620246497654,33.02000045776367,41949600,69575600,23542800,15750900,55866000
2023-04-25,161.28274536132812,102.56999969482422,102.99871063232422,205.93394470214844,32.255001068115234,163.78416246885476,105.44999694824219,105.8154342829649,209.61504884053275,32.86600112915039,161.24334444666383,102.44999694824219,102.98879048643646,205.51721678874523,32.11000061035156,162.68117729099055,104.91000366210938,104.96248334111876,209.1784875550475,32.849998474121094,48714100,65026800,46664100,19198200,54266000
2023-04-26,161.2729034423828,104.9800033569336,102.85986328125,207.76951599121094,32.1150016784668,162.76982277852977,106.62000274658203,105.47822196102051,212.44284857850462,32.59000015258789,160.327491776325,104.0999984741211,101.788714484929,207.25357583437997,32.047000885009766,160.58353763858076,105.04000091552734,104.05994371224027,210.84538412144423,32.13600158691406,45498800,73803800,53347600,41992700,46232000
2023-04-27,165.85227966308594,109.81999969482422,106.70805358886719,236.70248413085938,32.584999084472656,165.99999552987848,110.86000061035156,107.48166608530138,239.8081176766573,32.744998931884766,162.68118215487013,106.80000305175781,102.6912570160058,234.9264283723866,31.743999481201172,162.68118215487013,108.16000366210938,103.59379357823073,238.02213009217323,32.43000030517578,64902300,149961200,50089200,71196500,56188000
2023-04-28,167.10296630859375,105.44999694824219,106.46009826660156,238.44876098632812,32.99300003051758,167.27039764589344,109.4800033569336,106.47001841232823,238.55788993942167,33.08100128173828,165.33031595199535,104.33000183105469,104.22854218991014,233.91433792146753,32.400001525878906,165.93105213681218,107.7300033569336,106.16256199648849,237.14894855431652,32.52399826049805,55275900,130715900,36139800,39554000,42284000
2023-05-01,167.0143280029297,102.05000305175781,106.32125091552734,241.28651428222656,32.4119987487793,167.86126725124362,105.2300033569336,107.1047759897289,242.10013676312872,33.12300109863281,166.07875924686118,101.81999969482422,105.9443685976354,234.61885231326877,31.80900001525879,166.70903856930101,104.94999694824219,105.96420132305943,236.76202234544346,32.944000244140625,52472900,74728100,26681700,29143900,53415000
2023-05-02,165.98028564453125,103.62999725341797,104.45665740966797,237.37718200683594,31.7549991607666,167.76280882251325,103.9000015258789,106.32124371426752,243.01294786638383,32.606998443603516,164.9954731830596,101.1500015258789,102.85985449785488,237.12912861217322,31.562000274658203,167.50674796522142,101.47000122070312,106.2617379751714,241.28649078913926,32.5,48425700,73469400,30997200,24350100,43186000
2023-05-03,164.90684509277344,103.6500015258789,104.54593658447266,235.1844024658203,31.93000030517578,168.32414556576836,105.95999908447266,106.60888065380296,239.86765214917628,32.46200180053711,164.6212560883793,103.27999877929688,104.09962078519486,230.93772921497737,31.584999084472656,166.925713661642,103.73999786376953,104.66494807746287,237.60540621704422,31.7549991607666,65136000,65051900,21795400,34463900,50641000
2023-05-04,163.2720184326172,104.0,103.83183288574219,231.70172119140625,32.077999114990234,164.50303376107877,105.38999938964844,104.73436945840507,236.3452735137011,32.361000061035156,161.8145004912906,103.30999755859375,103.117733691147,231.11630366840006,31.795000076293945,162.38569340694187,104.04000091552734,104.62527054996112,234.22193704205742,31.900999069213867,81235400,45345500,23419500,17889400,38797000
2023-05-05,170.9338836669922,105.66000366210938,104.70462036132812,230.9674835205078,32.2760009765625,171.65279246173276,105.76000213623047,105.01207680519784,232.85268332838044,32.415000915527344,168.16654839153733,103.55000305175781,103.25658919423994,228.0603049028967,31.944000244140625,168.38320830672657,104.2699966430664,103.9607682679493,230.43169483131584,32.361000061035156,113453200,56951700,26639300,27000500,39906000
2023-05-08,170.86492919921875,105.83000183105469,106.8865737915039,231.4536895751953,33.12099838256836,171.2096195052504,106.0999984741211,107.07501872614742,233.7853826412468,33.25600051879883,169.49604074216262,104.69999694824219,104.29797570257264,228.4770485325923,32.202999114990234,169.86041647416434,105.04000091552734,104.31780842718317,229.61808820959843,32.29899978637695,55962800,49430900,26511400,16400500,54886000
2023-05-09,169.1612548828125,106.62000274658203,106.47001647949219,231.5529022216797,33.2140007019043,170.90436226614003,106.79000091552734,109.24706701792465,234.04336825414188,33.63199996948242,168.9938385535857,105.16000366210938,106.31133198501676,229.2807395505276,32.9739990234375,170.42181373691182,105.4800033569336,107.50149217757128,229.65778559464076,33.06700134277344,45326900,44089400,36360100,16865600,55449000
2023-05-10,170.92405700683594,110.19000244140625,110.83395385742188,231.26516723632812,33.54199981689453,171.38692008917508,110.66999816894531,112.01420151452291,234.9065896390676,33.71099853515625,169.28926463206565,108.05000305175781,107.04526777320253,228.92354233696676,32.95100021362305,170.3922648627901,108.0999984741211,107.08494078998831,234.3311038856675,33.520999908447266,53724500,78627600,63153400,19119000,42899000
2023-05-11,171.1111602783203,112.18000030517578,115.61444854736328,233.95404052734375,34.47600173950195,171.93839911576495,113.27999877929688,116.95338077292648,236.35521078761784,34.547000885009766,169.5551548305296,110.48999786376953,113.4721584998331,230.49122471674158,33.183998107910156,171.20964753246403,111.02999877929688,114.45404112299883,231.23538492451843,33.49800109863281,49514700,74924800,78900000,20449000,80335000
2023-05-12,170.1841583251953,110.26000213623047,116.5467529296875,231.9894561767578,33.98899841308594,171.653548851867,112.63999938964844,117.06248707301147,235.11493805740562,34.81700134277344,168.6358569767775,109.31999969482422,115.15822745124665,229.64783150762847,33.736000061035156,171.21962961924467,112.16000366210938,115.7235547629223,234.89664985723425,34.47600173950195,45533100,49852700,41102300,16161400,60824000
2023-05-15,169.6910400390625,111.19999694824219,115.55493927001953,237.00015258789062,33.5890007019043,170.8152782783789,112.29000091552734,117.50879187706043,238.38924563922228,34.189998626708984,169.09932936665282,109.25,115.05903790038903,233.4976396213384,33.55400085449219,170.76596654770685,111.1500015258789,115.15821666094425,235.07525568820336,34.0620002746582,37266700,53011100,36266800,20653200,36530000
2023-05-16,169.6910400390625,113.4000015258789,118.53034210205078,236.96047973632812,33.375,170.7462388458725,114.79000091552734,119.76017532413435,237.77408708598546,33.516998291015625,169.4247687316954,111.05000305175781,115.47558798788296,233.68617154482772,33.191001892089844,169.6121442795527,111.05000305175781,115.5350937281414,233.95405833923843,33.400001525878906,42110300,71472900,45035600,18163800,33322000
2023-05-17,170.30247497558594,115.5,119.84944152832031,240.60186767578125,33.99599838256836,170.53914722242257,115.83000183105469,120.67263963270652,241.94134687586555,34.13800048828125,168.06385467134209,114.22000122070312,117.91542917883902,236.28573270445185,32.96200180053711,169.3360281894031,114.88999938964844,118.62952837460274,236.59331648061985,33.17599868774414,57951600,65655200,33323600,21193100,39588000
2023-05-18,172.6298828125,118.1500015258789,121.82312774658203,244.92794799804688,37.12900161743164,172.8172584115987,118.5999984741211,122.2991888062752,245.1660695868322,37.58700180053711,170.1940301198803,116.33999633789062,119.83952234186759,239.3120150495156,34.637001037597656,170.60822168470452,116.69000244140625,119.95853382336384,239.42115915770188,34.724998474121094,65496700,73174100,35234200,22943300,209252000
2023-05-19,172.73837280273438,116.25,121.75370788574219,243.72735595703125,36.5359992980957,173.95136353170963,118.30999755859375,124.93739380984856,246.753610562604,36.999000549316406,172.52141315393132,115.69999694824219,121.1487076020142,241.51472379688204,36.38100051879883,173.95136353170963,118.16000366210938,122.53723296740392,245.5431087203749,36.986000061035156,55809500,55056300,41353400,21733600,78597000
2023-05-22,171.7915802001953,115.01000213623047,124.02494049072266,246.386474609375,36.30099868774414,172.29453878279668,116.7699966430664,125.39362560112353,251.59559571740687,37.20100021362305,171.0519493884426,114.25,121.73387092669454,243.21137915535476,36.25,171.57462062492166,116.7699966430664,121.93223602252743,243.49912956161424,36.5359992980957,43570900,70741100,35253000,27738500,54064000
2023-05-23,169.1881103515625,114.98999786376953,121.55534362792969,244.81883239746094,35.5989990234375,170.9829553293692,117.13999938964844,123.60837503480265,249.65090863896125,36.41699981689453,168.9119826700276,113.77999877929688,121.20821417591823,244.72952165128783,35.430999755859375,170.7364116817252,114.2699966430664,123.14223409458985,244.88827948895036,36.02399826049805,50747300,67576300,34046300,17748100,68661000
2023-05-24,169.46424865722656,116.75,119.90895080566406,247.26956176757812,36.48500061035156,170.03623176135926,117.33999633789062,120.91067367529489,247.64659264626343,36.71500015258789,168.16250594092847,115.0199966430664,118.87747506501967,243.04272207618027,35.66299819946289,168.72461766792532,115.3499984741211,120.12714861556921,243.37015438607577,35.69300079345703,45143500,63487900,34182600,17724300,79733000
2023-05-25,170.59837341308594,115.0,122.46780395507812,250.7224578857422,35.900001525878906,171.49578098867764,116.87000274658203,124.2927173391139,253.6296364767489,36.744998931884766,169.3163432435991,114.30999755859375,120.96025957388359,247.22986176229892,35.742000579833984,170.02639025907388,116.62999725341797,123.49927213144791,251.4269210658252,35.96099853515625,56058300,66496700,42317000,22371400,62631000
2023-05-26,173.00460815429688,120.11000061035156,123.58854675292969,259.99969482421875,37.88800048828125,173.33991896491864,121.5,124.2332200823341,260.26758163108605,38.375999450683594,170.71669083708804,116.0199966430664,121.44624908602053,250.74233888741432,35.599998474121094,170.92379413047703,116.04000091552734,122.16034830832359,250.96061197968322,36.11000061035156,54835000,96779900,35635900,25727200,93604000
2023-05-30,174.8487548828125,121.66000366210938,122.65625,260.4759216308594,39.29800033569336,176.51539231960112,122.91999816894531,124.62994301273424,266.5581962700264,40.51100158691406,174.12885165758402,119.86000061035156,120.99994114625623,259.25551819647967,38.57899856567383,174.51345913931758,122.37000274658203,124.61010271936992,263.18467584953015,39.74800109863281,55964400,64314800,35076700,23816500,108650000
2023-05-31,174.7994384765625,120.58000183105469,121.86280059814453,262.6588134765625,39.52299880981445,176.87041104464083,122.04000091552734,123.04304066689512,262.93663210305795,39.625999450683594,174.3162075312564,119.16999816894531,121.49583087470042,256.43764444041886,38.89099884033203,174.87833424607143,121.44999694824219,121.7437815499549,257.97556357281155,39.18899917602539,99625300,72800800,37325800,25473700,69880000
2023-06-01,177.60020446777344,122.7699966430664,122.7058334350586,270.48736572265625,40.3129997253418,177.6297885060057,123.48999786376953,123.40009231065325,271.866557317883,40.75199890136719,174.4838886927619,119.93000030517578,121.61485195904373,263.8197186411394,39.30799865722656,175.24324745233199,120.69000244140625,121.81320947582672,263.8296201878953,39.74100112915039,68901800,54375100,30772700,25609500,71601000
2023-06-02,178.4483184814453,124.25,123.64804077148438,270.48736572265625,40.047000885009766,179.2668453318801,126.38999938964844,125.1159120966453,273.20605188620755,40.65800094604492,176.781680741823,124.0199966430664,122.74550424940523,269.0089769801132,39.59000015258789,178.52721426739677,124.91999816894531,122.97361463292732,270.5369945762739,40.28900146484375,61996900,61264400,26980100,19416900,59024000
2023-06-05,177.09722900390625,125.30000305175781,124.97706604003906,269.2768249511719,40.354000091552734,182.39298156722955,125.80000305175781,126.38542412216299,273.4242699391963,41.38600158691406,175.57851175717974,123.02999877929688,122.82484833216863,267.46105736592057,40.01499938964844,180.10506441660397,123.36000061035156,122.99346054966021,268.19528563539285,40.047000885009766,121946500,47950100,32305500,20742900,72474000
2023-06-06,176.7323455810547,126.61000061035156,126.26639556884766,269.0089416503906,39.92900085449219,177.62975297431,127.4000015258789,127.2383579485679,274.4165177871543,40.512001037597656,174.97694105936182,125.0,124.3323833879781,267.5900834945639,39.69300079345703,177.4818328127375,125.06999969482422,124.97705663721925,268.036591718684,40.5,64848400,45695200,26638300,19419000,49915000
2023-06-07,175.361572265625,121.2300033569336,121.49583435058594,261.5474548339844,39.97700119018555,178.70470351330488,127.37000274658203,127.98221754198133,272.1145213481221,41.89500045776367,174.8684849721747,120.62999725341797,121.11895203748432,260.7536659565215,39.92300033569336,175.97299569419778,127.01000213623047,125.92919376166726,269.55462413318446,41.042999267578125,61944600,95663300,52539000,26163600,119324000
2023-06-08,178.07351684570312,124.25,121.13878631591797,262.5199279785156,40.9370002746582,178.33977309659826,125.62999725341797,122.21985523958173,265.5660317752867,40.95399856567383,175.0065138905379,122.26000213623047,120.24616233464845,256.864327182779,39.63399887084961,175.44041798201303,123.01000213623047,121.22805249747213,258.59076959790355,39.97700119018555,50214900,62159300,29389200,20899400,59911000
2023-06-09,178.45816040039062,123.43000030517578,121.2280502319336,262.8869934082031,42.00199890136719,179.71059129506313,125.80000305175781,122.74550718830598,265.8636340720592,42.59000015258789,178.13272098000036,123.19000244140625,120.9106736630639,259.6622993556924,41.47600173950195,178.99068805786467,124.08000183105469,121.2478829569892,260.43622471709676,42.45000076293945,48900000,51396000,23778300,16949800,123630000
2023-06-12,181.2490234375,126.56999969482422,122.62649536132812,268.9394836425781,42.39699935913086,181.34764691680866,126.77999877929688,123.03313813403905,269.6340452732035,42.470001220703125,178.468018885392,123.52999877929688,120.66273009040363,263.2640206504683,41.65700149536133,178.7638742754878,124.0199966430664,121.78346450999771,265.0897203172627,41.882999420166016,54274900,51338000,28306400,15442500,59595000
2023-06-13,180.77565002441406,126.66000366210938,122.81493377685547,269.2074279785156,43.573001861572266,181.60403301510047,128.41000366210938,124.1340332227792,273.57316219648015,43.72700119018555,179.91768300176238,125.18000030517578,122.17026048948374,266.9947805297934,42.84000015258789,180.272706433175,128.1199951171875,123.95550842884325,272.73970632322903,43.000999450683594,54929100,50564800,22278300,16164000,78205000
2023-06-14,181.40682983398438,126.41999816894531,122.65625,271.2215881347656,44.08599853515625,181.84074910193183,126.94999694824219,123.03313990537379,272.8488026603034,44.733001708984375,179.50351991974284,124.12000274658203,120.45444658155986,266.2307550388256,43.349998474121094,180.8348467124019,126.69999694824219,122.09092270879414,269.7729647864291,43.499000549316406,57462900,52422500,30592300,19175100,84131000
2023-06-15,183.4383544921875,127.11000061035156,124.06460571289062,279.6355895996094,44.527000427246094,183.9413132306641,127.69000244140625,124.43157546435972,281.7787749466959,44.8650016784668,181.23918907707676,124.31999969482422,121.39666138886585,269.3066710434547,43.95000076293945,181.4167083517838,125.20999908447266,122.13059332494937,270.179793713784,44.40999984741211,65433200,60458500,35246300,25973500,70999000
2023-06-16,182.36341857910156,125.48999786376953,122.51739501953125,278.8120422363281,43.19599914550781,184.4048073735327,127.9000015258789,125.07624798326509,285.6087119553762,44.750999450683594,181.7224110612984,125.30000305175781,122.26944432692575,277.94882118522963,43.09000015258789,184.14839232814637,127.70999908447266,124.89772318191494,282.53284351172397,44.6150016784668,101256200,84247100,45535600,43127700,87537000
2023-06-20,182.45216369628906,125.77999877929688,122.0909194946289,282.1160888671875,43.470001220703125,183.52710548415504,127.25,123.54887077747642,282.5824304857627,44.0,181.86046794433722,124.5,121.1387897432877,274.0692508402336,43.0,181.86046794433722,124.97000122070312,121.92231483974503,276.55971674793904,43.018001556396484,49799100,56930100,26097500,20701600,47560000
2023-06-21,181.41668701171875,124.83000183105469,119.56182861328125,279.44708251953125,42.44499969482422,182.84663717983523,126.7300033569336,121.65453309243799,281.78869232986375,43.45500183105469,180.0656175699355,123.8499984741211,119.11551282046045,276.1925924971015,42.25400161743164,182.34367850052172,125.63999938964844,121.39666224993185,281.32235067713356,43.26499938964844,49515700,52137700,30306300,20556200,51464000
2023-06-22,184.41464233398438,130.14999389648438,122.14051818847656,282.6618347167969,42.24800109863281,184.46395407144706,130.3300018310547,122.22977680974192,283.0388807556065,42.47100067138672,181.1306792503188,125.13999938964844,117.8559303300752,275.6270434409826,41.86800003051758,181.19971869233248,125.30999755859375,119.01633780765464,276.90697727173125,42.292999267578125,51245300,90354600,26952200,17563100,48695000
2023-06-23,184.0990753173828,129.3300018310547,121.33715057373047,286.48187255859375,42.402000427246094,184.96691381940127,130.83999633789062,121.78346637257002,287.41455585917544,42.582000732421875,182.45216546765664,128.27999877929688,120.06764420404919,276.7780237818679,41.77299880981445,182.98470820219737,129.11000061035156,120.3850207964695,279.31808843197484,41.85900115966797,53117000,71927800,34913600,51092000,82986000
2023-06-26,182.70855712890625,127.33000183105469,117.36994171142578,276.3017272949219,41.59400177001953,185.45012108460458,131.49000549316406,120.99994365310945,287.5335927129634,43.09600067138672,182.66910172140945,127.0999984741211,117.30051581692196,275.4385062924321,41.4900016784668,184.24698696904443,129.3300018310547,119.77011027896118,286.45208350341085,42.24399948120117,48088700,59989300,33969900,24232700,46400000
2023-06-27,185.45999145507812,129.17999267578125,117.36003112792969,284.81494140625,41.70800018310547,185.78543087633778,130.08999633789062,118.10388325320572,287.09705117182915,42.0880012512207,183.10303478095216,127.55000305175781,115.14830747935935,278.4647795384772,41.150001525878906,183.31999439512526,128.6300048828125,116.12027758580295,279.8142059678566,41.73899841308594,50730800,46801000,39535900,26108300,48181000
2023-06-28,186.63356018066406,129.0399932861328,119.19486236572266,283.06866455078125,42.98400115966797,187.2745677103686,131.47999572753906,119.4031400484243,287.29547446574816,43.729000091552734,185.00637796044083,128.44000244140625,115.89215718247867,281.84823075760875,42.28900146484375,185.33180236622022,128.94000244140625,116.1301877388727,282.60232288476834,42.310001373291016,51216800,52149500,27091400,16722100,88113000
2023-06-29,186.96885681152344,127.9000015258789,118.12371063232422,279.3379211425781,42.82400131225586,187.44223149955704,129.25999450683594,119.07584040154654,284.33868665809604,43.78499984741211,186.3278492789131,127.26000213623047,117.33027294139967,278.50446526998496,42.6150016784668,186.46591313429835,128.77000427246094,118.26256241740738,282.28479703637055,43.43299865722656,46347300,40761000,24090900,15395700,49323000
2023-06-30,191.28826904296875,130.36000061035156,118.71878051757812,284.74554443359375,44.04899978637695,191.79121262094537,131.25,120.08747309044965,286.799404110949,44.4119987487793,188.61572952588827,128.9499969482422,118.70886793868348,282.20547937448003,43.11000061035156,188.9806243235532,129.47000122070312,119.18492899866601,282.5428284532725,43.11000061035156,85213200,54350700,29532200,19694900,73464000
2023-07-03,189.79916381835938,130.22000122070312,118.91716003417969,283.7929382324219,44.14400100708008,191.19952989799955,131.85000610351562,119.20478376097655,287.1466252255622,44.154998779296875,189.10882958307744,130.07000732421875,117.84601116890617,282.6320652147703,43.1619987487793,191.10090642215079,130.82000732421875,118.26256653867198,284.4676665294726,43.97600173950195,31458200,28264800,14467900,8629300,37332000
2023-07-05,188.68478393554688,130.3800048828125,120.75198364257812,292.07794189453125,44.59000015258789,190.311965971159,131.39999389648438,121.60493460466255,295.7987432678793,45.09700012207031,187.98459336367247,129.63999938964844,118.25264406620929,284.1303004714729,43.96200180053711,188.92147125163748,130.24000549316406,118.26255664547801,285.41026462229314,44.49100112915039,46920300,35895400,27584800,33865500,68695000
2023-07-06,189.15814208984375,128.36000061035156,119.12542724609375,289.7164001464844,43.88399887084961,189.36524537083605,128.72999572753906,119.31387218735846,295.7986735357306,44.279998779296875,186.5842258571581,127.37000274658203,117.42944547527459,289.0417022570287,43.071998596191406,187.2153769807983,128.25,118.81797081927608,293.5860568864933,44.0,45094300,40639900,24745200,47600500,49388000
2023-07-07,188.04379272460938,129.77999877929688,118.50059509277344,288.267822265625,43.810001373291016,190.00628587990153,130.97000122070312,120.05772509699975,293.89368682314864,44.233001708984375,187.60988847797856,128.1300048828125,118.42124905726847,286.4123876380687,43.58399963378906,188.76371112125616,128.58999633789062,119.1155079508008,289.90496868523604,43.86000061035156,46815000,41992300,21709500,25586000,41651000
2023-07-10,186.0023956298828,127.12999725341797,115.49543762207031,291.8100280761719,44.17100143432617,187.36332142042107,129.27999877929688,117.34019150871362,295.8086477039445,44.441001892089844,184.4540942539423,125.91999816894531,115.18798116324814,284.8149039740183,43.68199920654297,186.6434031135775,129.07000732421875,117.33027892845527,293.24871963934146,43.85200119018555,59922200,61889300,35315200,37058300,42517000
2023-07-11,185.479736328125,128.77999877929688,116.17976379394531,295.9674377441406,44.020999908447266,186.68287064614393,129.77000427246094,116.74509101139748,297.8427059212955,44.08000183105469,184.02020200954667,127.3499984741211,114.40443611219281,289.6271775662314,43.104000091552734,186.54480679233018,127.75,115.33673304046103,291.61160499769574,43.8650016784668,46638100,49951500,23078800,27585900,45692000
2023-07-12,187.14637756347656,130.8000030517578,117.95511627197266,306.93133544921875,44.404998779296875,189.04968751691854,131.25999450683594,119.34364181087993,307.0404946851265,44.54100036621094,185.86434744027207,128.8300018310547,117.4393821061899,297.76329195096815,43.775001525878906,187.05761040387253,130.30999755859375,117.82618462224083,299.40043824994797,44.45500183105469,60750200,54022800,30404400,36677100,57317000
2023-07-13,187.9057159423828,134.3000030517578,123.51911163330078,310.96966552734375,45.03799819946289,188.54673850979384,134.6699981689453,123.80673533006852,313.7776166697492,45.16699981689453,187.15622860664624,132.7100067138672,119.46263457450904,307.8739639648475,44.11800003051758,187.86627557643092,134.0399932861328,119.93870320943425,311.17802190329286,44.70000076293945,41342300,61170900,44297900,30281000,61575000
2023-07-14,188.0536346435547,134.67999267578125,124.39189147949219,306.46502685546875,44.191001892089844,188.53685056119244,136.64999389648438,125.7407437423268,312.4282406131699,45.64799880981445,187.00829198764853,134.05999755859375,122.47771198641469,304.9667745464392,43.970001220703125,187.59998771190843,134.05999755859375,123.7769786548953,309.36230405201036,45.27899932861328,41616200,54487100,33283100,23054100,71959000
2023-07-17,191.3080291748047,133.55999755859375,123.62822723388672,308.201416015625,45.005001068115234,191.6334686208352,135.6199951171875,126.05814119884347,309.2829253198248,45.667999267578125,189.1581605746784,133.2100067138672,123.18191140958396,302.3374293890318,44.51100158691406,189.2469126832782,134.55999755859375,124.90765382325283,305.14541112925815,44.55699920654297,50520200,48450200,25716200,25323100,68917000
2023-07-18,191.0515899658203,132.8300018310547,122.7455062866211,309.6202392578125,47.47999954223633,191.64330071063998,133.86000061035156,123.65796296956178,311.75352270448207,47.814998626708984,189.75970372238763,131.35000610351562,121.95206108684837,305.2247403126379,44.87799835205078,190.6768538720752,132.7100067138672,123.57861693621366,308.45936631199953,45.099998474121094,48288200,54882900,26193600,20731900,130418000
2023-07-19,192.4026641845703,135.36000061035156,121.0296859741211,313.5494689941406,47.75899887084961,195.48938034906212,135.99000549316406,124.1538660880998,316.19866268368173,48.5,189.9865244553515,132.52999877929688,120.80157558357863,308.10219505234863,47.0,190.4303150490968,133.38999938964844,123.57861868845079,310.5926611922204,47.68600082397461,80507300,54531000,37224000,21763700,209965000
2023-07-20,190.45989990234375,129.9600067138672,118.22288513183594,300.1644592285156,43.742000579833984,193.75371936128715,134.7899932861328,123.0727999886977,313.0831001900084,44.849998474121094,189.83860510668907,129.3300018310547,117.25092267132642,299.86680724874,43.20000076293945,192.39279363664537,134.07000732421875,120.42468845421087,311.05897588766237,44.70000076293945,59581200,59820600,37906800,23836900,239897000
2023-07-21,189.286376953125,130.0,119.03617858886719,291.96875,42.75,192.2744851317762,131.3699951171875,119.9982285952709,303.08152287218564,43.82400131225586,188.58618628535973,128.4199981689453,117.75675952969813,288.93257915606756,42.319000244140625,191.41651794617295,131.33999633789062,119.63126637165477,302.1984686154628,43.73699951171875,71951700,133307300,72937900,42139300,173400000
2023-07-24,190.08514404296875,128.8000030517578,120.53378295898438,289.33941650390625,42.83700180053711,192.21528467718613,131.66000366210938,121.99173416334048,295.20340298252125,42.86399841308594,189.59205676918674,128.35000610351562,119.98829600487059,286.05519164762,41.91899871826172,190.73602285584008,130.30999755859375,120.66272215495184,293.47696087002083,42.5,45377800,45591100,29686100,24915700,82644000
2023-07-25,190.943115234375,129.1300048828125,121.20821380615234,292.1771545410156,42.77000045776367,191.75178560391285,129.5800018310547,122.14051081744289,295.97731949491924,43.0880012512207,190.2527960456413,128.52999877929688,120.02796610605938,289.5874611705835,42.612998962402344,190.65713123041024,129.30999755859375,120.36518297759501,292.89154957975995,42.71799850463867,37283200,39236700,52509600,19585600,48598000
2023-07-26,191.81097412109375,128.14999389648438,128.2103271484375,296.2452087402344,42.266998291015625,192.93521264770516,129.0800018310547,129.90630113026324,299.42027395208453,42.5260009765625,190.64729522856234,126.11000061035156,127.26811769923354,289.6271309972358,41.558998107910156,190.9924473358141,126.51000213623047,129.00377226018543,298.8448034126717,42.41999816894531,47471900,53910100,61682100,47256900,60092000
2023-07-27,190.5486602783203,128.25,128.33926391601562,309.28289794921875,41.31700134277344,194.47363103189025,132.6300048828125,132.14779780312753,322.81670621390026,42.75199890136719,189.8879250921341,127.79000091552734,127.73426366088836,307.4274633309865,41.1879997253418,193.3099522093675,131.0,130.59066029279523,322.58848618129997,42.689998626708984,47460200,52610700,44952100,64229200,65945000
2023-07-28,193.12258911132812,132.2100067138672,131.49319458007812,322.9456787109375,42.577999114990234,193.9115318637554,133.00999450683594,132.64368926365583,323.66007368157807,42.74700164794922,191.45595149688123,129.3300018310547,129.49967674072056,311.80310958996205,41.375999450683594,191.97862287270013,129.69000244140625,129.70794681826914,314.41263608382906,41.555999755859375,48291400,46317400,36591200,39220300,64242000
2023-07-31,193.73397827148438,133.67999267578125,131.63206481933594,316.1192932128906,43.89699935913086,193.7734336784224,133.8699951171875,132.43542264148525,323.12431956427827,43.91299819946289,192.560428204252,132.3800048828125,130.6997677943249,315.1171476788954,42.630001068115234,193.3493708168966,133.1999969482422,131.64197739889866,321.16965734963014,42.6510009765625,38824100,41901500,28055500,25799600,65876000
2023-08-01,192.90562438964844,131.69000244140625,130.47164916992188,320.197265625,43.86199951171875,194.01013518521242,133.69000244140625,131.54279790983335,321.6161541887826,44.525001525878906,192.5801849485631,131.6199951171875,129.60877052366334,312.2099576770772,43.13999938964844,193.52691923606866,133.5500030517578,129.70795684787504,315.06753789734006,43.73699951171875,35175100,42098500,23166800,22817900,57115000
2023-08-02,189.91751098632812,128.2100067138672,127.32763671875,311.86260986328125,42.970001220703125,192.48155598125388,130.22999572753906,129.02361087752263,315.9108577326105,43.555999755859375,189.19760772385698,126.81999969482422,126.51435123258612,308.2311049698939,42.65599822998047,192.3434921357412,130.14999389648438,128.38885774863965,315.52387994923936,43.52299880981445,50389300,51027600,26273300,20461100,49122000
2023-08-03,188.52699279785156,128.91000366210938,127.39705657958984,310.7514343261719,43.099998474121094,189.7103992851957,129.83999633789062,128.32935355941024,313.4899540322173,44.19300079345703,188.05363321247987,126.41000366210938,126.37550098690372,307.516807733087,42.71900177001953,188.92147165885288,127.4800033569336,126.92099551059741,307.516807733087,42.779998779296875,61235200,88585200,20089500,15180200,62439000
2023-08-04,179.4739227294922,139.57000732421875,127.05986022949219,308.3105163574219,43.15999984741211,184.78940327661547,143.6300048828125,130.43198377340173,315.9307088839671,43.650001525878906,179.40488328381886,139.32000732421875,126.86150269168164,307.7846444057712,42.62699890136719,182.95511789971007,141.05999755859375,128.22026771607946,312.5075601458942,43.305999755859375,115956800,153128500,26147200,17612800,54418000
2023-08-07,176.3773193359375,142.22000122070312,130.45181274414062,314.09515380859375,44.07600021362305,180.59814508763776,142.5399932861328,130.53115877911966,314.60119246481474,44.111000061035156,174.89805755245857,138.9499969482422,127.962393323222,308.04264442618995,42.89099884033203,179.61197056531847,140.99000549316406,128.10124510100812,310.79109564375017,43.645999908447266,97576100,71213100,22746300,16236500,47813000
2023-08-08,177.314208984375,139.94000244140625,130.32290649414062,310.2056884765625,43.83000183105469,177.77771228390873,140.83999633789062,130.43200542810587,315.41481011229837,44.356998443603516,175.12490000933562,138.4199981689453,128.47815233218188,307.6953588862012,43.5099983215332,177.20572916857282,140.6199951171875,129.54930137464623,311.95196390121913,44.0359992980957,67823000,51710500,23535200,15183500,37672000
2023-08-09,175.7264404296875,137.85000610351562,128.59715270996094,302.83349609375,42.88999938964844,178.42854898853972,140.32000732421875,130.9576330468754,311.1879477003987,44.0620002746582,174.56274666920834,137.10000610351562,127.94255923989908,300.4918865961825,42.75899887084961,178.36938092489027,139.97000122070312,130.58075827957177,310.4437875207549,43.9739990234375,60378500,50017300,24912900,19955800,38466000
2023-08-10,175.5094757080078,138.55999755859375,128.6269073486328,303.359375,42.99800109863281,178.25103959448677,140.41000366210938,130.9675625582551,309.90799078632176,43.8120002746582,175.1445959609342,137.49000549316406,128.38886922887625,301.5039404211993,42.86899948120117,176.99859377509202,139.07000732421875,130.2435507528464,305.54225702209254,43.11199951171875,54686900,58928400,20857800,14358900,54676000
2023-08-11,175.5687255859375,138.41000366210938,128.49795532226562,299.2913513183594,42.16600036621094,176.38835756307438,139.3300018310547,128.86491747828384,302.34735615356055,43.0629997253418,174.34422750725284,137.0,127.11935017534717,298.021288729232,42.132999420166016,175.10461152163393,137.39999389648438,127.60533894622364,300.21410278081095,42.89799880981445,52036700,42905800,19591100,14046300,39279000
2023-08-14,177.21788024902344,140.57000732421875,130.25347900390625,303.8058776855469,42.77799987792969,177.44500246999712,140.58999633789062,130.2931444617831,303.82571105631087,42.8849983215332,175.09473274674426,137.75,127.90291093163088,295.9276994586192,41.87799835205078,175.74649049543365,138.3000030517578,128.32937892208105,298.63645342569663,42.19900131225586,43675600,47148700,24695600,15641900,39660000
2023-08-15,175.23300170898438,137.6699981689453,128.71615600585938,299.5989074707031,42.369998931884766,177.23763842738072,141.27999877929688,130.3427118640274,304.8377940471984,42.9119987487793,174.8380051896738,137.22999572753906,128.22025464503122,297.6938440429067,42.104000091552734,176.64514364841483,140.0500030517578,130.0253428626258,303.75628486098515,42.441001892089844,43622600,42781500,19770700,11623600,33680000
2023-08-16,174.364013671875,135.07000732421875,127.64501953125,291.9985656738281,41.54499816894531,176.30938743269644,137.27000427246094,129.2120697982791,298.735674605063,42.45100021362305,174.29488099061055,135.00999450683594,126.82182894388471,291.988633847669,41.525001525878906,174.91701484938284,137.19000244140625,127.64501953125,297.8625520218376,42.37300109863281,46964900,41675900,25216100,18547700,39670000
2023-08-17,171.8260955810547,133.97999572753906,128.85499572753906,282.8701477050781,40.29999923706055,175.29223725703497,136.08999633789062,130.90803443349202,293.7447993644436,41.52399826049805,171.31258808782235,133.52999877929688,128.23015522856085,282.7312535583834,40.15800094604492,174.9268647491592,135.4600067138672,128.7359842548602,290.76815881578875,41.5,66062900,48354100,33446300,23950100,60315000
2023-08-18,172.3099822998047,133.22000122070312,126.4151840209961,281.04449462890625,40.452999114990234,172.91236175457905,134.07000732421875,128.19051194159474,283.46549817008304,40.652000427246094,169.81159252872837,131.14999389648438,125.34403518060337,272.2435650787886,39.814998626708984,170.14734105941557,131.6199951171875,127.45657242122108,276.857352138506,39.93299865722656,61172200,48497700,30504800,35347900,43122000
2023-08-21,173.6431121826172,134.67999267578125,127.3177261352539,287.64276123046875,40.82899856567383,173.92949746098708,135.19000244140625,127.67477576414439,288.23809553886474,40.96099853515625,171.56935789788312,132.7100067138672,125.52256541050552,279.6554526227014,39.95000076293945,172.88274314562352,133.74000549316406,126.13748589734027,281.24300068510377,40.222999572753906,46311900,41442500,25248700,20181500,38616000
2023-08-22,175.0157470703125,134.25,128.0218963623047,285.3606262207031,41.31700134277344,175.46012191641384,135.64999389648438,129.21205659443743,290.61934598241027,41.57400131225586,174.04799506153495,133.72999572753906,127.2681317464859,284.5172386377998,40.7400016784668,174.8478727981476,135.0800018310547,127.45656155015928,290.27206518004357,40.900001525878906,42038900,32905400,22054900,12980200,35997000
2023-08-23,178.85714721679688,135.52000427246094,131.28492736816406,291.948974609375,42.755001068115234,179.2817827873095,135.9499969482422,132.31641072027463,295.08437380572434,43.70199966430664,176.10201110060572,133.22000122070312,128.80542045173755,285.4301530502176,41.770999908447266,176.28963972003098,134.5,129.11287688798097,286.2536771691502,41.84000015258789,52722800,42801000,27819700,18287000,81747000
2023-08-24,174.17636108398438,131.83999633789062,128.71615600585938,284.51727294921875,40.69300079345703,178.83739189345877,136.77999877929688,133.14951538235977,297.12830035290386,42.75899887084961,173.81097351698816,131.8300018310547,128.50788590918833,284.4081439787186,40.617000579833984,178.41275636104422,136.39999389648438,132.85197153912117,296.1757836977918,42.54100036621094,54945800,43646300,28500700,18360900,56878000
2023-08-25,176.37850952148438,133.25999450683594,128.81533813476562,283.2770080566406,41.60300064086914,176.91175631972774,133.8699951171875,129.68811421046675,286.1445201506835,41.92499923706055,173.62337343895007,130.5800018310547,126.20689221900474,273.8807432156826,40.75600051879883,175.16388093182096,132.47000122070312,128.47811371877063,283.90210752516674,41.20000076293945,51449600,44147500,26762900,23701400,53909000
2023-08-28,177.93878173828125,133.13999938964844,129.9360809326172,287.9999084472656,41.805999755859375,178.33377827348758,133.9499969482422,131.4535380240542,289.1806449684755,41.983001708984375,176.31927183489213,131.85000610351562,129.07321732909296,283.5746143089688,41.32699966430664,177.8400250704037,133.77999877929688,130.23362480291482,285.75749618346293,41.80400085449219,43820700,34108400,20543300,14239300,29286000
2023-08-29,181.81964111328125,134.91000366210938,133.4669189453125,295.6697082519531,42.999000549316406,182.58989476243158,135.13999938964844,135.45052467736468,296.8206796120224,43.21699905395508,177.25736718090633,133.25,131.1560164514264,285.93609567718016,41.45000076293945,177.4548654120463,133.3800048828125,131.1560164514264,286.3329750441115,41.599998474121094,53003900,38646100,43075600,20844500,44867000
2023-08-30,185.3055877685547,135.07000732421875,134.7661590576172,292.80224609375,43.46699905395508,185.503101122087,135.67999267578125,135.16287409396253,295.9674099723324,43.816001892089844,182.43195531976062,133.9199981689453,132.9709985475354,291.14523602077895,42.834999084472656,182.62945360513962,134.92999267578125,133.67517000710467,294.85613555978125,43.084999084472656,60813900,36137000,28315800,17717000,36254000
2023-08-31,185.52281188964844,138.00999450683594,135.05377197265625,293.5860900878906,43.36800003051758,186.75719481874472,138.7899932861328,136.8687727314443,298.7555143501628,43.71500015258789,185.13768501849643,135.0,134.67688210350767,293.3578700641985,43.12300109863281,185.4931879048022,135.05999755859375,134.8950799084139,293.49676421952233,43.12300109863281,60794500,58781300,30053800,17229900,38030000
2023-09-01,187.09295654296875,138.1199951171875,134.54795837402344,294.0722961425781,43.987998962402344,187.54720101813678,139.9600067138672,136.3332062668677,299.39054694781646,44.54999923706055,185.92769123419916,136.8800048828125,133.74460060567057,292.17716437490265,43.59299850463867,187.12258052751662,139.4600067138672,136.3332062668677,297.03900536445764,43.77299880981445,45766500,40991500,21543700,12842300,47934000
2023-09-05,187.32994079589844,137.27000427246094,134.6570587158203,297.81292724609375,44.86800003051758,187.6064413525269,137.8000030517578,135.30172442643027,299.0432927883047,45.345001220703125,185.26605625958229,135.82000732421875,133.4768110647792,293.20907155898277,43.79999923706055,185.92768366781115,137.72999572753906,134.3297620041587,294.70729361157686,43.8390007019043,45280000,40636700,19403100,14956000,61559000
2023-09-06,180.6248016357422,135.36000061035156,133.3577880859375,296.840576171875,44.57600021362305,186.49059214043663,137.4499969482422,135.41081165738936,300.9383931826944,45.138999938964844,179.20278998997966,134.61000061035156,132.5742555345524,293.35789651003546,44.04899978637695,186.0462022000218,136.32000732421875,134.90499776499271,299.3607770852688,44.861000061035156,81755800,41785500,18684500,15418100,38623000
2023-09-07,175.3416290283203,137.85000610351562,134.15122985839844,296.3444519042969,44.31399917602539,175.98351721110967,138.02999877929688,134.46861399155742,304.6591765120229,44.459999084472656,171.3718491931888,133.16000366210938,131.8601680068501,289.9446620146728,43.66999816894531,172.99135904079122,133.89999389648438,132.49492113945962,295.67965546312854,44.1150016784668,112488800,48498900,18844300,33748700,29227000
2023-09-08,175.95387268066406,138.22999572753906,135.26206970214844,295.5705261230469,44.279998779296875,177.98814840122637,138.85000610351562,135.53977327338907,302.8732037411154,44.680999755859375,175.56874581023814,136.75,133.7446126401159,294.4691532729565,43.8849983215332,176.12176201867752,136.86000061035156,133.80411838628038,296.89015689806655,44.35599899291992,65551300,38348200,23558300,17548000,26975000
2023-09-11,177.11912536621094,143.10000610351562,135.79762268066406,305.1651916503906,44.5359992980957,178.0473836718388,143.6199951171875,136.35302976641478,306.6336785793563,44.98899841308594,175.1243584797436,138.63999938964844,134.6768807966762,298.9340918771399,44.275001525878906,177.82026144859472,138.75,135.4207328151726,299.06308448116476,44.30699920654297,58953100,56764500,20763400,19489300,29138000
2023-09-12,174.09738159179688,141.22999572753906,134.2305908203125,299.3110656738281,43.46900177001953,177.8795329175836,143.0,135.74804793318728,306.2565587265419,44.54399871826172,172.63587633671216,140.61000061035156,134.08182644991697,297.8922079316752,43.4119987487793,177.2475294233725,142.32000732421875,135.14304760406196,303.9446847965113,44.28499984741211,90370200,42668500,18405500,13480400,31240000
2023-09-13,172.03347778320312,144.85000610351562,135.58935546875,302.6846923828125,41.2239990234375,175.08486860955094,144.97999572753906,135.7777852717878,304.78818046723666,43.84000015258789,171.8063404869434,140.8699951171875,133.05032781273377,298.97382303689284,41.069000244140625,174.30473020059844,140.9499969482422,133.9826247837674,300.00570342701496,43.54999923706055,84267900,60465200,20749500,13210900,118430000
2023-09-14,173.5443878173828,144.72000122070312,136.9679718017578,309.2928161621094,40.04899978637695,173.89989073979382,145.86000061035156,137.563044397484,310.4338557149774,41.138999938964844,171.41137028291678,142.9499969482422,135.1232180009584,302.65490493687196,40.0,171.82612118103754,145.0800018310547,136.47207040513118,304.3515816681793,41.040000915527344,60895800,64033600,24751000,19343100,107090000
2023-09-15,172.823486328125,140.38999938964844,136.27369689941406,297.9716491699219,39.694000244140625,174.29487626046748,143.57000732421875,137.3845263119322,309.5706280070703,40.470001220703125,171.64836639188815,140.08999633789062,135.36124015129133,296.4237984522829,39.50299835205078,174.27512191376346,142.69000244140625,136.84894433199983,309.18365018768327,40.099998474121094,109259500,102909300,38919600,28131100,91167000
2023-09-18,175.7465057373047,139.97999572753906,137.07705688476562,300.1943054199219,39.439998626708984,177.13889330258442,141.75,138.0192664165555,301.23614819014375,39.946998596191406,173.96899129951683,139.22000122070312,135.4901665221767,295.48128936215767,39.2599983215332,174.27511585610648,140.47999572753906,135.4901665221767,295.8682673202312,39.54999923706055,67257600,42823500,21861300,14234200,47047000
2023-09-19,176.83274841308594,137.6300048828125,136.90843200683594,302.69464111328125,39.619998931884766,177.38574949277796,138.83999633789062,137.2754092805613,303.7860822406688,39.823001861572266,174.91698390976052,135.55999755859375,135.50007405103756,297.47558735502014,39.025001525878906,175.30211073798526,138.6999969482422,136.2935192027612,300.12481126059,39.284000396728516,51826900,61482500,20353700,15924400,40768000
2023-09-20,173.29751586914062,135.2899932861328,132.64370727539062,297.33660888671875,38.630001068115234,177.45490967025808,139.3699951171875,136.9481276445737,305.66126373472446,39.79899978637695,173.20862883503193,135.1999969482422,132.52468065263594,297.09845707555866,38.61199951171875,177.02040441249267,138.5500030517578,136.9481276445737,302.6746916510192,39.70500183105469,58436200,46263700,29927500,19379500,38666000
2023-09-21,171.75697326660156,129.3300018310547,129.37074279785156,293.4273376464844,38.415000915527344,174.09737357666756,132.24000549316406,131.14606291971518,297.92206402517564,39.59000015258789,171.68785565712008,129.30999755859375,129.00378065244968,290.98647039875095,38.34199905395508,172.36923745366522,131.94000244140625,130.3625454686309,293.39757244980257,38.650001525878906,63149100,70343300,31503900,21319600,55479000
2023-09-22,172.6062469482422,129.1199951171875,129.18231201171875,296.751220703125,37.98099899291992,174.86764517240317,132.02999877929688,130.94771974828387,303.00218435179124,38.6879997253418,171.87550181385268,128.52000427246094,128.5376462586181,295.94753013514656,37.83599853515625,172.48775099523908,131.11000061035156,129.68812598105728,296.9695088993633,38.5,56725400,59904300,26397300,25369600,36928000
2023-09-25,173.880126953125,131.27000427246094,130.03524780273438,298.48760986328125,38.47999954223633,174.7590070374673,131.77999877929688,130.0947535411447,298.6067009327977,38.6619987487793,171.97423178505466,128.77000427246094,127.90287812992364,291.41315219064484,38.08100128173828,172.02361011818323,129.36000061035156,128.76574160428865,293.3380490350795,38.290000915527344,46172700,46017800,20094600,18987000,37573000
2023-09-26,169.81161499023438,125.9800033569336,127.51608276367188,296.6321716308594,37.92499923706055,173.01112622988728,130.38999938964844,129.2914029707038,297.9617342313641,38.45600128173828,169.5153600429677,125.27999877929688,126.17714304040305,293.7051596565991,37.736000061035156,172.63588402695854,130.1199951171875,128.7062429989617,295.34230605304384,38.28799819946289,64588900,73048200,25718700,19417200,40894000
2023-09-27,168.3007049560547,125.9800033569336,129.4699249267578,295.42169189453125,37.75899887084961,170.87809720821267,127.4800033569336,129.82697452376246,298.9539701789239,38.422000885009766,166.93795639924983,124.12999725341797,127.51608742320651,284.5569702480841,37.625,170.4633463371719,125.76000213623047,127.51608742320651,298.1106127734607,38.2400016784668,66921800,66553400,22746500,36429800,38435000
2023-09-28,168.55743408203125,125.9800033569336,131.22543334960938,301.59326171875,37.63600158691406,169.88068876106084,126.58000183105469,132.20732362438937,303.9448032957464,37.895999908447266,165.52578284422083,123.04000091552734,128.7260859170761,294.3898109917405,37.11000061035156,167.22429469748067,124.04000091552734,128.77567908657804,296.6123599455331,37.560001373291016,56294400,54555000,22513100,22167100,43699000
2023-09-29,169.07095336914062,127.12000274658203,129.7873077392578,297.8724670410156,37.7599983215332,170.90771561508154,129.14999389648438,132.9511609153293,308.2212789671032,38.257999420166016,168.21181267677895,126.31999969482422,129.29140636705122,297.0290793382049,37.53499984741211,169.870831028669,128.1999969482422,132.18746856469267,304.9866526085404,38.0,51861100,62411700,30859800,25373700,42053000
2023-10-02,171.57919311523438,129.4600067138672,133.07017517089844,304.4309997558594,38.03300094604492,172.12232450994816,130.47000122070312,133.31812586216128,304.78818213594394,38.48099899291992,168.79441854678254,126.54000091552734,130.09476687574428,299.28140848326984,37.68000030517578,169.0808037676989,127.27999877929688,130.1344474612235,300.3827511018216,37.74800109863281,52164500,48029700,22288000,16265600,31021000
2023-10-03,170.24607849121094,124.72000122070312,131.34442138671875,298.59674072265625,37.67499923706055,171.46072207785286,128.52000427246094,133.1594221035501,304.3813322519074,39.4900016784668,168.6858318118607,124.25,130.75926143877368,297.30687525176296,37.28499984741211,170.1078282132375,128.05999755859375,132.84205311611007,301.89089689380233,37.71099853515625,49594600,51565000,22989400,17362300,88781000
2023-10-04,171.49037170410156,127.0,134.13140869140625,303.2006530761719,37.689998626708984,172.03350325883684,127.36000061035156,134.45870541332442,304.51038244443924,38.02199935913086,168.8339769739755,125.68000030517578,131.44361659343454,296.1757933117586,37.358001708984375,168.9524729247714,126.05999755859375,131.70147985901755,296.40401336651956,37.650001525878906,53020300,44203900,26752300,16880500,43037000
2023-10-05,172.72474670410156,125.95999908447266,133.9628143310547,302.4167785644531,37.25899887084961,173.25799352598938,126.7300033569336,134.37936969993646,303.82570485884224,37.86000061035156,170.52259660006877,124.33000183105469,132.35608346969923,297.1679603687021,36.7239990234375,171.6187292983148,126.70999908447266,133.9628143310547,302.25802076171334,37.80099868774414,48527900,39660600,19832600,19130000,50348000
2023-10-06,175.2725067138672,127.95999908447266,136.45223999023438,312.9739685058594,38.1510009765625,175.76625988669193,128.4499969482422,137.02748746801123,313.8471214300376,38.25199890136719,171.0163417068709,124.12999725341797,132.9114964978089,298.5670360967991,36.777000427246094,171.6286058875163,124.16000366210938,132.9114964978089,299.0929081606846,36.84299850463867,57266700,46836700,27597600,21803900,47781000
2023-10-09,176.7537841796875,128.25999450683594,137.2853240966797,315.881103515625,38.595001220703125,176.81303215553828,128.7899932861328,137.80106572376255,317.8357654962619,38.71699905395508,173.6036362062995,124.76000213623047,134.49836100864687,309.392048448092,37.7760009765625,174.6010122921434,126.22000122070312,135.8174603789753,310.066746421115,37.80500030517578,42390800,38773700,19278100,22503700,32998000
2023-10-10,176.1612548828125,129.47999572753906,136.92828369140625,319.33404541015625,37.332000732421875,177.47464011941017,130.74000549316406,138.57467986983306,322.13209523981016,38.869998931884766,175.72674968355904,128.0500030517578,136.20427192955205,315.6827063546983,37.224998474121094,175.8748846750232,128.82000732421875,137.36467931785276,316.63522300395726,38.55799865722656,43698000,42178600,27786600,19038000,72889000
2023-10-11,177.5536651611328,131.8300018310547,139.3979034423828,325.2674865722656,36.59299850463867,177.60304349794123,132.0500030517578,139.9533106562274,326.2795335962298,37.78099822998047,175.38115395493855,129.61000061035156,137.44405047915077,320.4354109332088,36.534000396728516,175.9736487921809,129.74000549316406,137.44405047915077,320.4949413299151,37.27799987792969,47551100,40741800,25884300,22036300,91514000
2023-10-12,178.45225524902344,132.3300018310547,137.83082580566406,321.6359558105469,36.119998931884766,180.06188013769966,134.47999572753906,140.0623819353228,327.9662832580327,36.882999420166016,176.80310660532254,131.22999572753906,137.12663921258442,320.17740064543665,35.904998779296875,177.82025187235598,132.1699981689453,139.89377728823808,325.4460523014571,36.64799880981445,56743100,55528600,24765500,20530500,73761000
2023-10-13,176.61549377441406,129.7899932861328,136.23402404785156,312.2397155761719,35.56800079345703,179.65699967721181,133.30999755859375,138.8523826583463,322.5190344437851,35.893001556396484,175.9143577270369,128.9499969482422,135.50008457709373,309.93777264367094,35.20500183105469,179.1533769286896,132.97999572753906,138.23746980650327,321.0108805983314,35.56399917602539,51427100,45786600,23420500,21341000,63126000
2023-10-16,176.48712158203125,132.5500030517578,137.9597625732422,318.6494445800781,36.082000732421875,176.84262444155877,133.07000732421875,138.4854167971643,319.3142411258242,36.30799865722656,174.3047260977915,130.42999267578125,136.8588609633149,313.0632762382236,35.47700119018555,174.5417330268598,130.69000244140625,137.03737818636395,316.1590086202523,35.62099838256836,52517000,42832900,28501900,16536100,51289000
2023-10-17,174.93675231933594,131.47000122070312,138.57467651367188,321.4772033691406,35.571998596191406,176.19088966345473,132.5800018310547,138.75319373814438,321.87408274940765,36.27000045776367,172.61612132571108,128.7100067138672,136.0554891433646,314.8293601998335,35.388999938964844,174.44299912050275,130.38999938964844,137.49361518669917,315.70251300439446,36.11000061035156,57549400,49344600,23515800,16387800,59084000
2023-10-18,173.6431121826172,128.1300048828125,136.82911682128906,314.501953125,34.61899948120117,175.36137864838344,130.6699981689453,139.56648701861894,323.4021105297396,35.479000091552734,172.9222367694585,127.51000213623047,136.25386939858822,313.1029282837248,34.472999572753906,173.3863659573123,129.89999389648438,138.30689326315832,318.8875506594912,35.099998474121094,54764400,42699500,23375000,16851000,114296000
2023-10-19,173.26783752441406,128.39999389648438,136.62081909179688,310.3743591308594,40.176998138427734,175.6180919396984,132.24000549316406,138.51516584160242,319.3836763111059,40.89500045776367,173.00120664203897,127.47000122070312,136.25385694319345,309.3226150513973,39.22600173950195,173.84057783744473,130.57000732421875,137.36467110137107,317.3893171227114,40.4739990234375,59302900,60961400,26066000,18709200,280744000
2023-10-20,170.72010803222656,125.16999816894531,134.4884796142578,306.2467346191406,40.09600067138672,173.2283676109075,128.1699981689453,136.73986130635555,312.8449492839968,41.06399917602539,170.48310107616433,124.97000122070312,133.97273786758853,304.08371614626304,39.80099868774414,173.11974130623128,128.0500030517578,136.2042943979111,311.6940081053693,40.5629997253418,64244000,56406400,26335700,22312300,127829000
2023-10-23,170.83856201171875,126.55999755859375,135.38108825683594,311.5650329589844,40.683998107910156,171.83593778736955,127.87999725341797,136.53158318839846,314.8889246228949,40.75400161743164,167.80691093290386,123.9800033569336,132.85198797694417,304.8675904983353,39.85200119018555,168.77467779799048,124.62999725341797,133.93304944521964,307.090139491986,40.332000732421875,55980100,48260000,26317900,17796800,73900000
2023-10-24,171.27310180664062,128.55999755859375,137.67214965820312,310.1163635253906,41.37300109863281,171.50022404547477,128.8000030517578,138.2176442463873,315.8712208509296,41.66899871826172,169.30795876796012,126.33999633789062,136.2935443173615,308.2113302782834,40.8390007019043,170.88797493724758,127.73999786376953,136.70018711343607,314.31343815660597,40.96799850463867,43816600,46477400,44814300,19525500,64592000
2023-10-25,168.9623260498047,121.38999938964844,124.58033752441406,297.19775390625,41.125,170.8978298690587,126.33999633789062,127.25820178277296,308.4593849099364,41.88399887084961,168.51793618108192,120.79000091552734,124.04476315937147,296.5131240641257,41.01100158691406,169.7325797223047,126.04000091552734,127.10943743152842,307.5862320515774,41.60200119018555,57157000,74577500,84366200,42192500,62996000
2023-10-26,164.804931640625,119.56999969482422,121.27764892578125,286.10479736328125,40.354000091552734,169.2388405091802,121.63999938964844,123.31084775543283,292.703011741462,41.73099899291992,163.600172706508,118.3499984741211,120.27592594806735,277.22447353914265,40.15399932861328,168.2414494672427,120.62999725341797,122.25953160944253,292.703011741462,41.141998291015625,70625300,100419500,57061100,66684100,68497000
2023-10-27,166.11831665039062,127.73999786376953,121.16854858398438,294.4195861816406,39.7869987487793,166.8490767618186,130.02000427246094,122.2992031923221,296.9794842399318,41.020999908447266,164.7456834493569,125.5199966430664,119.22461596672207,290.68885292835586,39.5620002746582,164.82468576422622,126.19999694824219,121.87272767746805,292.1871053257045,40.641998291015625,58499100,125309300,44566500,29596300,49976000
2023-10-30,168.1624755859375,132.7100067138672,123.43976593017578,300.3033447265625,41.007999420166016,169.03148612945668,133.0,124.37206291068779,306.99085409785965,41.28200149536133,166.76021816135642,128.55999755859375,121.74378418278033,296.72143820802165,39.941001892089844,166.90835317753996,129.72000122070312,122.20001252709248,296.76113522682925,40.23500061035156,51131000,72485500,28940100,28435100,53171000
2023-10-31,168.636474609375,133.08999633789062,123.06288146972656,298.9241943359375,41.16899871826172,168.76484019690602,133.57000732421875,124.34230786737872,301.31543285724274,41.25199890136719,165.80232095364974,131.7100067138672,121.6842763149313,294.5485285219265,40.4630012512207,167.23421730907862,132.75,124.03484388332474,300.9483186528854,40.92399978637695,44846000,51589400,26292300,19434200,38776000
2023-11-01,171.79647827148438,137.0,125.41345977783203,309.42181396484375,42.01900100708008,172.05322449399938,137.35000610351562,125.45313279745749,310.3048683139882,42.060001373291016,167.99457285522465,133.7100067138672,122.70584239837481,299.4996780690973,41.417999267578125,168.86358325166134,133.9600067138672,123.05297186152897,299.4996780690973,41.47700119018555,56934900,61529400,30082400,20434600,48061000
2023-11-02,175.3514862060547,138.07000732421875,126.44493103027344,308.4494323730469,42.47100067138672,175.55885407348563,138.80999755859375,127.92271501549958,316.3375424870294,42.66899871826172,173.2678474852133,136.47000122070312,125.88952390924445,305.92920138835984,41.709999084472656,173.32709544733643,138.72999572753906,127.36730789447058,314.82935845841877,42.117000579833984,77334800,52236700,27124600,21631800,44760000
2023-11-03,174.44297790527344,138.60000610351562,128.041748046875,312.1504211425781,43.236000061035156,174.61086723243213,139.49000549316406,128.4682159884043,313.093005944509,43.481998443603516,171.1842192438163,137.4499969482422,126.81190712180837,308.59827930973705,42.553001403808594,172.06309922812656,138.99000549316406,126.970599202535,310.1163649869128,42.875999450683594,79829200,44059800,26393100,16764300,36671000
2023-11-06,176.9907684326172,139.74000549316406,129.18231201171875,313.3410949707031,43.4739990234375,177.1882666996337,140.72999572753906,129.27157062977093,315.85139458572127,43.50299835205078,174.0085099439187,138.36000061035156,127.61526180428386,312.00163061151295,42.96099853515625,174.1763842242903,138.75999450683594,127.9921517032279,313.5197164612281,43.4379997253418,63841300,44970400,19052700,12887700,30032000
2023-11-07,179.5484161376953,142.7100067138672,129.8964080810547,316.3375549316406,43.46099853515625,180.1606652677133,143.3699951171875,130.8287050924927,318.50057336518654,43.763999938964844,176.7340169447808,140.5,128.8153467097953,312.6663524101526,43.099998474121094,176.94138484513783,140.5500030517578,129.63854481279463,314.59124926347897,43.61800003051758,70530000,53553500,29757300,14055600,32911000
2023-11-08,180.60501098632812,142.0800018310547,130.75927734375,317.29010009765625,43.665000915527344,181.1580120556029,143.1199951171875,131.1262546701782,318.82801924162567,43.80699920654297,179.3212498937122,141.22000122070312,129.70796879855988,312.4282589574089,43.36800003051758,180.07176426042716,142.97000122070312,129.89641375169958,315.66288535306535,43.5,49340300,44521700,26425800,13609700,23568000
2023-11-09,180.13101196289062,140.60000610351562,129.17239379882812,318.0540466308594,43.51499938964844,181.81963914926845,142.64999389648438,131.46345569784398,321.6557867220615,44.03799819946289,179.5385022077218,139.83999633789062,129.0037891497348,316.3176728894775,43.435001373291016,180.67414339377055,142.02000427246094,130.8782957156304,316.93287073587214,43.803001403808594,53763500,36235400,23747800,16103100,27355000
2023-11-10,184.31369018554688,143.55999755859375,131.5031280517578,326.2100524902344,44.7239990234375,184.48180071812672,143.64999389648438,131.71141329610631,326.53749993312164,44.74800109863281,181.47581782404296,139.91000366210938,128.34920244954847,316.9725463498959,43.55099868774414,181.91089548671326,140.4600067138672,129.03354879478132,317.44881977593377,43.74800109863281,66133400,49287800,26913300,19096200,44406000
2023-11-13,182.73159790039062,142.58999633789062,131.00721740722656,326.6268310546875,44.46200180053711,183.94782669363863,143.22999572753906,131.50311876629735,329.74236633406514,44.84299850463867,182.1482051958573,140.6699981689453,130.1741067560777,323.16401492354265,44.2599983215332,183.74018560328048,142.0800018310547,130.69976098599605,323.66012177465035,44.724998474121094,43627500,35680600,18324800,16908900,28961000
2023-11-14,185.34205627441406,145.8000030517578,132.52468872070312,333.6913757324219,44.8650016784668,186.0045554032819,147.25999450683594,134.58764041410248,335.46744667370785,45.40800094604492,184.21481647353394,144.67999267578125,132.2271599799759,330.73456810569553,44.56399917602539,185.59914075952597,145.0,133.09002359550504,331.93516844363756,44.87799835205078,60108400,56674600,32395200,17179400,40609000
2023-11-15,185.90565490722656,143.1999969482422,133.51651000976562,330.1193542480469,46.194000244140625,187.3789832148446,147.2899932861328,133.92315285660584,335.7650516417798,46.275001525878906,185.67823345303117,142.58999633789062,132.47512900579213,327.450297436741,45.244998931884766,185.7474572062222,147.05999755859375,133.7644607504664,335.2987100726681,45.28099822998047,53790500,63875700,23861500,14531200,50353000
2023-11-16,187.5866241455078,142.8300018310547,135.8075408935547,331.58782958984375,46.69499969482422,188.8226331691939,143.32000732421875,136.09517216084916,331.97477710647036,46.72800064086914,186.53847581950137,139.52000427246094,133.21895029015656,323.83864463327063,45.96500015258789,187.44819173837502,140.91000366210938,134.0818138246226,326.8053532872348,46.29999923706055,54412900,49653500,28013200,18932600,36560000
2023-11-17,187.56686401367188,145.17999267578125,134.20082092285156,332.4312744140625,46.590999603271484,188.24914348244,145.22999572753906,134.94467294789172,332.88768422104437,46.76499938964844,186.4594046371221,142.5399932861328,132.5544248086727,326.78557624437,46.2760009765625,188.12059370194675,142.66000366210938,134.88516720728182,327.6884943120668,46.69499969482422,50922700,49636700,37240600,14494400,27985000
2023-11-20,189.3071746826172,146.1300048828125,135.1331024169922,337.3229064941406,47.446998596191406,189.76203272766995,146.6300048828125,135.5397451095659,339.2081065446803,47.67599868774414,187.75475490242272,144.72999572753906,132.5246567715882,331.5879122865215,46.540000915527344,187.7646375447921,145.1300048828125,132.5940902168256,332.28247401670154,46.540000915527344,46505100,41951200,27815500,16960500,36176000
2023-11-21,188.50624084472656,143.89999389648438,135.84722900390625,334.35614013671875,47.494998931884766,189.37639617894334,144.0500030517578,136.05549911438757,337.25338680796017,47.70199966430664,187.61632022600733,141.5,134.84551363674532,333.2845325230063,47.12099838256836,189.26762676216626,143.91000366210938,135.17279523893023,335.69560423392653,47.26300048828125,38134500,71226000,22635300,12027900,29977000
2023-11-22,189.16873168945312,146.7100067138672,137.35475158691406,338.8310241699219,47.79999923706055,190.77059476808083,147.74000549316406,138.2771207680308,340.2499126792458,48.27000045776367,188.69410838615653,144.57000732421875,136.34310866753836,335.9436788615161,47.65599822998047,189.34672485819107,144.57000732421875,136.34310866753836,336.5687782957013,47.68000030517578,39617700,45669100,17813900,10702700,28416000
2023-11-24,187.84371948242188,146.74000549316406,135.56951904296875,335.596435546875,47.95600128173828,188.76330300712377,147.1999969482422,136.99771741092056,339.1981456805994,48.040000915527344,187.13177703645835,145.32000732421875,134.87526015124462,334.1477818085071,47.52000045776367,188.73363999587542,146.6999969482422,136.8985310833705,337.4816354360319,47.71099853515625,24048300,22378400,12514300,5467500,14047000
2023-11-27,187.66571044921875,147.72999572753906,135.2918243408203,332.09393310546875,47.91699981689453,188.5358656068872,149.25999450683594,137.28534253189412,337.25342610918796,48.20000076293945,186.7856726513042,146.8800048828125,134.88518155844346,331.59782626203656,47.53499984741211,187.79426021241986,147.52999877929688,134.914934431914,333.56238998285437,47.90299987792969,40552600,53762400,23436500,15684500,36259000
2023-11-28,188.26890563964844,147.02999877929688,136.0753173828125,336.3504638671875,47.900001525878906,188.9413024556769,147.60000610351562,136.12491054089853,336.73744168864545,48.04999923706055,187.2800983304318,145.52999877929688,134.30990991764168,330.8039937193066,47.595001220703125,187.65584993609482,146.97999572753906,134.96450328347996,330.8039937193066,47.81100082397461,38415400,42711700,18730000,12637200,28902000
2023-11-29,187.25042724609375,146.32000732421875,133.8834686279297,329.6133728027344,47.71900177001953,189.9399842182602,148.5399932861328,137.15640583938017,337.25339941898335,48.0989990234375,186.85491037465812,145.97000122070312,133.73468912413915,328.20441615570996,47.44900131225586,188.7633011569372,147.85000610351562,136.44232172928395,337.04504303961954,47.900001525878906,43014200,40610900,23967200,16024500,28555000
2023-11-30,187.82395935058594,146.08999633789062,131.44361877441406,324.6026916503906,47.39699935913086,188.18982834207452,146.92999267578125,134.43886735166274,330.9032544248157,47.85900115966797,186.08366378848976,144.3300018310547,130.2038653225059,319.88967678227107,47.04199981689453,187.7151899349547,144.75999450683594,133.94296597089948,329.305804972317,47.53099822998047,48794400,65814000,38988300,23146400,42873000
2023-12-01,189.09950256347656,147.02999877929688,130.7790985107422,322.29083251953125,46.57400131225586,189.4159130354433,147.25,131.02704917414542,324.31492648520225,47.52299880981445,187.11199034893104,145.5500030517578,129.59885093154966,318.2624476796763,46.459999084472656,188.1996843513192,146.0,130.7790985107422,322.9456971366447,47.31700134277344,45704800,39951800,31442300,15276400,43415000
2023-12-04,187.30975341796875,144.83999633789062,128.2103271484375,317.5281982421875,45.38999938964844,187.92282418358675,145.35000610351562,128.9640916810593,318.3616540663768,46.119998931884766,185.35191925319242,142.80999755859375,126.85155485379651,311.2177340247724,45.119998931884766,187.85360043262926,145.25,128.8153273436033,314.81947438356156,46.0989990234375,43389500,48294200,36669900,19037100,51577000
2023-12-05,191.25509643554688,146.8800048828125,129.91622924804688,315.8117370605469,45.51499938964844,192.2241233156588,148.57000732421875,131.0567961953268,319.3737809484254,45.638999938964844,188.05135551468544,143.1300048828125,127.19868465026924,312.93432311312023,44.95800018310547,188.081033613139,143.5500030517578,127.89294345007906,316.4963670009987,45.06999969482422,66628400,46822400,27384800,16952100,33807000
2023-12-06,190.16741943359375,144.52000427246094,128.95419311523438,314.97821044921875,44.67300033569336,192.58009647341478,147.85000610351562,130.75926618523522,319.74082348141286,46.04999923706055,189.95976327032974,144.27999877929688,128.81534134061891,314.5713992512257,44.573001861572266,192.27356863697858,147.5800018310547,130.36255115310777,319.42330787127855,46.0,41089700,39679000,23576200,11294300,41788000
2023-12-07,192.0956268310547,146.8800048828125,135.8075408935547,324.0470275878906,45.20000076293945,192.81745204226402,147.9199981689453,137.42418419027493,325.6841739294483,45.28900146484375,191.42322992176048,145.33999633789062,133.59582503757497,315.29569659562253,44.832000732421875,191.46279066889767,146.14999389648438,133.9330343345262,315.29569659562253,45.084999084472656,47477700,52352800,56767100,15905100,35067000
2023-12-08,193.5194854736328,147.4199981689453,133.8834686279297,330.1590881347656,45.375999450683594,193.79635031367135,147.83999633789062,135.28189910781614,330.57583118602076,45.54999923706055,191.50231010992096,145.39999389648438,132.9313312582846,320.48500516162073,45.07600021362305,192.02637677770835,145.47999572753906,133.09993592227912,320.5743007554703,45.07600021362305,53406400,41906000,32260100,14087400,34584000
2023-12-11,191.01779174804688,145.88999938964844,132.1973876953125,322.74725341796875,45.98899841308594,191.3243346926335,146.19000244140625,132.24698086173262,327.3213740695982,47.064998626708984,189.27749628821252,143.63999938964844,130.28321556791462,317.50836658058734,45.72100067138672,190.9485830810774,145.66000366210938,131.29485865478858,326.8351687929006,45.93600082397461,60943700,50907300,31138000,25802500,49297000
2023-12-12,192.5306854248047,147.47999572753906,131.43370056152344,331.6176452636719,46.29999923706055,192.54056806660662,147.5,131.90976162921305,331.86569867463805,46.56100082397461,189.57414602172835,145.3000030517578,130.18401944998905,322.0328578303436,45.91999816894531,190.9189246189266,145.52000427246094,130.7295139721899,322.07255485448627,46.52299880981445,52696900,44944300,29032800,18485500,33027000
2023-12-13,195.74427795410156,148.83999633789062,131.48329162597656,332.133544921875,47.99800109863281,195.78382360297798,149.4600067138672,132.4056608757626,335.7352848543165,48.125,192.6690869899489,146.82000732421875,130.49148892278734,330.04992074802453,46.198001861572266,192.90639105920806,148.1199951171875,132.28664939416652,331.329854390829,46.198001861572266,70404200,52766200,30104800,16353300,58202000
2023-12-14,195.89259338378906,147.4199981689453,130.85845947265625,330.5758361816406,46.983001708984375,197.38568681182426,150.5399932861328,132.6238671868591,332.0939218599385,48.07600021362305,193.96442237725344,145.52000427246094,128.62690324736187,326.08110954354635,46.47600173950195,195.80360435764135,149.92999267578125,132.28665787823815,331.2505341986713,48.0359992980957,66831600,58400800,38722400,19607300,51764000
2023-12-15,195.3586883544922,149.97000122070312,131.51304626464844,332.31219482421875,47.20600128173828,196.17938523204796,150.57000732421875,132.41557523506742,336.02306402754414,47.29999923706055,194.7950608853233,147.8800048828125,130.10467308952005,328.64099236363404,46.72999954223633,195.3191276085836,148.3800048828125,130.54106870618423,329.40498594080213,46.72999954223633,128538400,110089300,50847100,31776900,78410000
2023-12-18,193.69747924804688,154.07000732421875,134.6868133544922,341.9366149902344,48.61199951171875,194.42920214917604,154.85000610351562,136.02573795572846,344.85372513219124,49.20399856567383,192.21426816132805,150.0500030517578,131.34442787355178,334.3957862578285,47.5099983215332,193.89523770867535,150.55999755859375,131.54280052592037,334.85222627402004,47.630001068115234,55751900,62512800,32258000,18993900,64107000
2023-12-19,194.73570251464844,153.7899932861328,135.5298614501953,347.6319885253906,49.50199890136719,194.74558515548247,155.1199951171875,136.34314709968973,350.84678160666897,49.61399841308594,193.69745188302565,152.69000244140625,134.96454166164182,342.4327982605504,48.40599822998047,193.96443406555753,154.39999389648438,135.71830642428358,342.8892080987716,48.84000015258789,40714100,43171300,25476800,17729400,38490000
2023-12-20,192.6493377685547,152.1199951171875,137.20599365234375,346.5603942871094,48.926998138427734,195.46742966263125,155.6300048828125,140.5384516154751,352.196160744239,50.0890007019043,192.6493377685547,151.55999755859375,136.93821779664987,345.0820055877461,48.8390007019043,194.69616113684165,152.89999389648438,137.83083424971508,345.9352948214848,49.20000076293945,52242800,50322100,49107200,16369900,45637000
2023-12-21,192.5010223388672,153.83999633789062,139.26893615722656,351.3329162597656,49.1609992980957,194.87416921268178,153.97000122070312,139.5367271291243,353.6348591200321,49.439998626708984,191.3342368191114,152.10000610351562,138.03909533601887,346.49090896056947,48.676998138427734,193.90514216040955,153.3000030517578,138.34656689160218,350.2315736784916,49.26599884033203,46482500,36305700,27488300,15289600,27562000
2023-12-22,191.43309020996094,153.4199981689453,140.33018493652344,350.6383972167969,48.67599868774414,193.22282892375426,154.35000610351562,140.8260863411753,354.4187288106996,49.60200119018555,190.81013681243016,152.7100067138672,139.5565799559633,348.4852802675343,48.54499816894531,192.9953923922105,153.77000427246094,139.61608570312794,352.8113172583685,49.400001525878906,37149600,29514100,26532200,11772800,27027000
2023-12-26,190.88926696777344,153.41000366210938,140.35992431640625,352.0671081542969,49.11899948120117,191.71986154255086,153.97999572753906,141.5104039629761,354.2003914352068,49.14799880981445,190.67172813799795,153.02999877929688,140.03262760475596,350.69787893895216,48.63800048828125,191.44299668429173,153.55999755859375,140.42934263685476,352.22586595026877,48.93899917602539,28919300,25067200,16780300,9898600,20345000
2023-12-27,190.9881134033203,153.33999633789062,139.2193603515625,355.0438232421875,49.17900085449219,191.3342019743918,154.77999877929688,140.91534987341666,356.20472662149,49.402000427246094,188.9511728919884,153.1199951171875,138.74329922394273,352.54345556056035,48.92499923706055,190.33551208827305,153.55999755859375,140.4293610317835,353.297547679764,49.124000549316406,48087700,31434700,19628600,13207900,25613000
2023-12-28,191.413330078125,153.3800048828125,139.08050537109375,355.5299987792969,49.05099868774414,192.4812438348005,154.0800018310547,139.98304957042203,359.08211028758853,49.28900146484375,191.00791544042355,152.9499969482422,138.60444425438513,355.0239601332717,48.90700149536133,191.96705978425237,153.72000122070312,139.62599994946305,356.8992584473952,49.20000076293945,34049900,27057000,16045700,11798800,17105000
2023-12-29,190.37506103515625,151.94000244140625,138.544921875,351.20391845703125,48.6879997253418,192.2241257878035,153.88999938964844,139.20942786934887,357.19689709783825,49.222999572753906,189.58401220758475,151.02999877929688,137.6423777840169,349.0805970920824,48.194000244140625,191.72972215657148,153.10000610351562,138.4854161342685,356.19475166917226,49.0369987487793,42672100,39823200,18733000,14987100,27406000
2024-01-02,183.56219482421875,149.92999267578125,137.03738403320312,343.59368896484375,46.849998474121094,186.33085840634024,152.3800048828125,138.30689034141093,350.4101922055912,48.46500015258789,181.83178197139316,148.38999938964844,135.36123496575607,337.36258817062776,46.18600082397461,185.05528848269014,151.5399932861328,137.41427392066478,348.58452264014767,48.319000244140625,82488700,47339400,23711200,19042200,50494000
2024-01-03,182.187744140625,148.47000122070312,137.78125,341.7878723144531,47.0260009765625,183.79950485996184,151.0500030517578,138.48543668179107,345.2407870717122,47.505001068115234,181.37691491631995,148.3300018310547,135.95633638949388,340.50790809616456,46.57699966430664,182.15808112880916,149.1999969482422,136.12494105781897,342.29391101748917,46.731998443603516,58414500,49425500,24212100,15451100,34437000
2024-01-04,179.8739471435547,144.57000732421875,135.27198791503906,344.4171447753906,47.46699905395508,181.04073256447913,147.3800048828125,138.01928600247774,345.4391234677094,48.07400131225586,178.85547678867908,144.0500030517578,135.23232246051418,340.72610934954895,46.65299987792969,180.1112512492328,145.58999633789062,137.2853464572302,341.81755025395563,47.29800033569336,71983600,56039800,27137700,12099900,36365000
2024-01-05,179.15206909179688,145.24000549316406,134.6173553466797,349.2096252441406,47.40599822998047,180.71438617229708,146.58999633789062,136.0356408571504,350.7475443733981,47.95500183105469,178.15337931927436,144.52999877929688,134.0421080538886,343.5639268458326,47.18000030517578,179.95301554334404,144.69000244140625,135.6289981811541,344.2882234705981,47.650001525878906,62379700,45153100,22513900,13920700,26313000
2024-01-08,183.48309326171875,149.10000610351562,137.70188903808594,355.86737060546875,48.50299835205078,183.52265400582175,149.39999389648438,137.87049368814525,356.1848862578455,48.52399826049805,179.46853775144191,146.14999389648438,135.1430361482217,349.3088222783808,47.3650016784668,180.05193047893468,146.74000549316406,135.17278901977872,351.9382128171741,47.388999938964844,59144500,46757100,21404000,13890200,36758000
2024-01-09,183.06777954101562,151.3699951171875,139.7946014404297,354.64691162109375,48.20899963378906,183.07766218215258,151.7100067138672,140.33018342656837,357.8319391849978,48.50899887084961,180.68475037086026,148.2100067138672,137.01755057751834,352.5930221333329,47.380001068115234,181.86143345023166,148.3300018310547,137.3646876105234,353.62493279017207,47.553001403808594,42841800,43812600,24759600,13463900,35268000
2024-01-10,184.1060333251953,153.72999572753906,141.1136932373047,367.5854187011719,47.83300018310547,184.31367440860302,154.4199981689453,141.82779242384171,370.03618780504775,48.70000076293945,181.8614365329183,151.8800048828125,139.75492832050645,356.2840898762662,47.29499816894531,182.2866315170422,152.05999755859375,139.84418693539638,357.36562947931844,48.15999984741211,46792900,44421800,21320200,22117200,43424000
2024-01-11,183.51272583007812,155.17999267578125,140.91534423828125,366.7916259765625,49.222999572753906,184.9563909902637,157.1699981689453,144.02960443815402,369.8773958319146,50.340999603271484,181.56477442626638,153.1199951171875,139.4871457788245,360.10408551905675,48.38199996948242,184.45208965863696,155.0399932861328,142.3137898243085,369.2324630283158,49.25400161743164,49128400,49072700,24008700,17205400,79933000
2024-01-12,183.83905029296875,154.6199951171875,141.48065185546875,371.5740661621094,49.215999603271484,184.64987951630312,156.1999969482422,142.02614637782855,374.1240624141553,50.07899856567383,183.11722519297732,154.00999450683594,140.6574689161085,366.6626269467996,49.06100082397461,183.97748271061099,155.38999938964844,141.50049214729324,367.277794541933,50.05099868774414,40477800,40484200,18785500,19310000,50037000
2024-01-16,181.57469177246094,153.16000366210938,141.3219757080078,364.598876953125,48.124000549316406,182.1976301200088,154.99000549316406,143.16672938152487,372.6854134222151,49.415000915527344,178.90489995610474,152.14999389648438,140.29049239931624,364.37068715674644,47.801998138427734,180.12114381484557,153.52999877929688,140.83598692471,370.7406828393577,49.0,65603000,41384600,22670500,15306900,46790000
2024-01-17,180.6352996826172,151.7100067138672,140.31033325195312,365.501708984375,48.03300094604492,180.88250149305736,152.14999389648438,140.67729541881693,365.6703986149391,48.62099838256836,178.2819487070673,149.91000366210938,137.76139297479475,355.8176948238154,47.5260009765625,179.24109293861534,151.49000549316406,140.19132176728564,363.4478196213952,48.45000076293945,47317400,34953400,20968600,12724800,48946000
2024-01-18,186.51873779296875,153.5,142.30384826660156,373.2013244628906,48.53099822998047,187.0230241166397,153.77999877929688,143.02787513950906,373.91571950102383,48.57699966430664,183.7500741577492,151.82000732421875,140.8260719176682,368.06166503074314,47.801998138427734,184.00715864056133,152.77000427246094,140.8855776587382,368.59743859937487,48.00299835205078,78005800,37850200,25746400,16354300,40544000
2024-01-19,189.4159393310547,155.33999633789062,145.18006896972656,380.46429443359375,48.29499816894531,189.80157360580037,155.75999450683594,145.24948728197865,381.36718210960373,48.56700134277344,186.70661676571424,152.74000549316406,143.19646377602606,375.0269533277706,47.60599899291992,187.21090309791916,153.8300018310547,143.5535133162404,376.04893206387004,48.49800109863281,68903000,51651600,34271900,21670800,56724000
2024-01-22,191.71983337402344,154.77999877929688,144.7932891845703,378.8072814941406,48.57099914550781,193.14371820043874,157.0500030517578,147.17360973542569,387.310558740859,48.97999954223633,190.1080727596782,153.89999389648438,144.64450969157375,378.19211394834883,47.9900016784668,190.14763349819026,156.88999938964844,145.89419084442545,384.9292523171683,48.755001068115234,60133900,43687500,32200400,17680500,52123000
2024-01-23,192.9954071044922,156.02000427246094,145.8346710205078,382.20068359375,49.21900177001953,193.55903452389106,156.2100067138672,145.9735228014156,385.3559155148058,49.895999908447266,191.66052626402544,153.92999267578125,144.30730143052193,379.10495178521484,48.13999938964844,192.83720939883855,154.85000610351562,144.6941039011729,381.6251827598736,49.20000076293945,42355600,37986000,21636100,15506100,155060000
2024-01-24,192.32302856445312,156.8699951171875,147.48109436035156,387.6578674316406,54.48699951171875,194.18199120084623,158.50999450683594,148.62167682319577,393.0654134087709,56.25,192.16481576816378,156.47999572753906,146.886021675735,384.7903555799496,53.707000732421875,193.23272951111284,157.8000030517578,147.32240225763573,386.96330579643376,53.775001525878906,53631300,48547300,25233500,15698500,264328000
2024-01-25,191.99671936035156,157.75,150.62509155273438,390.1186218261719,56.20000076293945,194.07322080915367,158.50999450683594,151.79542676635216,392.4106333241311,56.34600067138672,190.94858599423335,154.5500030517578,148.3141891335314,382.65718481307147,54.84600067138672,193.03497008475262,156.9499969482422,148.83985855855067,387.132078823355,55.19499969482422,54822100,43638600,29149100,15091100,94519000
2024-01-26,190.26629638671875,159.1199951171875,150.9424591064453,391.0711669921875,57.04199981689453,192.58010181757646,160.72000122070312,151.28958097989496,393.70052754200304,57.9640007019043,189.7916731135176,157.91000366210938,149.77212402167038,388.54100359975314,55.84299850463867,192.09559590318426,158.4199981689453,149.86139776851957,391.2795234146356,56.180999755859375,44594000,51047400,26115500,13163700,127706000
2024-01-29,189.5840301513672,161.25999450683594,152.2516326904297,397.89752197265625,57.57899856567383,190.04877081575225,161.2899932861328,152.51942366682596,399.7926537489581,57.85499954223633,187.45810037105477,158.89999389648438,150.18868118167268,390.03920652616733,56.268001556396484,189.86089500402176,159.33999633789062,150.81352174869434,391.91447464954996,57.1349983215332,47145600,45270400,27784300,18742400,69054000
2024-01-30,185.93531799316406,159.0,150.2184295654297,396.9449768066406,56.28499984741211,189.65324309628332,161.72999572753906,152.360711695651,403.1959104756482,57.0880012512207,185.37170567810733,158.49000549316406,149.950638624012,396.4588018243719,56.082000732421875,188.80286821503816,160.6999969482422,151.54744142716578,400.4474896600289,56.731998443603516,55859400,45207400,36331800,18614700,61818000
2024-01-31,182.3360595703125,155.1999969482422,138.95155334472656,387.102294921875,56.4109992980957,185.00585134318092,159.00999450683594,142.81957751562527,394.90108062291085,57.21500015258789,182.28663127585358,154.80999755859375,138.72342784548118,384.0859565814415,56.20399856567383,184.94651023142666,157.0,142.44268767661725,385.971156689227,56.28499984741211,55467800,50284400,71910000,20180800,48576000
2024-02-01,184.76853942871094,159.27999877929688,140.00291442871094,391.70611572265625,56.750999450683594,184.85752846784007,159.75999450683594,141.88733406602762,397.3815791884309,57.26599884033203,181.76257176566293,155.6199951171875,139.63593702957755,389.9895751539661,56.382999420166016,181.93066720224104,155.8699951171875,140.9550368291843,390.8726598643205,56.70199966430664,64885400,76542400,40466500,29727100,31740000
2024-02-02,183.76983642578125,171.80999755859375,141.212890625,471.2915344238281,56.4640007019043,185.2332669548565,172.5,141.45091361668173,482.176118971358,56.779998779296875,177.24370243482153,167.3300018310547,135.38108518943704,449.48269858581074,56.23699951171875,177.84687547061628,169.19000244140625,138.11845552974717,456.0213826629202,56.45199966430664,102551700,117218300,62499600,84707600,40328000
2024-02-05,185.579345703125,170.30999755859375,142.50221252441406,455.8328857421875,56.20600128173828,187.1317803970082,170.5500030517578,144.27754793012062,468.2256247901911,57.57500076293945,183.75994390321247,167.6999969482422,141.60959609870966,455.6443627225016,55.720001220703125,186.0440863383638,170.1999969482422,141.64927668377285,466.22136407769085,56.24700164794922,69668800,55081300,38505400,40832400,41431000
2024-02-06,187.18121337890625,169.14999389648438,142.91879272460938,451.1793518066406,55.5880012512207,187.19109601961685,170.7100067138672,144.16845883237673,463.48279391079984,56.63399887084961,184.67953227102765,167.64999389648438,142.0162485243668,449.47274327000224,55.4370002746582,184.76852130142626,169.38999938964844,143.4642721698212,460.387092444329,56.4119987487793,43490800,42505500,29128200,21655200,28403000
2024-02-07,187.2899932861328,170.52999877929688,144.3469696044922,465.9335632324219,55.93000030517578,188.91163664571195,170.8800048828125,144.4263156427516,467.84852814106995,56.779998779296875,186.49894443287428,168.94000244140625,142.7501665270815,452.62797572422755,55.49800109863281,188.50622203381667,169.47999572753906,143.57336464859975,454.4338116753669,55.816001892089844,53439000,47174100,25208900,23066000,43736000
2024-02-08,186.21218872070312,169.83999633789062,144.7139434814453,466.3403625488281,55.85300064086914,187.41851968576853,171.42999267578125,145.13049882211826,466.925764902263,56.369998931884766,185.25304448034683,168.8800048828125,143.91058567202538,461.4090600570604,55.57400131225586,187.27020463334281,169.64999389648438,144.63459744507298,464.67345107328936,56.05500030517578,40962000,42316500,22563800,18815100,31755000
2024-02-09,186.97454833984375,174.4499969482422,147.77859497070312,464.4651184082031,56.13199996948242,188.10322646586073,175.0,148.21499055845277,469.9024601255168,56.599998474121094,186.13298359451971,170.5800018310547,144.98170423123912,463.8301174160843,55.810001373291016,186.77652244170517,170.89999389648438,145.47760555664416,469.26745913339795,56.5,45155200,56986000,26829500,18413100,30557000
2024-02-12,185.29144287109375,172.33999633789062,146.32064819335938,465.24896240234375,55.78499984741211,186.79635226997033,175.38999938964844,148.11580862305635,475.41915205194476,56.84400177001953,184.93501735839288,171.5399932861328,146.16195613244383,462.947019526659,55.70000076293945,186.54883497246297,174.8000030517578,147.20335197335376,464.5444992074422,56.0359992980957,41781900,51050400,21564100,19382000,36085000
2024-02-13,183.20236206054688,168.63999938964844,143.9502410888672,456.5373229980469,55.45199966430664,184.360756090923,170.9499969482422,145.46769798615009,464.2468421541009,55.91999816894531,181.68755769129083,165.75,142.51213022242555,451.54648973334866,54.900001525878906,183.92512331150874,167.72999572753906,143.73204328748068,453.3126287541774,55.08000183105469,56529500,56345100,27837700,20916600,35115000
2024-02-14,182.3212127685547,170.97999572753906,144.7436981201172,469.5948791503906,57.93299865722656,183.6875129162611,171.2100067138672,145.31894554055629,470.4184031638811,58.125,180.62820312290157,168.27999877929688,142.90885694916992,462.4608605223656,56.433998107910156,183.4796068721132,169.2100067138672,144.88254990203635,464.28653002066994,56.72600173950195,54630500,42815500,22704200,16858400,56342000
2024-02-15,182.0341033935547,169.8000030517578,141.5996856689453,480.2611389160156,59.34600067138672,182.65785175424014,171.1699981689453,142.34353774622787,484.8153956241021,59.37699890136719,179.54903541760635,167.58999633789062,139.30862369230854,468.5430989342173,58.03200149536133,181.727184392981,170.5800018310547,141.9666478509511,471.5792700729416,58.191001892089844,65434500,49855200,37590700,24212300,52209000
2024-02-16,180.4994659423828,169.50999450683594,139.36813354492188,469.634521484375,58.39500045776367,183.01424950876478,170.4199981689453,142.01624520205476,475.23059012184814,59.70000076293945,179.8658224253954,167.1699981689453,138.9912436385364,465.556508076683,57.74599838256836,181.59844306951368,168.74000549316406,141.8178876690081,474.3872025542275,59.69499969482422,49752500,48107700,31468900,23324600,43257000
2024-02-20,179.75694274902344,167.0800018310547,139.9632110595703,468.0767822265625,57.51300048828125,180.6182980286837,168.7100067138672,140.915348438827,472.4722813616275,58.599998474121094,178.2124373755958,165.74000549316406,138.34658273143967,462.9271910394476,56.965999603271484,179.98465441119404,167.8300018310547,138.51518739713623,466.0625897590752,58.018001556396484,53665600,41980300,25144700,18015500,31242000
2024-02-21,180.5093994140625,168.58999633789062,141.38148498535156,464.8785095214844,57.334999084472656,181.0737309260645,170.22999572753906,141.5203367649503,465.8419792197742,57.577999114990234,178.86588113831095,167.13999938964844,139.5268035526364,458.68053638482485,56.731998443603516,180.13316833455778,168.94000244140625,140.29049590728383,463.3588130192424,57.35100173950195,41371400,44420100,23223300,12921800,22706000
2024-02-22,182.5390167236328,174.5800018310547,142.90887451171875,482.8565979003906,58.84700012207031,183.12316891523534,174.8000030517578,143.8114187719645,486.69059163885595,59.084999084472656,180.6479964148563,171.77000427246094,141.62945544492516,472.8543980185372,57.888999938964844,181.65785591778803,173.10000610351562,143.7419853056174,477.0062442785985,58.275001525878906,52292200,55392400,27191900,21625800,35266000
2024-02-23,180.70741271972656,174.99000549316406,142.77992248535156,480.77069091796875,58.35599899291992,183.20237592421455,175.75,143.4940065020115,491.0311185651113,59.24300003051758,180.42028422645075,173.6999969482422,142.25425313452644,479.10201079171736,57.981998443603516,183.17267506039363,174.27999877929688,142.4922912292185,484.7636105726592,58.63999938964844,45119700,59715200,19493800,18374300,25689000
2024-02-26,179.3609161376953,174.72999572753906,136.4423065185547,478.4961853027344,58.76499938964844,180.9450175834942,176.3699951171875,141.27238088903258,482.8665820728748,59.07500076293945,178.85597124394113,174.25999450683594,136.26377416065105,477.3638772756252,58.32699966430664,180.43019254491847,175.6999969482422,140.9748370483321,480.2145472288163,58.35599899291992,40867400,44368600,53641800,12101400,23937000
2024-02-27,180.81631469726562,173.5399932861328,137.74156188964844,483.7703857421875,60.16699981689453,182.09349711935678,174.6199951171875,138.10852404072233,483.9889055616532,60.5359992980957,177.77679547469845,172.86000061035156,135.9662266066363,476.68842180532044,59.233001708984375,179.30151026553332,174.0800018310547,136.8886109742461,476.74801536407614,59.5,54318900,31141700,33099200,10809600,44894000
2024-02-28,179.61831665039062,173.16000366210938,135.26206970214844,480.7607421875,59.64799880981445,181.30143093346823,174.0500030517578,136.87869796321857,487.74340304330303,59.81700134277344,178.34113428414614,172.27000427246094,134.30001978259713,479.49930490259146,59.000999450683594,180.69748823755316,172.44000244140625,136.76959905068048,481.73415407096195,59.57899856567383,48953900,28180500,37328600,12715500,26052000
2024-02-29,178.95498657226562,176.75999450683594,137.32501220703125,486.8297119140625,60.29199981689453,180.75691955299587,177.22000122070312,137.72172724425474,488.38914758569643,60.45199966430664,177.74710108364005,172.85000610351562,135.2818858775754,479.3603284739242,59.51599884033203,179.4698267249393,173.00999450683594,136.15467711991738,485.15108911299444,60.42499923706055,136682600,53805400,42133000,17732000,35721000
2024-03-01,177.87582397460938,178.22000122070312,136.0158233642578,498.9176940917969,61.933998107910156,178.7371792855814,178.72999572753906,137.7316378191588,500.8545756713837,62.02799987792969,175.61846756104012,176.07000732421875,135.79762555684746,488.5380785343457,59.95000076293945,177.76691576574171,176.75,137.29524220433814,488.7963071827619,59.98099899291992,73563100,31981200,31151100,16273600,42703000
2024-03-04,173.361083984375,177.5800018310547,132.2569122314453,494.8353576660156,61.58300018310547,175.14319605787904,180.13999938964844,134.54797432652032,501.023417843007,62.44200134277344,172.06408093389737,177.49000549316406,130.8287137478375,493.0772871660998,61.507999420166016,174.40064432483445,177.52999877929688,134.54797432652032,499.61296631053943,62.15599822998047,81510100,37381500,55999400,12324100,30203000
2024-03-05,168.43055725097656,174.1199951171875,131.58245849609375,486.9190673828125,59.849998474121094,170.33148818677603,176.92999267578125,132.1477932825311,492.2429608634323,61.090999603271484,167.93552268101038,173.3000030517578,129.59885315483893,484.6047699531748,59.20000076293945,169.06420089624305,176.92999267578125,130.7989410451295,491.6668796750701,61.0099983215332,95132400,37228300,40194800,15325300,38496000
2024-03-06,167.44046020507812,173.50999450683594,130.32290649414062,492.74951171875,59.76900100708008,169.53941670485264,176.4600067138672,132.48504487625735,499.583189220119,60.792999267578125,167.00482743895031,173.25999450683594,129.777426958027,490.96164437082433,59.35599899291992,169.36119643359416,175.5399932861328,132.02880884320837,494.2791504217165,60.29899978637695,68587700,32090900,35318600,11757900,24696000
2024-03-07,167.3216552734375,176.82000732421875,133.27845764160156,508.7410888671875,60.85100173950195,169.0344703547855,177.99000549316406,133.83386475709858,516.3494823533294,61.053001403808594,166.81672553933012,173.72000122070312,130.53115980204433,498.0038821618696,59.59000015258789,167.47015957545335,174.8300018310547,131.70147977631177,499.8910821445539,59.933998107910156,71765100,34063300,37738200,18586400,27428000
2024-03-08,169.0344696044922,175.35000610351562,134.30001831054688,502.54315185546875,60.481998443603516,171.97497562938204,178.7899932861328,136.95804250148979,520.0445011354961,61.60900115966797,167.26225281020422,174.3300018310547,132.90157275617153,495.9875874923853,60.08399963378906,167.32165453074688,176.44000244140625,133.10985799917378,510.72765736734266,60.82699966430664,76267000,37893200,39370400,18597100,27772000
2024-03-11,171.03443908691406,171.9600067138672,136.54148864746094,480.3337097167969,60.09299850463867,172.6482565736913,174.47000122070312,137.95977451047298,493.97126872640746,61.099998474121094,170.34139373001014,171.47000122070312,135.01411900561908,472.79482114316187,60.0369987487793,171.2225546353428,174.30999755859375,135.01411900561908,493.6633585577727,60.80799865722656,60139500,28484800,32437800,20428300,25009000
2024-03-12,171.50967407226562,175.38999938964844,137.36468505859375,496.3848876953125,61.108001708984375,172.30173241116674,176.75999450683594,138.23747634796243,498.9276472763487,61.529998779296875,169.31171935776177,171.97999572753906,135.90673376099352,481.46603715056744,59.62699890136719,171.43046672764987,173.5,135.90673376099352,489.9385984033987,60.020999908447266,59825400,36610600,27563400,15448200,28216000
2024-03-13,169.4305419921875,176.55999755859375,138.6440887451172,492.2330322265625,60.94499969482422,171.4700820663792,177.6199951171875,139.93343524438993,497.6066070345607,61.48500061035156,169.06420612614593,175.5500030517578,137.85065871514112,487.72359432803495,60.72100067138672,171.05425482761498,175.89999389648438,137.86057129371812,492.05425155124124,61.33700180053711,52488700,30772600,23347200,12090700,21921000
2024-03-14,171.28195190429688,178.75,141.92698669433594,488.5181884765625,61.30099868774414,172.57893998999515,179.52999877929688,142.41296038062768,497.9741037778643,62.08000183105469,170.34138929390355,176.47000122070312,139.30862790840655,484.8729178506202,60.73500061035156,171.19284931228447,177.69000244140625,140.03263971476812,496.8914470652399,61.5,72913500,43705800,42753400,12620000,31205000
2024-03-15,170.9056854248047,174.4199981689453,140.02268981933594,480.8403015136719,60.5880012512207,170.9056854248047,177.92999267578125,142.0062951045536,488.5182318843105,62.29199981689453,168.59882311892224,173.89999389648438,138.8821228338187,478.059137225896,60.38199996948242,169.47008856862954,176.63999938964844,141.33187657175912,485.71724349168346,62.29199981689453,121752700,72147400,49475400,29153600,66716000
2024-03-18,171.99478149414062,174.47999572753906,146.4694061279297,493.633544921875,61.8390007019043,175.94516209588443,176.69000244140625,150.902765124804,494.070584561547,62.74100112915039,171.79677072295308,174.27999877929688,145.9635922313326,483.5320123264852,61.04499816894531,173.82641511894556,175.8000030517578,147.39179044961523,488.5976770138942,61.35599899291992,75604200,31250700,69273700,11755300,33442000
2024-03-19,174.3313751220703,175.89999389648438,145.82476806640625,492.8985290527344,62.07400131225586,174.8561105550952,176.08999633789062,147.5703355892813,493.28591751458134,62.12799835205078,171.31166123855039,173.52000427246094,144.88255840993227,478.03927158062527,60.79999923706055,172.6086493883763,174.22000122070312,146.9455101008083,484.8828919098991,61.5620002746582,55215200,26880900,24070400,10903100,21426000
2024-03-20,176.8956298828125,178.14999389648438,147.52078247070312,502.11602783203125,62.76900100708008,176.8956298828125,178.52999877929688,147.63979398694903,504.77800486477514,62.95100021362305,173.3511809805003,174.63999938964844,145.53717648680416,491.8357446734777,61.83399963378906,173.97492929704185,176.13999938964844,146.78684280852394,496.136574918537,61.994998931884766,53423100,29947200,21311500,11711100,26395000
2024-03-21,169.6681365966797,178.14999389648438,146.39007568359375,504.3409423828125,62.270999908447266,175.72736975318543,181.4199981689453,149.13735809948852,511.5718900411895,63.43600082397461,169.14340118299,178.14999389648438,145.69580172878864,502.6027262330663,62.233001708984375,175.29173693263047,179.99000549316406,148.24474177717806,511.24415578806696,63.064998626708984,106181300,32824300,24755600,9712500,25077000
2024-03-22,170.56910705566406,178.8699951171875,149.53411865234375,506.148681640625,62.80099868774414,171.33146450930536,179.25999450683594,150.33747653257558,506.5360700886192,62.904998779296875,168.37115239719608,176.75,147.7587830911578,500.9439753750218,62.099998474121094,170.05426688241553,177.75,147.8976348836212,503.5860676514322,62.41600036621094,71160100,27995400,29211800,8120600,21357000
2024-03-25,169.1533203125,179.7100067138672,148.83984375,499.63287353515625,62.74599838256836,170.23249206020807,180.99000549316406,149.14730017654827,503.80460470631,63.04600143432617,167.76721443821097,177.24000549316406,146.60828759558476,496.8715940455522,62.316001892089844,168.87610215909345,178.00999450683594,148.71090455162476,502.3842409725829,62.790000915527344,54288300,29815500,19229300,8380600,18033000
2024-03-26,168.02459716796875,178.3000030517578,149.43492126464844,492.5509033203125,62.92399978637695,169.71760650173536,180.4499969482422,151.011884033954,506.5658780636044,63.43899917602539,167.89588337856168,177.9499969482422,148.7505749332153,491.87545911237584,61.917999267578125,168.31171049750878,180.14999389648438,148.98861304571224,501.72867541124447,62.52000045776367,57388400,29659000,22149100,11205400,28045000
2024-03-27,171.5888671875,179.8300018310547,149.63328552246094,490.5345153808594,61.35300064086914,171.87599567632833,180.0,150.39697792574609,496.5239406969625,63.1349983215332,168.42064920188324,177.30999755859375,147.6794327705728,484.78352491807254,61.073001861572266,168.71767294274684,179.8800048828125,149.94074197303146,495.93788686349995,62.9010009765625,60273300,33272600,22879200,9989700,26283000
2024-03-28,169.77703857421875,180.3800048828125,149.6927947998047,482.310302734375,60.733001708984375,170.51959037094832,181.6999969482422,150.1886962178925,489.57110826984064,61.5,168.81667037520143,179.25999450683594,148.9390300924469,481.88320544172586,60.159000396728516,170.0443614510728,180.1699981689453,149.61346389057567,489.5214267607809,61.499000549316406,65672700,38051600,24485400,15212800,37088000
2024-04-01,168.3414306640625,180.97000122070312,154.21542358398438,488.0414733886719,61.430999755859375,169.54931605122675,183.0,154.4633742852125,494.08052003170116,61.51100158691406,167.79688969325008,179.9499969482422,149.3754210532241,478.53590624338904,60.55699920654297,169.48991432845702,180.7899932861328,149.45476709366227,483.91942370792447,60.79999923706055,46240500,29174500,31730800,9247000,21159000
2024-04-02,167.16323852539062,180.69000244140625,153.2930450439453,494.02093505859375,61.42100143432617,167.6582730022656,180.7899932861328,153.43189683666333,494.1798613298688,61.50299835205078,166.55929585931307,178.3800048828125,150.90279655942555,481.38658445705084,60.55099868774414,167.4008605129018,179.07000732421875,152.24173645140743,481.8335664895174,61.099998474121094,49329500,32611500,24586000,11081000,20292000
2024-04-03,167.9652099609375,182.41000366210938,153.6501007080078,503.3278503417969,63.007999420166016,168.98497988400436,182.8699951171875,153.80879280126453,503.82448358571054,63.04100036621094,166.90584392266877,179.8000030517578,151.4780499744034,495.39166080392386,61.150001525878906,167.11374996517486,179.89999389648438,152.3409287729174,495.57044149683173,61.275001525878906,47691700,31046600,24705000,12099200,29312000
2024-04-04,167.14346313476562,180.0,149.29605102539062,507.4796447753906,61.7140007019043,170.21266810452119,185.10000610351562,153.501299690698,526.4311529440604,63.79999923706055,167.14346313476562,180.0,149.216704997701,507.1419075498126,61.65800094604492,168.59885072968464,184.0,152.24170609339924,512.9425792580104,63.32099914550781,53704400,41624300,34724700,26476300,30643000
2024-04-05,167.89590454101562,185.07000732421875,151.2499237060547,523.7891235351562,63.61800003051758,168.69785802201392,186.27000427246094,152.1623804461379,527.1264840478417,63.79100036621094,167.27215623034843,181.97000122070312,148.37370170217739,510.94613579364227,62.270999908447266,167.90579979250484,182.3800048828125,148.80016963270904,513.3796505682054,62.492000579833984,42104800,42374000,23459200,19263300,33788000
2024-04-08,166.7771453857422,185.19000244140625,153.58065795898438,515.7536010742188,62.840999603271484,167.51969724864153,187.2899932861328,153.99721328727458,527.9111726495528,63.900001525878906,166.56923932419392,184.80999755859375,151.35901440772807,515.3960397041614,62.81100082397461,167.35138730592178,186.89999389648438,151.52761905486636,525.7160926076674,63.638999938964844,37425500,39221300,20702000,13260600,21457000
2024-04-09,167.9850311279297,185.6699981689453,155.31631469726562,513.41943359375,61.81999969482422,168.3909631058002,187.33999633789062,157.26023958727896,522.3290042268167,63.19900131225586,166.6781477036779,184.1999969482422,153.91786920573918,503.3278128790067,61.5629997253418,167.02466284236104,187.24000549316406,154.81048561572567,518.7134999304255,63.19900131225586,42373800,36520100,31079500,10863800,21436000
2024-04-10,166.11380004882812,185.9499969482422,154.86009216308594,516.32958984375,61.858001708984375,167.41078821247058,186.27000427246094,155.32624070054823,519.0411871916722,62.013999938964844,165.45045553411236,182.6699981689453,153.41205338281176,502.39403584687636,60.933998107910156,167.1236748074244,182.77000427246094,154.92952562487014,505.8605555247708,61.09700012207031,49709300,35879200,22838600,11418500,28062000
2024-04-11,173.3016815185547,189.0500030517578,158.10330200195312,519.63720703125,62.87799835205078,173.7175238179071,189.77000427246094,158.37107788543062,520.3325056145172,63.16600036621094,166.49001666248702,185.50999450683594,155.17748650921038,513.8067382940332,61.7239990234375,166.66822184170525,186.74000549316406,155.62379478205062,517.6010230992423,62.44200134277344,91070300,40020700,27166400,10369500,26627000
2024-04-12,174.7967071533203,186.1300048828125,156.43704223632812,508.45306396484375,62.28300094604492,176.58872985356905,188.3800048828125,158.90663651169768,516.6872509060779,63.3120002746582,172.47994902506244,185.0800018310547,155.85188225072014,505.9003620426098,61.891998291015625,172.52944039553972,187.72000122070312,156.66516776322655,514.2636784657437,62.823001861572266,101670900,38608800,25353700,11984500,29593000
2024-04-15,170.97499084472656,183.6199951171875,153.590576171875,496.8616943359375,60.71500015258789,174.87586450170738,188.69000244140625,157.93467710778722,515.0384888193967,63.016998291015625,170.78687534747343,183.0,153.32278518896982,493.9315461414956,60.387001037597656,173.61847284158247,187.42999267578125,157.55778721582507,513.2406183198545,63.016998291015625,73531800,48052400,27136500,13512900,30854000
2024-04-16,167.69789123535156,183.32000732421875,153.13436889648438,496.39483642578125,61.75199890136719,172.03438316124112,184.8300018310547,154.3741225796933,501.3710805844467,62.244998931884766,166.59891404642835,182.25999450683594,152.17231882761726,493.7626561595775,60.75,170.0443499195711,183.27000427246094,152.92609875258395,494.75592258091154,60.75,73711200,32891300,20779500,9847900,35191000
2024-04-17,166.3315887451172,181.27999877929688,154.19558715820312,490.8424987792969,61.36899948120117,168.9552655008738,184.57000732421875,155.792390319514,499.77195453488656,62.09700012207031,166.3315887451172,179.82000732421875,153.3128832450381,483.8598367935751,60.770999908447266,167.9256004082147,184.30999755859375,154.3443515291876,499.7123609723866,62.09700012207031,50901200,31359700,21763100,12193700,33122000
2024-04-18,165.38111877441406,179.22000122070312,154.7311553955078,498.4210205078125,61.055999755859375,166.96523521407434,182.38999938964844,155.65353990489737,508.76095670865146,62.132999420166016,164.8959946340493,178.64999389648438,153.35255005525875,495.6796261139181,60.542999267578125,166.36129252101995,181.47000122070312,154.0666493097183,496.45437262055293,61.209999084472656,43122900,30723800,19883000,14808700,84684000
2024-04-19,163.3614044189453,174.6300048828125,152.826904296875,477.8306579589844,55.50400161743164,164.7474951408098,179.0,155.07830110358373,499.41431669209027,57.900001525878906,162.4505426435407,173.44000244140625,151.05158377553497,472.52661920207805,55.215999603271484,164.55939469854349,178.74000549316406,154.91960900846084,499.41431669209027,56.78799819946289,68149400,56000700,32615600,25215400,164497000
2024-04-22,164.1930694580078,177.22999572753906,154.9989471435547,478.4862365722656,55.459999084472656,165.5989658830707,178.8699951171875,156.34779961582007,488.69701401127566,55.861000061035156,163.13370328942287,174.55999755859375,152.79714362068458,470.2123104372898,54.20100021362305,163.87625517565544,176.94000244140625,153.04509433151492,486.4224254546389,55.066001892089844,48116400,37924900,26446200,17271100,85977000
2024-04-23,165.24253845214844,179.5399932861328,156.96270751953125,492.75946044921875,57.775001525878906,165.39105789202225,179.92999267578125,157.66689417461689,495.4015526749956,57.92100143432617,163.2822057253187,175.97999572753906,154.99894218995382,485.6774662629057,55.52799987792969,163.70794332424896,178.0800018310547,155.67337597138751,487.94211241184524,55.64899826049805,49537800,37046500,21151600,15079200,49755000
2024-04-24,167.3415069580078,176.58999633789062,157.8256072998047,490.17694091796875,55.512001037597656,167.618725136268,180.32000732421875,158.2620030164986,506.56583559911667,57.691001892089844,164.5594148143738,176.17999267578125,155.88166687099877,481.31699178938914,55.130001068115234,164.88612436876372,179.94000244140625,156.19905107721684,504.63889646618475,57.430999755859375,48251800,34185100,22779100,37772700,53553000
2024-04-25,168.20285034179688,173.6699981689453,154.7212371826172,438.40789794921875,56.47999954223633,168.91570135131437,173.9199981689453,155.2072260039545,442.7683213792549,56.65399932861328,166.48012455092012,166.32000732421875,149.63328396324783,411.70889412672494,54.57099914550781,167.84642483703811,169.67999267578125,150.08951991120836,418.5624257469969,54.94599914550781,50558300,49249400,57109700,82890700,38071000
2024-04-26,167.61868286132812,179.6199951171875,170.5404815673828,440.3050537109375,56.12300109863281,169.63841695172266,180.82000732421875,173.27786687075127,443.4338366860677,56.29199981689453,167.49986430971396,176.1300048828125,168.2593321924788,429.05132886461274,55.319000244140625,168.19292468782604,177.8000030517578,172.94064243070838,438.48735929530994,55.82099914550781,44838400,43919800,64665300,32691400,43326000
2024-04-29,171.77696228027344,180.9600067138672,164.7880096435547,429.7068786621094,55.94900131225586,174.2818355072499,183.52999877929688,168.16014784427256,436.7988148712777,55.9640007019043,171.38094074443057,179.38999938964844,163.85572783432124,425.6742197513567,55.42399978637695,171.64824848286057,182.75,167.6741590817137,436.60014947867506,55.917999267578125,68169400,54063900,45610000,21502600,25089000
2024-04-30,168.63844299316406,175.0,161.44564819335938,427.2734375,55.06399917602539,173.25216784182598,182.99000549316406,166.7220460143007,436.65978716345234,56.0,168.3117184327478,174.8000030517578,161.26713096501757,426.826455477513,54.9379997253418,171.6086497890361,181.08999633789062,164.25245175294467,428.1474865043682,56.0,65934800,94639800,33562900,18429500,33615000
2024-05-01,167.61868286132812,179.0,162.5167999267578,436.232666015625,55.17100143432617,170.9948217396029,185.14999389648438,165.7500714576766,446.93013406880516,56.03900146484375,167.43056733625505,176.55999755859375,161.7531075684998,424.23399111108887,54.42499923706055,167.8959009696714,181.63999938964844,162.95319556004813,425.71397863682915,54.784000396728516,50383100,94645100,33493200,20344900,34732000
2024-05-02,171.3116455078125,184.72000122070312,165.25416564941406,438.70587158203125,56.51499938964844,171.69777183075684,185.10000610351562,165.36326455481128,440.9705176340693,56.54600143432617,169.19289835753364,179.91000366210938,162.54654844018515,429.3691740100177,55.558998107910156,170.79680537480178,180.85000610351562,163.43916484164697,435.88499880227045,55.60200119018555,94214900,54303500,24294500,15221300,30682000
2024-05-03,181.55885314941406,186.2100067138672,165.86911010742188,448.91668701171875,57.933998107910156,185.14289799826793,187.8699951171875,166.5832093530068,451.11182764572453,58.0260009765625,180.84600228009177,185.4199981689453,161.71345384411,440.8613108178751,56.51599884033203,184.796367814728,186.99000549316406,166.18647914228734,442.9272916540199,56.599998474121094,163224100,39172000,34662400,16489100,33075000
2024-05-06,179.9054412841797,188.6999969482422,166.7220458984375,462.5443115234375,59.696998596191406,182.37070337959045,188.75,166.76171134902742,463.02109033010055,59.73400115966797,178.62824383792136,184.8000030517578,164.66900697168114,450.28740721128406,58.025001525878906,180.5390848280799,186.27999877929688,166.08729275303767,452.512314351539,58.18199920654297,78569700,34725300,21871300,15094600,36863000
2024-05-07,180.5885772705078,188.75999450683594,169.84622192382812,465.0870056152344,60.599998474121094,183.0637497391675,189.94000244140625,170.35203588113026,468.3548602507181,60.60499954223633,179.5193160584302,187.30999755859375,167.00966543700736,458.2036773866879,59.13199996948242,181.62815272879564,188.9199981689453,167.1187643454893,463.15015450497714,59.62799835205078,77305800,34048900,28039700,13406800,36141000
2024-05-08,180.9252166748047,188.0,167.99156188964844,469.4177551269531,60.946998596191406,181.25194126160505,188.42999267578125,168.75523914384442,472.37766990455975,61.821998596191406,179.64801918938014,186.38999938964844,167.35680870759575,459.8823906408801,60.16299819946289,181.0341248704048,187.44000244140625,167.61467198559197,460.3790238921121,60.16299819946289,45057100,26136400,19569100,11683900,30939000
2024-05-09,182.73704528808594,189.5,168.56680297851562,472.21875,61.20899963378906,182.82614787366472,191.6999969482422,169.2908147525702,472.87427918375715,61.571998596191406,180.3014688648197,187.44000244140625,166.80138015076668,464.4811958506699,60.57500076293945,180.74699689996783,188.8800048828125,168.00146814371737,466.83523249223947,61.439998626708984,48983000,43368400,15346700,9437700,20654000
2024-05-10,181.4779510498047,187.47999572753906,167.2675323486328,472.99346923828125,61.08700180053711,183.50042466657956,189.88999938964844,168.45770778843482,474.2847034264408,62.39799880981445,180.56585391849484,186.92999267578125,164.8277059911993,466.437904971436,60.50600051879883,183.3120539854214,189.16000366210938,166.65261946945532,473.87746056720033,61.900001525878906,50759500,34141800,29799900,10750000,26536000
2024-05-13,184.6802215576172,186.57000732421875,167.75350952148438,464.85858154296875,61.659000396728516,185.49318663872077,188.30999755859375,167.89236129533526,470.16262007051995,61.821998596191406,183.0344740478803,185.36000061035156,162.65564420480408,459.73332367866385,60.68299865722656,183.84743912898392,188.0,162.91350746089623,469.56665421428306,61.43000030517578,72044800,24898600,31327600,14668800,20862000
2024-05-14,185.8203125,187.07000732421875,168.94369506835938,468.6727600097656,61.36600112915039,186.68285108112164,187.72000122070312,169.84623930052865,469.3581162552764,62.14799880981445,184.69010361608505,183.4499969482422,167.41632532705881,456.9819950045203,60.84000015258789,185.8996272619275,183.82000732421875,168.37837530926814,460.2498499695703,61.516998291015625,52393600,38698200,25127100,10478600,27924000
2024-05-15,188.09068298339844,185.99000549316406,171.09588623046875,478.2974853515625,61.35200119018555,189.01268886802714,186.72000122070312,171.23473800953292,479.25101255755794,62.40999984741211,185.76085876781028,182.72999572753906,169.11228073886124,468.02711495824536,60.90999984741211,186.2962297111884,185.97000122070312,169.23130735927975,471.7816605384409,61.856998443603516,70400000,75459900,26948400,13100500,56706000
2024-05-16,188.2096405029297,183.6300048828125,172.75218200683594,470.04345703125,61.051998138427734,189.458829238671,187.30999755859375,173.68447893916473,474.4734165714435,61.83399963378906,188.03119361367854,183.4600067138672,171.27440571230892,469.5666782594295,60.909000396728516,188.83423487080034,185.60000610351562,171.8694782348091,471.801527600696,61.57500076293945,52845200,38834500,27867900,16608200,30564000
2024-05-17,188.2393798828125,184.6999969482422,174.6167755126953,468.7323303222656,62.11000061035156,189.1713095252472,185.3000030517578,174.82506073205244,469.6163216180006,62.57899856567383,187.55530322495105,183.35000610351562,172.26620802954864,465.2658404350713,61.47100067138672,187.8824709799172,183.75999450683594,172.75218165186905,467.65958568158874,61.70000076293945,41282900,33175700,24479300,10807300,37827000
2024-05-20,189.39932250976562,183.5399932861328,175.46975708007812,465.68304443359375,64.08200073242188,190.27176982167657,186.6699981689453,177.30459839219796,470.0137019704497,64.43699645996094,187.38675756521698,183.27999877929688,174.63664632446375,463.895176926725,61.95199966430664,187.7040166341828,184.33999633789062,174.7457452424878,466.78558596876275,62.040000915527344,44361300,30511800,22554400,11745100,38579000
2024-05-21,190.6980743408203,183.14999389648438,176.39212036132812,461.5013732910156,65.06099700927734,191.07480055486454,183.25999450683594,176.6896490712989,467.5305076270988,65.08799743652344,189.28034753675723,180.75,174.36883433127562,459.15724881960597,63.422000885009766,189.44888573499304,182.3000030517578,175.44989566739218,463.9745969325562,63.67599868774414,42309400,50839100,16989400,11742200,29202000
2024-05-22,189.26052856445312,183.1300048828125,174.93417358398438,464.6301574707031,64.0469970703125,191.16405275409193,185.22000122070312,175.69785080388766,470.5301623382244,64.92500305175781,188.63594934473116,181.97000122070312,173.77376618454468,462.51449517924743,63.8120002746582,190.61877317517173,183.8800048828125,175.19203685040134,464.71954780965524,64.71399688720703,34648500,28148800,17880000,10078600,21762000
2024-05-23,185.2750701904297,181.0500030517578,172.1273651123047,462.64361572265625,63.56700134277344,189.35968258649532,184.75999450683594,176.7888348703636,471.1658279710308,64.27100372314453,185.02721720275102,180.0800018310547,171.53227742671908,458.4321759489414,63.0,189.3398501117122,183.66000366210938,175.61851492474267,469.6958131205523,64.23400115966797,51005900,33670200,21024900,11747900,23139000
2024-05-24,188.34841918945312,180.75,173.55557250976562,474.99981689453125,64.67500305175781,188.94327235106317,182.44000244140625,174.32917746118142,476.61884583287923,65.19999694824219,186.4250777783575,180.3000030517578,172.22654529374813,463.16006911923665,63.7599983215332,187.19839293954828,181.64999389648438,173.5456447964723,464.4711879258589,63.939998626708984,36327000,27471600,16579400,12024300,26153000
2024-05-28,188.3583526611328,182.14999389648438,174.95401000976562,476.6884460449219,64.9000015258789,191.34249703943843,182.24000549316406,175.8168887472588,477.6220886169313,64.9749984741211,187.47599667367734,179.49000549316406,172.94065151179802,471.64263552507384,64.3030014038086,189.86528785982966,179.92999267578125,173.01999755281523,473.37090944104057,64.70500183105469,52280100,29927000,20572200,10175800,26095000
2024-05-29,188.65579223632812,182.02000427246094,174.45809936523438,471.1658020019531,65.46199798583984,190.59896650948673,184.0800018310547,175.39039638067896,476.618854768797,66.42500305175781,187.88249204796585,181.5500030517578,173.28777937305267,470.5102728984341,64.38899993896484,187.98163930401122,181.6999969482422,173.99195085751208,471.4638000883628,64.41300201416016,53068000,32009300,23388700,9226200,36959000
2024-05-30,189.6471710205078,179.32000732421875,170.6991729736328,463.905029296875,64.76599884033203,190.52952698465035,181.33999633789062,173.78368015073974,468.55353877845073,65.64900207519531,188.99285067972127,178.36000061035156,170.38178882747087,461.5807897121286,64.4729995727539,189.12172393667825,181.30999755859375,173.76383985817733,468.49394522336104,65.35199737548828,49889100,29184700,22931500,10719600,23889000
2024-05-31,190.59896850585938,176.44000244140625,171.0859832763672,463.6864929199219,64.16200256347656,190.91622762632966,179.2100067138672,171.64139042387083,465.9610812315001,64.85800170898438,188.27906791647348,173.8699951171875,168.05106912485823,451.39979365400546,62.83000183105469,189.79592715782175,178.3000030517578,170.4512300886902,462.66342984466667,64.4010009765625,75158300,58903900,37638900,16919800,40710000
2024-06-03,192.3636474609375,178.33999633789062,171.75048828125,474.2747802734375,63.37900161743164,193.31540952983562,178.6999969482422,173.09934068848278,476.3705882132415,64.6780014038086,190.86662095571478,175.9199981689453,169.75697011042396,465.0870657511374,62.72700119018555,191.24334718637152,177.6999969482422,171.12564767729586,467.68941896049296,64.52200317382812,50080500,30786600,27459100,11279400,23235000
2024-06-04,192.680908203125,179.33999633789062,172.36538696289062,473.7781066894531,63.1619987487793,193.64257895328527,179.82000732421875,172.42490783803038,475.6653370045295,63.52299880981445,191.37223723797064,176.44000244140625,170.48096786025872,470.04344582485936,62.64400100708008,192.96841099700254,177.63999938964844,171.85957302701576,473.78804905282203,63.37799835205078,47471400,27198400,26879600,7088700,30082000
2024-06-05,194.18785095214844,181.27999877929688,173.9720916748047,491.7265319824219,65.0270004272461,195.20900403542353,181.5,175.20191717065325,493.30582214715224,65.125,193.19643901671662,178.75,172.50421298135697,480.6516160987274,62.82500076293945,193.72188613227584,180.10000610351562,173.76380647718503,481.1879885189286,63.402000427246094,54156800,32116400,22068500,15690500,26826000
2024-06-06,192.80978393554688,185.0,175.28128051757812,490.43524169921875,64.85199737548828,194.81244022862765,185.0,175.6978358202856,499.4342331212912,65.79900360107422,192.50244866402238,181.49000549316406,174.30931814459407,487.5845718978277,64.42400360107422,194.0093990023229,181.75,174.45808249066545,489.6604950970564,64.48899841308594,41181800,31371200,23251000,10667300,24667000
2024-06-07,195.19912719726562,184.3000030517578,173.02992248535156,489.6405944824219,64.14700317382812,195.24870082767134,186.2899932861328,176.4119585188029,495.5505416682554,65.04000091552734,192.47274393017977,183.36000061035156,172.8712304058679,486.8694030600324,64.02400207519531,192.97835865372278,184.89999389648438,175.59868809544102,492.57074247783544,64.93800354003906,53103900,28021500,19661400,9380700,18766000
2024-06-10,191.4614715576172,187.05999755859375,173.7746124267578,499.2156677246094,64.44999694824219,195.60558138834554,187.22999572753906,175.81014466476933,499.27526127994463,64.47899627685547,190.49980075281104,183.7899932861328,171.54049500356726,490.0875476500694,63.558998107910156,195.20900753042525,184.07000732421875,173.7349014501534,490.53449931508374,64.10099792480469,97010200,34445600,23726700,11220900,20644000
2024-06-11,205.3709716796875,187.22999572753906,175.3732452392578,504.0528869628906,64.8550033569336,205.38089548057218,187.77000427246094,175.59169348463175,504.18201644117164,65.01899719238281,191.96709351098235,184.5399932861328,172.54337230776866,494.914824216535,64.052001953125,191.98691085726122,187.05999755859375,174.97607487552963,496.792112209235,64.0719985961914,172373300,27265100,21540600,9673700,21674000
2024-06-12,211.2401580810547,186.88999938964844,176.5349884033203,505.4136657714844,65.00599670410156,218.3089152196564,188.35000610351562,179.13650434238232,510.5488663402382,65.5780029296875,205.1231328450552,185.42999267578125,174.8668546571235,501.0730965012288,64.31099700927734,205.58909768640683,188.02000427246094,176.99174796777623,510.5289816127229,65.22100067138672,198134300,33984200,27864700,11983200,20944000
2024-06-13,212.40008544921875,183.8300018310547,173.92355346679688,500.70556640625,65.32599639892578,214.88852380834695,187.6699981689453,175.49240210344783,505.930126725215,65.5250015258789,209.782758705521,182.6699981689453,173.64553119205647,497.9839960314029,64.23500061035156,212.8957913864929,186.08999633789062,174.8668444097431,502.30471065857984,64.4000015258789,97862700,39721500,20913300,9954600,18636000
2024-06-14,210.66513061523438,183.66000366210938,175.5420379638672,501.2623291015625,66.93800354003906,213.32210737882852,183.72000122070312,175.8101362841722,504.2351342784647,67.55799865722656,209.4853479747781,182.22999572753906,172.92067425165644,497.8719245365479,65.26399993896484,212.01345147179217,183.0800018310547,172.99018739624864,499.76099816181073,65.50499725341797,70122700,25456400,18063600,10243300,44471000
2024-06-17,214.80923461914062,184.05999755859375,175.98887634277344,503.7181701660156,67.58300018310547,217.06965275202606,185.0,177.10096546528717,507.81448578396373,68.27100372314453,210.89316027395952,181.22000122070312,173.57602172386774,493.15921302560884,66.51100158691406,211.53757201804441,182.52000427246094,174.2214424940307,498.78668605391897,66.91100311279297,93728300,35601900,19618500,11266600,36312000
2024-06-18,212.44964599609375,182.80999755859375,173.85403442382812,496.6192321777344,68.56700134277344,216.7523850703462,184.2899932861328,176.13780173263285,503.09182645286137,68.70600128173828,211.17073132176122,181.42999267578125,172.8710325397334,492.174921746173,67.46399688720703,215.7213082393038,183.74000549316406,175.88956648496008,501.66010025060115,67.56300354003906,79943300,36659200,21869900,13060400,29438000
2024-06-20,207.87925720214844,186.10000610351562,175.05551147460938,498.8165588378906,67.90299987792969,212.40010854906527,186.50999450683594,176.03851342488448,500.7752377414344,68.98799896240234,207.0563985691976,182.72000122070312,173.7547611134038,493.9148702900185,67.37200164794922,212.09275812722348,182.91000366210938,174.13206841253606,499.1148224913511,68.18000030517578,86172500,44726800,20160100,11801200,25851000
2024-06-21,205.70806884765625,189.0800018310547,178.3620147705078,491.936279296875,68.61199951171875,210.07027533194446,189.27999877929688,179.57340412547137,500.5564623228992,68.69000244140625,205.33132746963062,185.86000061035156,175.36332840403423,489.56003146184884,67.80999755859375,208.58315742215362,187.8000030517578,175.75057482727152,500.5564623228992,68.32599639892578,241805100,70792500,57759000,22359200,45064000
2024-06-24,206.3524932861328,185.57000732421875,177.9548797607422,496.0425720214844,66.9020004272461,210.87332959032133,191.0,179.61308934299385,504.88146192373665,68.55000305175781,204.8158016590104,185.3300018310547,177.4087592034553,491.44912982983715,66.44999694824219,205.93610206103614,189.3300018310547,178.8882466857276,496.33091377345426,68.5,80727000,50610400,18298000,13525300,39163000
2024-06-25,207.27450561523438,186.33999633789062,182.73094177246094,507.66534423828125,67.24099731445312,209.5646648210329,188.83999633789062,182.98910099326696,507.77469745154934,67.36699676513672,206.81844945769743,185.4199981689453,178.15348288701358,492.65212507473245,66.2300033569336,207.35380525957078,186.80999755859375,178.35206806848578,494.1932043482864,67.34400177001953,55549700,45366400,23130200,12063200,22706000
2024-06-26,211.41859436035156,193.61000061035156,182.58201599121094,510.1708984375,67.76899719238281,213.01476817493463,194.8000030517578,183.2075585872156,510.85693517121933,68.2959976196289,208.8310086144187,186.25999450683594,181.19188934781172,501.77940391512504,67.00199890136719,209.68362348048936,186.9199981689453,181.34083960482536,503.7380827860577,67.24099731445312,66213200,65103900,19839000,8882300,35458000
2024-06-27,212.26129150390625,197.85000610351562,184.10121154785156,516.5739135742188,68.43399810791016,213.88720639689362,199.83999633789062,184.73669324083986,519.874839712924,68.85700225830078,210.52632069800987,194.1999969482422,182.7210240356858,510.94647017647,67.81400299072266,212.84622088780682,195.00999450683594,182.87988309562385,511.2944343363989,67.93499755859375,49772700,74397500,18848900,10121200,24048000
2024-06-28,208.8111572265625,193.25,180.8642120361328,501.3220520019531,67.48799896240234,214.21436386520998,198.85000610351562,183.82318736943728,518.8805567277017,68.69999694824219,208.49391330369318,192.5,180.67556595744807,500.9442311555743,67.30799865722656,213.91693728719588,197.72999572753906,183.01890751714419,514.1777613035174,67.9000015258789,82542700,76930200,29156600,15855100,34124000
2024-07-01,214.88853454589844,197.1999969482422,181.69830322265625,501.77935791015625,67.36100006103516,215.64200216221636,198.3000030517578,182.5820202242078,503.6684316425156,67.50199890136719,210.10001313722785,192.82000732421875,180.02023028518573,490.335531960126,66.37799835205078,210.26855134899324,193.49000549316406,181.73801420146654,502.0478255113692,67.48899841308594,60402900,41192000,16006100,10328200,22128000
2024-07-02,218.37831115722656,200.0,183.93238830566406,506.5716857910156,67.95800018310547,218.4873670751859,200.42999267578125,184.26006063956154,507.5659383637164,68.17400360107422,213.25271326862932,195.92999267578125,180.27835770580916,496.57945957224564,67.00700378417969,214.2936836981781,197.27999877929688,180.76490422906483,497.88192801510917,67.35399627685547,58046200,45600000,17372500,7739500,24114000
2024-07-03,219.64730834960938,197.58999633789062,184.50833129882812,507.0290222167969,68.2509994506836,219.64730834960938,200.02999877929688,184.77641449987277,508.3414428657344,68.375,217.14894613859082,196.75999450683594,182.70117113788092,503.1116647399918,67.55000305175781,218.11061688690268,199.94000244140625,183.54517717367796,503.45965920114367,67.74800109863281,37369800,31597900,10242100,6005600,14035000
2024-07-05,224.39617919921875,200.0,189.2545928955078,536.806884765625,69.06500244140625,224.50523511983306,200.5500030517578,189.51275214509135,537.7613890905714,69.7490005493164,219.74645469045154,198.1699981689453,184.4884722534956,508.659626943001,67.7229995727539,219.74645469045154,198.64999389648438,184.5480462994703,508.659626943001,68.2509994506836,60412400,39858900,20967500,21354100,26591000
2024-07-08,225.86346435546875,199.2899932861328,187.69561767578125,526.2777099609375,68.5739974975586,225.89320550199054,201.1999969482422,188.8275696991207,539.6901656960439,68.88600158691406,221.3327047505454,197.9600067138672,186.4544415470724,523.623072932016,68.14900207519531,225.13972278278513,200.0399932861328,188.55947141301834,539.2327877262878,68.69999694824219,59085900,34767300,21035900,14917500,19308000
2024-07-09,226.716064453125,199.33999633789062,187.64598083496094,526.953857421875,68.5739974975586,227.42988222637766,200.57000732421875,190.00918519904204,534.3908471604564,69.5270004272461,224.4259054004998,199.0500030517578,187.38782163636898,525.1542627135257,68.47200012207031,225.9725055332989,199.39999389648438,188.9665941471782,530.6823045262751,69.0,48076100,32700100,15121400,8753200,25961000
2024-07-10,230.97914123535156,199.7899932861328,189.83045959472656,531.616943359375,67.76499938964844,231.07828847688273,200.11000061035156,190.3964432565855,535.7828643236683,68.72200012207031,227.28117906796422,197.69000244140625,187.69564243220248,525.3233071938398,67.31600189208984,227.3307526887298,200.0,187.8147905079295,527.739333812602,68.50199890136719,62627700,32883800,15952500,10983300,26519000
2024-07-11,225.61561584472656,195.0500030517578,184.2600555419922,509.7532958984375,65.2750015258789,230.39421338925845,200.27000427246094,189.51270639206513,532.3824937070442,67.2490005493164,223.83107137940016,192.86000061035156,183.77350903219687,505.44816535369097,64.74400329589844,229.40280147827102,200.08999633789062,188.50984150775466,527.8387522591509,67.2490005493164,64710600,44565000,25625800,16458300,51066000
2024-07-12,228.5601043701172,194.49000549316406,183.7636260986328,496.0027770996094,64.76000213623047,230.64207551688347,196.47000122070312,185.78921938031402,505.16978705228513,65.59200286865234,226.71607753741577,193.8300018310547,183.1877184128902,491.3894609308073,64.37100219726562,226.9540218514806,194.8000030517578,183.77355005575473,494.89917130590845,65.2750015258789,53046500,30598500,22898400,19750500,33552000
2024-07-15,232.386962890625,192.72000122070312,185.2133026123047,493.3083801269531,65.6449966430664,235.1926606193721,196.19000244140625,186.9112385638258,503.76790669294775,66.75399780273438,231.0882156126273,190.8300018310547,183.61466683145176,490.5344068407608,64.66300201416016,234.44910163171727,194.55999755859375,183.61466683145176,495.764185294849,64.75,62631300,40683200,16474000,12539200,32088000
2024-07-16,232.80335998535156,193.02000427246094,182.6217041015625,486.9749755859375,65.63200378417969,234.24090427881208,196.6199951171875,187.3480977347005,501.05359564218975,66.36799621582031,230.33473879844306,192.24000549316406,182.07558352972123,482.9979652991605,64.91300201416016,232.98180687397965,195.58999633789062,186.03742351335848,498.61766470466665,66.18000030517578,43234300,33994700,18290700,14075800,26857000
2024-07-17,226.91436767578125,187.92999267578125,179.7421875,459.33477783203125,64.74600219726562,229.47221227385296,191.5800018310547,182.2543270659603,476.416061633586,65.04499816894531,224.69359950369105,185.99000549316406,178.63008325599765,456.4812775454481,63.946998596191406,227.47946461019197,191.35000610351562,181.67841945681636,476.416061633586,65.0,57345900,48076100,20734100,28076600,40173000
2024-07-18,222.25469970703125,183.75,176.43569946289062,473.1150817871094,64.30400085449219,228.46094752609622,189.67999267578125,181.21174353968178,476.4855821522594,65.7040023803711,220.36111458394757,181.4499969482422,175.22431015700485,461.87008787870946,63.91699981689453,228.30231800055432,189.58999633789062,180.64575986268414,472.2699610515285,65.66000366210938,66034600,51043600,25315700,19267200,75758000
2024-07-19,222.38360595703125,183.1300048828125,176.40589904785156,474.0496520996094,63.33399963378906,224.8522270905052,184.92999267578125,179.01732353591333,483.91261978583464,67.89700317382812,221.36245288688534,180.11000061035156,175.87964153783852,472.97584242128886,62.9119987487793,222.88923571935766,181.13999938964844,177.61728826175099,473.32383686041453,66.06400299072266,49151500,43081800,18881900,15149400,98156000
2024-07-22,222.03663635253906,182.5500030517578,180.38758850097656,484.5986633300781,64.75,225.82382229500527,185.05999755859375,181.41031651236526,489.23188362973013,65.62899780273438,221.17409763275575,182.47999572753906,178.95775104592673,481.1187795736259,63.2599983215332,225.06043082550624,185.0,179.3152104096892,483.78336899644364,63.95000076293945,48201800,39931900,24100300,12023100,52191000
2024-07-23,223.0775909423828,186.41000366210938,180.50672912597656,485.88128662109375,64.2760009765625,224.9910238167192,189.38999938964844,182.31388893241848,492.3737546328562,64.99099731445312,220.76759935066607,183.55999755859375,180.25849388780003,484.9168604229217,64.0999984741211,222.44308791792702,184.10000610351562,180.76490347036915,487.024670998181,64.75,39960300,47537700,36352700,9455500,24636000
2024-07-24,216.6631622314453,180.8300018310547,171.41140747070312,458.61883544921875,63.5989990234375,222.86941075843336,185.4499969482422,174.9462749610045,473.56244917033604,65.24199676513672,215.26528287042115,180.41000366210938,170.60712769523397,457.93279880328066,63.266998291015625,222.07627816799848,183.1999969482422,172.37456144038464,469.5953914420506,63.57400131225586,61777600,41532400,49585200,17649700,48882000
2024-07-25,215.62217712402344,179.85000610351562,166.09918212890625,450.8040466308594,63.409000396728516,218.95332167523742,183.89999389648438,172.19583973492487,460.88575158232453,64.99800109863281,212.77681471652627,176.8000030517578,166.0098210682456,440.1058796187656,62.16999816894531,217.0497975364767,182.91000366210938,171.30219882616154,460.59744019284307,64.0999984741211,51391200,44464200,44852000,18240500,45545000
2024-07-26,216.08815002441406,182.5,165.8211669921875,463.0234375,63.137001037597656,217.6050090608147,183.19000244140625,166.90346917641645,467.0700224305545,64.6989974975586,214.15488466672127,180.24000549316406,162.90191767605657,456.7795325266989,62.97700119018555,216.8217851678197,180.38999938964844,165.9701020997129,461.5320586336811,64.5,41601300,29506000,41336900,14222400,31207000
2024-07-29,216.36573791503906,183.1999969482422,168.33328247070312,463.0333557128906,62.69599914550781,217.41663210574902,184.75,169.22692328878654,471.23593941244997,63.46099853515625,213.89711684474761,182.3800048828125,166.80416003394157,462.3473190124621,62.393001556396484,215.0967318967012,183.83999633789062,167.6382268176297,467.1794022788637,63.46099853515625,36311800,33270100,20293800,11339600,24005000
2024-07-30,216.9209442138672,181.7100067138672,169.0879364013672,460.5278625488281,62.257999420166016,218.43780333279796,185.86000061035156,170.02130347692145,470.0130408141906,63.46900177001953,214.26395224147618,179.3800048828125,167.25100442280618,454.07517290776104,61.70000076293945,217.3075942808937,184.72000122070312,169.0383014663059,464.315962513696,63.016998291015625,41643800,39508600,18959700,11390400,34966000
2024-07-31,220.17276000976562,186.97999572753906,170.3291015625,472.1009521484375,62.834999084472656,221.89782218872546,187.94000244140625,173.01997848256258,473.76136735309956,63.36000061035156,218.7352157578384,184.4600067138672,168.80990296351985,464.06740443244325,62.257999420166016,219.53825698895486,185.0500030517578,172.01711347343624,468.31285214220173,62.65700149536133,50036300,41667300,25729100,24285800,31349000
2024-08-01,216.4846954345703,184.07000732421875,169.55459594726562,494.8792724609375,62.48500061035156,222.55213120715743,190.60000610351562,172.82138024945738,524.1401187856688,64.6709976196289,215.15620716620225,181.8699951171875,167.68787721137585,489.27170365366396,61.76100158691406,222.44307529690366,189.2899932861328,169.0482015028782,518.0055973214868,62.92499923706055,62501000,70435600,24531400,43083100,37206000
2024-08-02,217.97183227539062,167.89999389648438,165.48355102539062,485.3345031738281,61.36399841308594,223.66254232334134,168.77000427246094,167.32048278839775,498.269709518672,62.527000427246094,215.84030263063204,160.5500030517578,163.50759297707282,473.4133932666961,60.834999084472656,217.2679231335739,166.75,165.26510279286998,486.1895458886483,62.097999572753906,105568600,141448400,29130100,24044700,35230000
2024-08-05,207.47279357910156,161.02000427246094,158.12586975097656,472.99578857421875,59.85499954223633,211.6664621054212,162.9600067138672,163.26929736266635,480.7012460328518,60.45600128173828,194.3167520967801,151.61000061035156,153.8363569379613,448.2090488117456,58.70399856567383,197.3802115476467,154.2100067138672,154.40234063596142,448.7559059334732,58.70399856567383,119548600,83149400,53630700,21396200,40442000
2024-08-06,205.45028686523438,161.92999267578125,157.17263793945312,491.250244140625,60.957000732421875,208.18659343179937,165.0800018310547,159.43655755600886,499.6715645445627,62.244998931884766,199.34320096724198,158.5399932861328,155.3059189992834,475.8989821739981,60.0620002746582,203.53686913101606,161.7100067138672,158.2053051541738,476.24697663872547,60.0620002746582,69660500,59950800,49004600,20955000,43191000
2024-08-07,208.01806640625,162.77000427246094,157.8180389404297,486.1099853515625,61.14799880981445,211.80525225793107,167.5800018310547,161.82951376084208,507.21794823147314,63.20000076293945,204.61751548926864,161.42999267578125,157.3513554761563,484.0617971194812,61.06399917602539,205.12313014700663,166.5500030517578,160.11173013870962,500.2383060346242,61.606998443603516,63516400,48408200,25138600,20105300,31878000
2024-08-08,211.47808837890625,165.8000030517578,160.88624572753906,506.700927734375,63.03499984741211,212.36044444161047,166.69000244140625,162.53453159498838,507.02901772261134,63.229000091552734,207.0365669160157,162.5500030517578,159.0791007984094,491.87661869501426,61.60200119018555,211.27980900719393,165.1699981689453,159.37697100848436,494.6406395475425,62.19900131225586,47161100,44616200,25578800,16156800,32835000
2024-08-09,214.3829345703125,166.94000244140625,162.51466369628906,514.794189453125,63.39400100708008,214.91829038971974,168.5500030517578,162.63381177677473,515.3609207187151,63.6619987487793,210.1496011292121,165.85000610351562,157.93720474099763,502.7935532579475,62.29899978637695,210.27848952903548,166.39999389648438,158.88049573069213,504.7919803564355,62.29899978637695,42201600,36401000,28602300,13696600,19808000
2024-08-12,215.91146850585938,166.8000030517578,161.1444091796875,512.984619140625,63.31399917602539,217.8767320905019,168.5500030517578,163.73598613275442,515.0427292166193,63.900001525878906,213.9958359256548,166.11000061035156,160.6975887017958,506.1739830538234,62.707000732421875,214.4623401059105,168.13999938964844,163.1898806325975,513.8893622667638,63.099998474121094,38028100,30072800,15895300,9767400,23317000
2024-08-13,219.6236572265625,170.22999572753906,163.00119018554688,525.502197265625,64.802001953125,220.2390393048837,171.0399932861328,163.56715864917211,528.4452065274616,65.09700012207031,217.380462936734,167.10000610351562,161.81958802944447,515.1719598564413,63.54999923706055,217.380462936734,167.80999755859375,162.25648447214553,517.0212549519154,63.85599899291992,44155300,39237900,18551700,13743800,26396000
2024-08-14,220.07028198242188,170.10000610351562,159.23794555664062,523.732421875,66.16799926757812,221.37053243582614,172.27999877929688,162.06783350679044,530.9307997880987,66.35700225830078,218.06530765715263,168.86000061035156,156.5967339743886,520.1232806846136,64.87000274658203,218.9288446755302,172.11000061035156,161.25361460284537,525.0249379024076,64.87000274658203,41960600,28843800,40591100,11444200,40143000
2024-08-15,223.04795837402344,177.58999633789062,160.16139221191406,534.2418212890625,66.3219985961914,223.67327566716008,177.91000366210938,160.49898852805327,536.6678003090075,67.31900024414062,221.1025352094067,173.99000549316406,158.4833194361169,523.6729102134026,65.9800033569336,222.9288560878089,174.86000061035156,159.36703635252704,528.7336224826897,66.8489990234375,46414000,51698500,31524300,13482100,32102000
2024-08-16,224.3680877685547,177.05999755859375,161.80967712402344,524.3887329101562,67.40699768066406,225.1422830006272,178.33999633789062,163.89484419906685,530.5928599406125,68.02300262451172,221.98593577772976,176.25999450683594,159.9925932186499,521.6445857964466,66.53600311279297,222.25393109506462,177.0399932861328,160.33018953302678,528.8430261939557,66.94300079345703,44340200,31489200,24208600,14776700,35110000
2024-08-19,224.20925903320312,178.22000122070312,165.49349975585938,526.2381591796875,68.85299682617188,224.30852103873067,178.3000030517578,165.51336282117407,528.6044250503371,68.88400268554688,221.38045847347976,176.16000366210938,163.10050794660387,519.7556114053106,67.29100036621094,224.0405257400108,177.63999938964844,164.11331216253947,523.8419759117043,67.40699768066406,40687800,31129800,22416200,9879700,30162000
2024-08-20,224.8246307373047,178.8800048828125,165.9998779296875,523.7026977539062,69.85399627685547,225.4797235950926,179.00999450683594,167.44957853320707,528.0376855839605,71.13300323486328,223.77252016614798,177.42999267578125,165.642433695725,522.8576072447534,68.82499694824219,224.09014645304697,177.9199981689453,165.72185564699794,525.3133822500959,68.88600158691406,30299000,26255200,18341500,7944400,48131000
2024-08-21,224.71546936035156,180.11000061035156,164.67929077148438,532.0841674804688,69.71199798583984,226.28371522001356,182.38999938964844,165.6722318912375,536.2998492635563,70.0999984741211,223.37552309496598,178.88999938964844,163.50761237161458,523.9014884202904,69.13800048828125,224.8345868015738,179.9199981689453,163.98421986679392,524.1202555369616,69.69999694824219,34765500,35599100,22902000,13423300,22353000
2024-08-22,222.859375,176.1300048828125,162.64373779296875,528.872802734375,68.89600372314453,226.64102413052154,181.47000122070312,166.406977492495,541.1020981439891,70.1500015258789,222.2340576918725,175.67999267578125,162.15719125168386,525.5520328797932,68.6240005493164,226.09511339685906,181.3800048828125,166.07930514645545,533.9136709320021,69.0999984741211,43695300,32047500,22493300,15708300,27294000
2024-08-23,225.15219116210938,177.0399932861328,164.45089721679688,524.9654541015625,68.6729965209961,226.52192810531062,178.97000122070312,165.00694179876172,536.7672294365581,69.60700225830078,222.66087229355688,175.24000549316406,162.67353934579646,522.0423485774858,67.86299896240234,223.98097823318813,177.33999633789062,163.55725630307884,533.834171675442,69.41300201416016,38677300,29150100,13955700,11323900,23545000
2024-08-26,225.48965454101562,175.5,164.98709106445312,518.1248779296875,68.84400177001953,225.58891654674125,177.47000122070312,166.36727853932712,524.9653402482775,69.05899810791016,222.22414052811973,174.3000030517578,163.29909428347517,511.99035675969463,68.16400146484375,225.0727813784282,176.6999969482422,165.20553931092914,524.5676149591942,68.72599792480469,30602200,22366200,14190400,9584000,13542000
2024-08-27,226.3333282470703,173.1199951171875,163.51751708984375,516.116455078125,69.5719985961914,227.14723425887112,174.88999938964844,165.26510295168842,520.9982688988101,70.78900146484375,223.21669220638537,172.25,163.29908400819048,512.3482599012927,68.69200134277344,224.31843379232603,174.14999389648438,164.66933228950003,515.9971496313474,68.85299682617188,35934600,29842000,11821900,6282700,31649000
2024-08-28,224.8048095703125,170.8000030517578,161.70045471191406,513.809814453125,68.38400268554688,228.149730282918,173.69000244140625,164.4310425767687,518.095040120393,69.66699981689453,224.00082364270057,168.9199981689453,160.38976526426643,509.5046843177006,67.70999908447266,226.22416240429726,173.69000244140625,163.87498286647468,514.6946530207725,69.58300018310547,38052200,29045000,16407400,9106100,24306000
2024-08-29,228.08023071289062,172.1199951171875,160.63800048828125,515.2415771484375,69.24800109863281,231.18694665641485,174.2899932861328,164.798425876507,524.1700071760439,69.9800033569336,227.17701311839377,170.80999755859375,159.11880190681103,512.7161972736417,68.60700225830078,228.38793686624163,173.22000122070312,163.15014011129165,516.0668238363469,69.0,51906300,26407800,19699800,8317400,21870000
2024-08-30,227.29611206054688,178.5,162.22671508789062,518.3138427734375,70.13500213623047,228.68568922028223,178.89999389648438,162.50473737235887,520.5310067478107,70.18599700927734,225.78741746908054,172.60000610351562,160.54864227379994,512.2389736903795,68.81600189208984,228.4772602189495,172.77999877929688,161.472070186267,518.3535910327766,70.03600311279297,52990800,43429400,22123800,9157500,32667000
2024-09-03,221.1124725341797,176.25,156.2492218017578,508.8186950683594,67.53199768066406,227.29611365629745,178.25999450683594,160.70753307191137,522.4697631708141,70.38600158691406,219.52437135882835,175.25999450683594,155.37542873116885,505.69672749483755,67.10099792480469,226.84946493362216,177.5500030517578,160.57844587255263,516.6534100228187,70.01000213623047,50190600,37817500,38945300,12459100,31610000
2024-09-04,219.206787109375,173.3300018310547,155.3456268310547,509.7930908203125,67.96800231933594,220.12986023982222,175.97999572753906,157.87762958096508,513.6209999091698,68.46499633789062,215.86185105944423,172.5399932861328,154.8590954051368,501.1729373910715,67.30599975585938,220.01075793789536,174.47999572753906,155.554151121504,503.1614426784679,67.33100128173828,43840200,30309200,19353800,8335200,17853000
2024-09-05,220.7253875732422,177.88999938964844,156.13006591796875,513.889404296875,68.36199951171875,223.80231295165626,179.8800048828125,158.32445729106303,518.6320088026798,68.73100280761719,219.87178579311316,175.0,154.87895042005644,508.212230225459,67.18599700927734,219.9809679444758,175.0,155.1966988484402,508.7789615116668,67.31400299072266,36615400,40170500,18688700,8640900,18101000
2024-09-06,219.17698669433594,171.38999938964844,149.8546600341797,497.39471435546875,66.5770034790039,223.56409767944487,178.3800048828125,156.71588626121135,521.5650218623427,68.31500244140625,218.13479623481732,171.16000366210938,149.48727669749047,495.38633511921387,66.23400115966797,222.28368749781316,177.24000549316406,156.18962872176218,518.88052782919,68.18599700927734,48423000,41466500,37912100,14744500,29913000
2024-09-09,219.26632690429688,175.39999389648438,147.85621643066406,501.8887634277344,67.54199981689453,219.6236489368284,175.85000610351562,152.51927694187998,508.39115339074016,68.3499984741211,215.09757995493325,173.50999450683594,146.3747655212842,499.19431711601146,67.21399688720703,219.17700018247805,174.52999877929688,151.63438731483413,503.2508845942156,67.4000015258789,67180000,29037400,39260500,11047800,26831000
2024-09-10,218.47227478027344,179.5500030517578,147.80648803710938,501.8887634277344,67.36199951171875,219.83207646515766,180.5,150.4015036061094,511.22477928436297,68.05899810791016,215.1174187834135,176.7899932861328,147.48831800096144,497.15611148388973,66.58100128173828,217.29112653781655,177.49000549316406,149.58620426686707,505.23938973469745,67.68699645996094,51591000,36233800,31118800,9899000,20792000
2024-09-11,221.0032958984375,184.52000427246094,150.29212951660156,508.8882751464844,68.14700317382812,221.43008920211523,184.99000549316406,150.63017379029483,510.1708694464899,68.2969970703125,216.26878297144034,175.72999572753906,146.67302891819028,492.75157549409465,66.08000183105469,219.81222755985956,180.10000610351562,149.0592434246133,504.096000860634,67.74600219726562,44587100,42564700,29607700,10782500,23919000
2024-09-12,221.1124725341797,187.0,153.80186462402344,522.5791015625,68.68000030517578,221.88666769221828,187.41000366210938,153.9311230962661,523.6827679826088,69.48799896240234,218.18442519080247,183.5399932861328,151.77356859256676,512.2587555239991,68.22000122070312,220.8444772424724,184.8000030517578,152.91697508053775,514.07825463183,68.49199676513672,37455600,33544200,29621500,11970500,25821000
2024-09-13,220.844482421875,186.49000549316406,156.55596923828125,521.604736328125,69.70600128173828,222.37301734416337,188.5,157.47068534964538,524.5477455442109,69.96399688720703,220.25887596851652,185.91000366210938,154.318887339598,514.1378904204591,68.0,221.91644846858938,187.0,154.53761027887018,517.3493672277767,68.0009994506836,36766600,26495400,29591200,10321400,22765000
2024-09-16,214.71046447753906,184.88999938964844,157.15252685546875,530.7208251953125,69.6500015258789,215.6037619118882,185.80999755859375,157.34143843484944,531.5368365725262,70.302001953125,212.32831274384958,183.36000061035156,155.70091765708278,514.9170282546622,68.86299896240234,214.9288136198369,185.2899932861328,156.4068328344505,522.0227173210484,70.0,59357400,26065500,18379800,9527600,18437000
2024-09-17,215.17697143554688,186.8800048828125,158.40530395507812,533.7462158203125,70.69100189208984,215.28615358843467,189.4499969482422,159.6282379126932,539.4984461028365,70.76300048828125,212.904016801209,186.13999938964844,157.4706983462141,528.0238099822781,69.83699798583984,214.14471619981742,186.85000610351562,158.10702330973243,535.02004153394,70.08200073242188,45519300,26091700,20715600,11690800,22986000
2024-09-18,219.04795837402344,186.42999267578125,158.8924560546875,535.368408203125,69.0469970703125,221.05293280374121,188.8000030517578,159.57849687987786,541.5884146634684,70.75499725341797,215.92138686335736,185.05999755859375,157.6894117080279,531.3378561652726,68.80000305175781,215.9313221513165,186.4499969482422,158.9421720163007,534.4926264341286,70.75499725341797,59894900,34448100,23677300,10323500,29844000
2024-09-19,227.16708374023438,189.8699951171875,161.20909118652344,556.4169311523438,70.43199920654297,228.11002736409566,190.99000549316406,162.8496118323656,559.3727101138928,71.56600189208984,222.95864123060412,188.47000122070312,160.41368126049775,543.8973445888765,69.53700256347656,223.31596324984213,190.0399932861328,162.77008449382728,547.360625106574,70.5,66781300,39543200,26587700,15647000,42285000
2024-09-20,226.5020751953125,191.60000610351562,162.65078735351562,558.6561279296875,70.10299682617188,231.3556905514529,191.83999633789062,162.7899829734501,561.791035774312,70.66699981689453,225.92638886705737,187.41000366210938,161.12957266023724,553.6303743905208,69.63099670410156,228.2589097535001,190.22999572753906,162.56130770595448,557.3126307061377,70.55500030517578,318679900,100378600,40896400,22066800,39981000
2024-09-23,224.78494262695312,193.8800048828125,160.92076110839844,561.7013549804688,70.53700256347656,227.742765583781,194.4499969482422,164.53986181971814,571.2254355902388,71.2249984741211,224.12984974700805,190.57000732421875,160.74178667068307,559.7109530325689,69.91600036621094,225.64846451262724,191.63999938964844,163.40640761812853,566.7669546644623,70.23899841308594,54146000,36993100,24150900,12830700,32243000
2024-09-24,225.6782684326172,193.9600067138672,161.35821533203125,560.626708984375,72.22599792480469,227.64354731931365,195.3699951171875,162.28288368359324,565.0254812803894,72.24400329589844,224.05047131587074,190.1300048828125,159.7674107357338,551.5305554385482,70.44499969482422,226.94874349226038,194.27000427246094,162.09397212944717,563.960608707355,70.66300201416016,43556100,43478900,23332100,12993000,35657000
2024-09-25,224.6856689453125,192.52999877929688,160.56283569335938,565.5826416015625,72.15599822998047,225.59882178569194,193.9499969482422,161.87524922923666,574.1115209135556,72.51200103759766,222.35316341740713,192.16000366210938,160.37392412147798,561.014642577983,71.62100219726562,223.25638097071698,193.75,160.5429462723237,561.3430758947455,72.0999984741211,42308700,26391100,18869200,16543400,22598000
2024-09-26,225.82716369628906,191.16000366210938,161.7957000732422,565.114990234375,71.14299774169922,226.79986786044512,194.52999877929688,163.13795527115403,574.6291098304922,72.5260009765625,223.7328623413079,189.5399932861328,161.34828673099906,559.6512854533856,70.1719970703125,225.6087993733805,194.30999755859375,162.7004790534292,572.967080344701,72.4729995727539,36636700,36334900,20319300,14400800,28330000
2024-09-27,226.09512329101562,187.97000122070312,163.00869750976562,564.63720703125,70.73500061035156,227.81226214161182,190.89999389648438,164.7486500925775,568.1005477071013,71.07099914550781,225.6087788258606,187.33999633789062,161.69628402203105,561.8009085673148,70.125,226.7601514881057,190.67999267578125,161.87524329123835,567.3640479667661,70.83599853515625,34026000,36002300,21101300,9398400,23956000
2024-09-30,231.26634216308594,186.3300018310547,164.89779663085938,569.6928100585938,70.927001953125,231.26634216308594,188.49000549316406,165.19606207708327,571.9220503731812,71.12100219726562,227.94126208675945,184.64999389648438,162.32265529939457,562.0894605452922,70.28199768066406,228.32835965023514,187.13999938964844,162.38232355982177,564.9755674746466,70.69999694824219,54541900,41583900,20413900,12792300,17099000
2024-10-01,224.52688598632812,185.1300048828125,166.03123474121094,573.7035522460938,70.61299896240234,227.9412778656533,186.19000244140625,168.18877389639653,580.2420307996076,71.7760009765625,222.07526286618742,183.4499969482422,163.6350680810018,567.3641260621707,69.85900115966797,227.81225543239978,184.89999389648438,166.72721266688677,575.2063156344602,71.36399841308594,63285000,36044900,28338100,15259300,28135000
2024-10-02,225.09263610839844,184.75999450683594,164.90773010253906,570.0610961914062,71.10900115966797,225.67824256269316,186.60000610351562,166.55820300060364,573.2357898880107,71.62100219726562,221.360617941662,184.0399932861328,163.78421304270756,566.6077777940206,70.46900177001953,224.20925878310885,184.44000244140625,165.46451248473383,572.1012461423841,70.61299896240234,32880600,23704100,17760200,6524700,17582000
2024-10-03,223.9908905029297,181.9600067138672,164.90773010253906,579.9732666015625,70.68000030517578,225.12240767637772,183.44000244140625,165.6832505879078,580.5604011358083,70.88099670410156,221.65838486968212,180.8800048828125,162.9788660133771,566.0006066407063,70.0,223.46483520314058,183.0500030517578,163.46605818338855,567.4138356986169,70.4260025024414,34044200,30204300,15073100,11581000,22564000
2024-10-04,225.11248779296875,186.50999450683594,166.10084533691406,593.0802001953125,71.97000122070312,226.3035561118749,187.60000610351562,167.26412612073125,593.9858065525297,72.10099792480469,222.46235586119454,183.60000610351562,164.5299148711692,578.6398211951146,70.88200378417969,226.20429410810965,185.75,167.09510397311843,580.9287717859667,71.33200073242188,37245100,40890300,19047400,14169500,22290000
2024-10-07,220.04049682617188,180.8000030517578,162.04428100585938,581.9736938476562,70.19200134277344,224.01073444452058,183.60000610351562,167.5127039344141,600.0564797527886,71.58799743652344,219.68317483471031,180.25,161.81560574950586,581.2371940539072,69.64299774169922,222.8295863298211,182.9499969482422,166.7570727731855,595.3491375246505,71.47599792480469,39505400,42364200,22463100,12014200,33605000
2024-10-08,224.0901641845703,182.72000122070312,163.4362335205078,590.0447387695312,72.1760025024414,224.298593199742,183.08999633789062,163.78421492779364,590.7115064354323,72.50599670410156,221.58890998571715,180.9199981689453,161.93489332497202,583.1579040765794,70.3550033569336,222.63110049734397,181.9199981689453,162.99875730912473,586.8600834032629,70.38800048828125,31855700,26372100,23072700,7857400,31874000
2024-10-09,227.83209228515625,185.1699981689453,160.93069458007812,587.6762084960938,72.74299621582031,228.0405364361267,185.85000610351562,163.89358090449505,591.5375936051837,72.85900115966797,223.15714569962594,182.0500030517578,158.8228712424478,578.8188944511467,71.88700103759766,223.55416342639623,182.82000732421875,162.51156208330087,591.1394888701676,71.92500305175781,33591100,26343100,31181800,9529700,19811000
2024-10-10,227.3358154296875,186.64999389648438,161.14944458007812,581.0282592773438,73.02899932861328,227.7923994519787,188.1300048828125,162.13376610989224,587.397509697218,73.38500213623047,225.47973405841245,185.8300018310547,159.4790821511072,579.7245483018079,72.25,226.0851959438118,187.1300048828125,159.94638493252756,584.7503015704497,72.3290023803711,28183500,27785000,14144100,7740400,27679000
2024-10-11,225.85691833496094,188.82000732421875,162.3027801513672,587.1188354492188,72.27899932861328,227.70307961960657,189.92999267578125,162.9589793006072,588.3727984137771,73.5999984741211,225.6484741750507,186.3000030517578,160.3142629412503,579.9135900095793,72.12200164794922,227.5938974682738,186.6300048828125,161.19915249290503,582.0234112463053,73.48999786376953,31759200,25751600,15344300,8587100,22995000
2024-10-14,229.57901000976562,187.5399932861328,164.01292419433594,587.5866088867188,71.30000305175781,230.0058033150611,189.8300018310547,165.27562183830673,597.2201481215791,72.66200256347656,226.89910245149323,187.36000061035156,162.4618678561569,587.1288552616571,71.13099670410156,226.99834931201846,189.77999877929688,162.7004954092269,591.3683608695632,72.5,39882100,22614400,19016100,8252000,27971000
2024-10-15,232.1100311279297,187.69000244140625,164.5100555419922,583.4564819335938,70.5979995727539,235.72294688412148,188.41000366210938,166.71729595706415,587.7756200523332,71.33999633789062,230.64103225198252,184.5800018310547,163.6848189785555,577.3558952346164,69.97799682617188,231.87181141001133,187.6300048828125,164.83814757105517,587.3277674752023,71.2509994506836,64751400,32178900,20247200,9564200,29328000
2024-10-16,230.05543518066406,186.88999938964844,164.21176147460938,574.02197265625,70.19999694824219,230.3929017691756,187.77999877929688,164.84808640066018,579.2866249105597,70.55899810791016,228.12986736523644,185.61000061035156,162.7999160190336,571.275268873164,69.78199768066406,229.87678174389526,187.0500030517578,163.58537367338423,578.6098955081545,70.34300231933594,34082200,23456800,16406000,11268400,24943000
2024-10-17,230.4226837158203,187.52999877929688,161.9945526123047,574.161376953125,68.76499938964844,232.11004699556463,188.94000244140625,165.4148047545223,582.1627721197076,70.44100189208984,228.8048220166126,186.0,161.82553046438127,572.4396984468079,67.78800201416016,231.69315867439417,188.22000122070312,164.77847983302945,580.5306884411078,70.43499755859375,32993800,25039400,21453400,8701200,89267000
2024-10-18,233.25146484375,188.99000549316406,162.4817352294922,573.7035522460938,76.38899993896484,234.42267769537074,190.74000549316406,163.7643372928155,581.1675605388372,76.62799835205078,232.2688255608399,186.27999877929688,162.1436909535705,572.4894360534232,73.62300109863281,234.42267769537074,187.14999389648438,162.25306000415483,578.3113382248611,73.76399993896484,46431500,37417700,19757700,7694300,159741000
2024-10-21,234.720458984375,189.07000732421875,163.12802124023438,572.3997802734375,77.20700073242188,235.08771628667242,189.4600067138672,163.5555451703661,574.4698153606886,77.30000305175781,232.7055644739604,186.39999389648438,161.68633408506915,566.37882637357,75.66000366210938,232.7055644739604,188.0500030517578,162.01444125458505,573.2656610260642,76.57599639892578,36254500,24639400,20946500,8171900,60571000
2024-10-22,234.10508728027344,189.6999969482422,164.1918487548828,579.2169799804688,76.42400360107422,234.4624093106695,191.52000427246094,164.81823646722327,580.7297050326658,76.97000122070312,230.86934872103873,186.97999572753906,162.0442467450133,569.3744268963089,76.11199951171875,232.14974382855843,188.35000610351562,162.0442467450133,571.5339961936412,76.5270004272461,38846600,29650600,16568100,8544500,29873000
2024-10-23,229.04302978515625,184.7100067138672,161.84542846679688,560.9849243164062,74.92900085449219,233.39044533687328,189.16000366210938,164.86798338254357,582.1926578504655,76.37899780273438,226.0653512199268,183.69000244140625,161.00030251118483,559.8006325485245,74.4260025024414,232.33833466706656,188.85000610351562,163.81405642655295,577.1867670377931,76.28299713134766,52287000,31937100,18280500,14248400,37490000
2024-10-24,228.8544464111328,186.3800048828125,161.7857666015625,565.0552368164062,75.45500183105469,229.10258628095696,187.11000061035156,162.39226497688696,566.1499335882773,75.58200073242188,226.71051430099084,183.86000061035156,160.0855776572324,558.8252690153747,74.625,228.26882480795348,185.25,161.89513565846306,564.4083318879617,75.1969985961914,31109500,21647400,22412500,7184700,26430000
2024-10-25,229.68820190429688,187.8300018310547,164.3211212158203,570.4990234375,75.46800231933594,231.484732210271,190.4499969482422,164.63927607521566,578.5004183141831,76.8499984741211,227.86189602437614,187.52999877929688,162.48173675810202,568.9763366172681,75.35299682617188,228.03062932515897,187.85000610351562,162.73030140529735,571.1757528879629,75.61699676513672,38802300,29362100,19828900,11337900,28195000
2024-10-28,231.66339111328125,188.38999938964844,165.7628173828125,575.3853759765625,74.91200256347656,232.98349712196287,190.2100067138672,167.78116139958385,580.9485762210542,75.86799621582031,230.81972458948547,188.2100067138672,163.00871644109216,571.3647858558778,74.78800201416016,231.58399967772363,189.57000732421875,167.78116139958385,579.2069744936249,75.86799621582031,36087100,27930800,32138600,10925100,28624000
2024-10-29,231.93138122558594,190.8300018310547,168.705810546875,590.4329223632812,75.94400024414062,232.5864741436605,191.4600067138672,169.4018037804766,590.8210046180449,76.38800048828125,230.59143496071306,187.82000732421875,166.1306841303376,572.6387223000493,74.8010025024414,231.36563017470797,188.5800018310547,166.76700909757434,577.3659274017436,75.11299896240234,35417200,35690200,42169000,13019100,36604000
2024-10-30,228.387939453125,192.72999572753906,173.4583740234375,588.9600219726562,75.3740005493164,231.7328600109945,195.61000061035156,180.97496713171114,598.3149369771265,75.97899627685547,227.8420287171323,192.4199981689453,173.06066145323211,586.5516522238592,75.22799682617188,230.87925826342104,194.6999969482422,179.64264898550226,598.0959611405502,75.80799865722656,47070900,37707600,68890800,26864900,17220000
2024-10-31,224.22911071777344,186.39999389648438,170.12759399414062,564.856201171875,75.60299682617188,228.11994197442104,190.60000610351562,175.80481742033143,587.0690948039123,76.0790023803711,223.693120129287,185.22999572753906,170.01822493850247,560.3081253081026,75.2229995727539,227.63358238786932,190.50999450683594,172.13600066532192,582.1925856019707,75.39299774169922,64370100,75146800,44769000,26838400,30577000
2024-11-01,221.25144958496094,197.92999267578125,170.30657958984375,564.4382934570312,75.61000061035156,223.67329727363756,200.5,171.3306800897656,570.9170630749317,76.37999725341797,218.63109301833273,197.02000427246094,167.91042746241004,559.8603921723633,74.7770004272461,219.32588166379162,199.0,169.0935978368809,564.886146151507,75.3479995727539,65276700,99687800,31796500,15303200,29968000
2024-11-04,220.35812377929688,195.77999877929688,168.2683563232422,557.9893188476562,75.5510025024414,221.13231895883285,197.3300018310547,169.74979215128636,565.9608889972419,76.24800109863281,218.0752491010658,194.30999755859375,167.0454071374049,555.2127297782872,74.96900177001953,219.34572401852256,196.4499969482422,168.95438211699454,561.392889439504,75.31400299072266,44944500,38492100,21492700,12064600,19022000
2024-11-05,221.7873992919922,199.5,168.7654571533203,569.682861328125,76.39099884033203,222.28367900181775,199.82000732421875,169.55091475770118,570.727810156648,76.75299835205078,219.49458945583885,195.99000549316406,167.87061532690117,563.9504942499769,75.62699890136719,220.14968230766976,196.0399932861328,168.45722424913848,564.5774756955396,75.73500061035156,28111300,30564800,18242100,9775400,22006000
2024-11-06,221.06283569335938,207.08999633789062,175.49658203125,569.3047485351562,78.02100372314453,224.38791581537038,207.5500030517578,175.92412112315387,570.2502016811582,78.14900207519531,219.54422098922427,199.13999938964844,172.50386907265272,552.5057499508582,75.73799896240234,220.95365355112233,200.00999450683594,172.80214969030013,560.0493909181008,77.1500015258789,54561100,72292200,33695500,18305400,36908000
2024-11-07,225.78744506835938,210.0500030517578,179.71226501464844,588.8605346679688,79.65399932861328,226.18447798056903,212.25,180.04037221530027,591.9456339468819,79.8219985961914,222.89910825147632,207.19000244140625,176.17270637176324,572.4496773656942,77.99400329589844,222.95865940199351,207.44000244140625,176.39144450553113,574.1216080144851,78.13700103759766,42137700,52878400,25352900,14653700,32951000
2024-11-08,225.51914978027344,208.17999267578125,177.32603454589844,586.5118408203125,79.50399780273438,227.20835428792034,209.9600067138672,179.86138194143007,590.2537459189086,79.90599822998047,224.9726384261151,207.44000244140625,177.05758046511664,581.7149642470737,78.86499786376953,225.72780810336752,209.72000122070312,179.6128172813832,588.70123463837,79.73600006103516,38328800,36075800,22006200,9415700,19106000
2024-11-11,222.8064727783203,206.83999633789062,179.31454467773438,580.3714599609375,80.54399871826172,224.26714170400084,209.64999389648438,179.513393363608,584.1830975198795,80.68199920654297,220.0938084143074,205.58999633789062,177.44533365392132,573.7434467735926,79.55699920654297,223.57158868270503,208.5,177.55470270682915,583.5461541812385,79.58999633789062,42005600,35456000,17450400,10209100,23992000
2024-11-12,222.8064727783203,208.91000366210938,180.57723999023438,582.0135498046875,81.94999694824219,224.15783943194586,209.5399932861328,181.44225527864106,596.78230100658,82.03700256347656,221.9420008205612,206.00999450683594,178.3600475857902,577.5948542236526,80.375,223.12444853772337,208.3699951171875,178.78758666786376,585.7156689643949,80.75,40398300,38942900,25134900,16287700,28141000
2024-11-13,223.69081115722656,214.10000610351562,177.85299682617188,577.2166748046875,83.0469970703125,225.21109667354565,215.08999633789062,179.92105669289288,582.8296239447234,83.6989974975586,221.3457931121334,209.13999938964844,177.5149373462163,572.409836177361,82.05400085449219,222.5878574334345,209.39999389648438,179.42392735486908,579.8141352631666,82.26200103759766,48566200,46212900,23184000,10757600,27678000
2024-11-14,226.77114868164062,211.47999572753906,174.57192993164062,574.3902587890625,83.72599792480469,227.41701609796436,215.89999389648438,177.79333331489727,577.9730193106801,84.0999984741211,223.57158960851197,210.8800048828125,173.3191695348543,570.2602105353902,83.00199890136719,223.59146688403666,214.16000366210938,177.2564251654299,574.2310533344881,83.36699676513672,44923900,42620300,31007500,11053700,30382000
2024-11-15,223.5715789794922,202.61000061035156,171.49969482421875,551.4210205078125,82.39600372314453,225.4793879673537,207.33999633789062,173.14021567004892,569.8222783942981,83.2040023803711,222.84621765747355,199.61000061035156,170.23698198164112,548.8533847643662,81.64900207519531,224.96268496170848,206.75999450683594,172.73256594722855,568.47872051752,83.2040023803711,47923700,86591100,32504600,17712900,36737000
2024-11-18,226.57241821289062,201.6999969482422,174.2935333251953,551.7394409179688,84.70500183105469,228.28149999782985,204.6699981689453,174.43272892051993,557.2130462415905,84.84500122070312,223.74050538640262,200.9499969482422,171.90730361382492,547.4501271758751,80.93299865722656,223.8199993254601,204.14999389648438,172.4243223269658,554.3667253091998,81.55000305175781,44633700,36409900,20135300,14327300,40812000
2024-11-19,226.8307647705078,204.61000061035156,177.0973358154297,558.3973388671875,87.13200378417969,228.6988344551977,205.3000030517578,177.8430297605378,558.7356731812587,87.4489974975586,225.22105418122663,198.77999877929688,172.56351905656155,547.957629670582,83.91600036621094,225.53901477922054,199.3300018310547,172.72260407260165,549.2115926112795,83.9749984741211,36211800,31197900,23434900,9522400,38142000
2024-11-20,227.5461883544922,202.8800048828125,174.96963500976562,562.8060913085938,88.38500213623047,228.47027695087482,203.1300048828125,176.65987170014589,563.6320644076252,89.05999755859375,224.45593165289552,199.4499969482422,172.78226898861567,551.5404086524625,86.83999633789062,226.61215353970658,202.97999572753906,176.32182739630647,560.2284939812367,87.99800109863281,35169600,32769000,18997100,9797300,40938000
2024-11-21,227.06924438476562,198.3800048828125,166.66758728027344,560.3878173828125,89.74800109863281,228.69883223369175,203.49000549316406,173.1302686962832,567.2646302971915,90.80000305175781,224.2770861035494,195.75,162.76014278127062,546.4151549825543,87.7239990234375,227.42695953023323,203.49000549316406,172.9015782767723,566.7869532039366,88.39299774169922,42108300,58800000,59734400,11154700,45113000
2024-11-22,228.41065979003906,197.1199951171875,163.81405639648438,556.4567260742188,89.77899932861328,229.25526960886552,199.25999450683594,165.5043083073982,561.1242213982047,90.5999984741211,226.6121530455377,196.75,162.95899331574788,551.9285734744715,89.30000305175781,226.6121530455377,198.25,164.8978098993039,560.8455359497274,89.5999984741211,38168300,31530800,38604600,9164000,32140000
2024-11-25,231.39163208007812,201.4499969482422,166.68746948242188,562.3980712890625,86.55899810791016,231.76922452168117,201.9499969482422,167.6618539579553,569.842216719163,90.20500183105469,228.2815130321861,199.0,164.65918835503592,553.7199469729902,86.4219970703125,229.99059491471002,199.27999877929688,165.1364282959766,559.4025063006017,90.20500183105469,90152800,40685700,33135300,13599800,60142000
2024-11-26,233.56773376464844,207.86000061035156,168.14901733398438,570.7875366210938,87.26000213623047,234.07450576495518,208.0,168.84501052303654,574.7285542891422,88.63600158691406,231.8487208075284,201.7899932861328,166.61786569467208,562.4875946319524,86.7249984741211,231.8487208075284,201.89999389648438,166.66758166120195,563.2837432513497,86.7490005493164,45986200,41673700,20486700,10356600,31383000
2024-11-27,233.4385528564453,205.74000549316406,168.25836181640625,566.4684448242188,87.73400115966797,234.19373774290258,207.63999938964844,168.50692644156777,572.2206752566353,88.09500122070312,232.32566796514345,205.0500030517578,167.0553175264857,561.3928830685265,85.89099884033203,232.98148163119754,206.97999572753906,168.02968660918825,572.131141178584,87.20600128173828,33498400,28061600,19266500,7200200,25782000
2024-11-29,235.8233184814453,207.88999938964844,167.97998046875,571.5639038085938,88.68099975585938,236.3002669685808,208.1999969482422,168.45722032902532,575.6840509462676,89.24099731445312,232.48464874765904,204.58999633789062,166.20026432388437,564.179528644509,87.66799926757812,233.31931239062584,205.8300018310547,167.53256715154302,566.2694266604135,88.21700286865234,28481400,24892400,14257200,7130500,20272000
2024-12-02,238.06895446777344,210.7100067138672,170.5054168701172,589.9850463867188,89.77400207519531,239.26133321145704,212.99000549316406,171.09202581712017,591.6470151067747,90.23400115966797,235.654388648958,209.50999450683594,167.60218350894124,572.8078668096863,88.41200256347656,235.76369091824088,209.9600067138672,167.80103219947992,574.7285975175146,88.7509994506836,48137100,39523200,23789100,12522400,23890000
2024-12-03,241.1095428466797,213.44000244140625,170.3562774658203,610.7052001953125,90.21700286865234,241.21884512379424,214.02000427246094,171.68858044714352,611.2525486705784,90.26899719238281,237.38334952948236,209.64999389648438,169.86910042539293,588.412670496105,88.8030014038086,238.2875760799829,210.30999755859375,170.50542536954606,592.144674748723,89.43599700927734,38861000,32214800,22248700,14907200,24016000
2024-12-04,241.46725463867188,218.16000366210938,173.36888122558594,610.83447265625,91.10600280761719,242.56027739454964,220.0,173.9057894087997,614.8152764849832,91.59700012207031,239.7184333911867,215.75,170.0778874212496,602.1960748947224,89.80500030517578,241.32814402991647,215.9600067138672,170.16736706139073,610.0184005822902,89.80500030517578,44383900,48745700,31615100,14697000,26896000
2024-12-05,241.49705505371094,220.5500030517578,171.64878845214844,606.0077514648438,91.78700256347656,242.98753231090083,222.14999389648438,175.04915073367906,616.9251382698544,92.69999694824219,240.59284370740727,217.3000030517578,171.34057074163022,604.136768682784,91.11100006103516,242.4410361127995,218.02999877929688,174.3531728113507,614.1186640967649,91.78500366210938,40033900,41140200,21356200,8081200,28353000
2024-12-06,241.29832458496094,227.02999877929688,173.70692443847656,620.7765502929688,93.4739990234375,243.0769692456264,227.14999389648438,174.07479526094843,626.7676190380172,93.5270004272461,240.5431549096241,220.60000610351562,170.8732813965907,605.6096966963446,91.27100372314453,241.36788746709487,220.75,171.04230353586647,607.1721088209316,91.52300262451172,36870600,44178100,21462400,16935500,29554000
2024-12-09,245.1835174560547,226.08999633789062,174.56297302246094,610.6255493164062,91.36900329589844,245.67041216886827,230.0800018310547,175.44887679032834,623.3939965020669,93.02999877929688,240.21525975684386,225.6699981689453,172.85088694703188,603.2610368421125,90.25900268554688,240.29475369946152,227.2100067138672,173.15947313956298,620.9258564568023,92.80000305175781,44649200,46819400,25389600,11426000,33501000
2024-12-10,246.19703674316406,225.0399932861328,184.31787109375,616.347900390625,91.33499908447266,246.63424582967986,229.05999755859375,185.502397306232,622.5878301971734,92.28800201416016,243.7824557106041,224.1999969482422,180.21683563214248,609.7994606988705,90.95800018310547,245.32261857013248,226.08999633789062,182.00855531536865,614.5963368840676,91.3759994506836,36914800,31199900,54813000,10938900,23886000
2024-12-11,244.92515563964844,230.25999450683594,194.50079345703125,629.6438598632812,93.65599822998047,249.2077910379196,231.1999969482422,194.7098337526011,635.3364420595346,94.17500305175781,244.69660488558225,226.25999450683594,183.99935507018319,618.5474034232142,92.30799865722656,246.38582450957213,226.41000366210938,184.45722971599074,620.3785395339332,92.47100067138672,45205800,35385800,67894100,10837200,35017000
2024-12-12,246.38583374023438,228.97000122070312,191.07662963867188,627.762939453125,92.55500030517578,247.1608807008323,231.08999633789062,194.28179760891206,633.6047656039859,93.40899658203125,244.12029436088807,227.6300048828125,190.8277801088796,624.200162912141,92.26000213623047,245.32261935264157,229.8300018310547,194.10263323797517,628.4695541682555,93.33499908447266,32777500,28204100,34817500,7474700,24862000
2024-12-13,246.5547332763672,227.4600067138672,188.9464874267578,617.3729248046875,91.88700103759766,247.7073574078961,230.1999969482422,191.84308455058388,628.0514729907906,92.55500030517578,244.6767326870094,225.86000061035156,188.76730785856873,613.9295681709151,90.96099853515625,246.24670376010008,228.39999389648438,190.1309984875668,624.2099509122261,91.68099975585938,33155300,28768100,25143500,8453300,24858000
2024-12-16,249.44627380371094,232.92999267578125,195.7550048828125,621.7454223632812,92.10800170898438,249.7841268474892,233.0,198.08423292115103,628.6278428855253,92.89399719238281,246.07779571830554,228.00999450683594,191.73358782946704,616.1080674222911,91.94999694824219,246.4156487620838,230.22999572753906,191.98243736831273,627.4624746323816,92.39399719238281,51694800,37552100,44934900,10885600,26749000
2024-12-17,251.8707733154297,231.14999389648438,194.52069091796875,616.9646606445312,91.91300201416016,252.21855739876366,232.72999572753906,200.4930793963414,629.8429838266126,92.84500122070312,248.19426586582333,227.85000610351562,194.082713332717,614.0762250068084,91.64199829101562,248.49236434269267,232.38999938964844,196.3422712265007,623.6677474643714,92.15399932861328,51356400,35948100,43504000,12897800,24595000
2024-12-18,246.47525024414062,220.52000427246094,187.53298950195312,594.8035278320312,88.95500183105469,252.66569465886903,231.39999389648438,196.09341894237798,624.8529462687603,92.24400329589844,246.16722071424974,220.11000061035156,186.87603832190538,593.9370093659079,88.65599822998047,250.559158393614,230.77000427246094,194.32161160052223,618.5183765194273,91.91300201416016,56774100,43281400,34166100,17075500,29382000
2024-12-19,248.20419311523438,223.2899932861328,187.6425018310547,593.1900024414062,90.2040023803711,250.400169527173,226.08999633789062,192.14170577082706,609.0762755305054,91.26200103759766,245.5213371883983,222.9199981689453,187.51311039837418,592.6222729689903,89.9000015258789,245.92873792847348,224.91000366210938,190.74815442108678,607.9507863504745,90.81800079345703,60882300,39918700,32265200,14958100,28155000
2024-12-20,252.8743896484375,224.9199981689453,190.52914428710938,582.9111938476562,90.90499877929688,253.3811464831127,226.2100067138672,192.00232914747002,600.6998062071282,91.99199676513672,244.13025293349912,218.72999572753906,184.3676279309519,577.68217416769,89.04900360107422,246.4653249902114,219.83999633789062,184.925048408463,588.219910849056,89.32099914550781,147495300,88279200,63462900,48989400,45305000
2024-12-23,253.64942932128906,225.05999755859375,193.7343292236328,597.452880859375,91.1449966430664,254.02700659111463,226.8800048828125,194.20216752678672,598.6879766892466,91.5,251.84097626600598,223.89999389648438,189.27493498031782,583.907252912156,89.91000366210938,253.15260355822258,225.00999450683594,191.73356940291157,587.2438414694396,91.34200286865234,40858800,28070000,25675000,10205800,23394000
2024-12-24,256.56085205078125,229.0500030517578,195.20753479003906,605.3212890625,93.21199798583984,256.5707679464462,229.13999938964844,195.20753479003906,605.5603202398497,93.58499908447266,253.6693071300515,226.1300048828125,192.8882552424337,596.8851663404314,91.16999816894531,253.86804957710976,226.94000244140625,193.9433748674021,600.3113609374378,91.5,23234700,15007500,10403300,4726100,23203000
2024-12-26,257.3756103515625,227.0500030517578,194.69989013671875,600.9388427734375,92.41400146484375,258.44877099351584,228.5,195.84459196860374,603.8770660163228,93.04900360107422,255.99445048269988,226.6699981689453,193.48550314170072,596.5464929509934,91.52999877929688,256.5508929178466,228.5,194.25194880473947,603.0603356402203,92.83999633789062,27237100,16146700,12046600,6081400,23403000
2024-12-27,253.96739196777344,223.75,191.87294006347656,597.4130249023438,90.75499725341797,257.05766400729357,226.02999877929688,194.42117206113832,599.4448507288726,91.81300354003906,251.45345479939442,220.89999389648438,189.77264937982267,587.4430173370732,89.44999694824219,256.19316170058187,225.60000610351562,194.05286442098586,597.0145990738104,91.60099792480469,42355300,27367100,18891400,8084200,32262000
2024-12-30,250.59890747070312,221.3000030517578,190.3599395751953,588.8772583007812,90.04299926757812,251.890657464443,223.0,191.66390866604786,594.5544919388965,90.822998046875,249.15811581542044,218.42999267578125,188.24968525874627,583.239903719799,88.97100067138672,250.6287158030117,220.05999755859375,188.9265638700057,586.3972186440706,89.45099639892578,35557500,28321200,14264700,7025900,22030000
2024-12-31,248.83021545410156,219.38999938964844,188.42884826660156,583.1702270507812,89.13200378417969,251.6720594492945,223.22999572753906,191.07661064566062,591.5963807603267,90.26799774169922,247.84649497663966,218.94000244140625,187.64247532502426,581.5168266078615,88.9469985961914,250.83739579916153,222.97000122070312,190.20065552751936,589.9032228392957,90.18000030517578,39480700,24819700,17466900,6019500,18759000
2025-01-02,242.3019256591797,220.22000122070312,188.55825805664062,596.8453369140625,88.6729965209961,247.51859606258614,225.14999389648438,191.11643850843902,602.4926617179121,89.85800170898438,240.28481431614935,218.19000244140625,186.63714698089748,585.470989976871,87.69999694824219,247.34966196417784,222.02999877929688,189.7726449747486,587.3633608157467,89.55000305175781,55740700,33956600,20370800,12682300,23123000
2025-01-03,241.81503295898438,224.19000244140625,190.90740966796875,602.2138061523438,88.1050033569336,242.62981931594805,225.36000061035156,192.32088844513342,607.0643399858958,89.88300323486328,240.3543640210219,221.6199951171875,189.10574139792004,594.0266229827574,87.98899841308594,241.81503295898438,222.50999450683594,190.48934425629204,602.3432915147383,89.31300354003906,40244100,27515600,18596200,11436800,29673000
2025-01-06,243.4446258544922,227.61000061035156,195.96401977539062,627.6815795898438,88.17900085449219,245.7598357483754,228.83999633789062,197.30781329054136,628.4684006727375,89.28299713134766,241.6560500607284,224.83999633789062,192.9579284385956,603.1997902301983,87.16899871826172,242.75900387005615,226.77999877929688,193.08731986382298,609.384995443752,88.8759994506836,45045600,31849800,29563600,14560800,34577000
2025-01-07,240.67234802246094,222.11000061035156,194.59039306640625,615.4207763671875,87.91899871826172,243.9911405526811,228.3800048828125,200.0750314967655,629.5739508561447,88.80000305175781,239.81780708502322,221.4600067138672,193.70448930563006,605.7993460257709,86.91100311279297,241.4374487975533,227.89999389648438,196.20293323603758,629.1755858278557,87.93800354003906,40856000,28084200,26487200,12071500,26498000
2025-01-08,241.15921020507812,222.1300048828125,193.05746459960938,608.2794189453125,87.5,242.16280789951685,223.52000427246094,195.38669258245946,613.976592361968,88.62200164794922,238.52603985831155,220.1999969482422,191.49469743094454,600.3811160103171,87.30000305175781,240.3841632667122,223.19000244140625,191.683825506133,610.9487626580363,88.0,37628900,25033300,24864800,10085800,23479000
2025-01-10,235.3463592529297,218.94000244140625,191.15625,613.3988647460938,83.76899719238281,238.63534322792128,221.7100067138672,195.61564455345277,627.3927055003096,86.64099884033203,231.52079498772144,216.5,189.4342154897214,594.9529163376031,83.44000244140625,238.48628640867517,221.4600067138672,193.40585949210492,607.592206559942,86.63999938964844,61710900,36811500,26665200,19256600,48033000
2025-01-13,232.9119110107422,218.4600067138672,190.1309814453125,605.8990478515625,84.02899932861328,233.18020116738663,219.39999389648438,190.3001972959748,606.5364441234269,84.70700073242188,228.26162915914,216.47000122070312,186.49778453538255,596.0585248079975,82.91400146484375,232.04743903723335,218.05999755859375,189.19532001022134,604.6739217603003,83.15299987792969,49630700,27262700,21823700,10785000,30245000
2025-01-14,231.7989959716797,217.75999450683594,188.78721618652344,591.8753051757812,82.83999633789062,234.62096229168603,221.82000732421875,191.09653198927745,603.0703790506547,84.48899841308594,230.9941407684731,216.1999969482422,187.4434226127788,586.198070906463,82.35199737548828,233.2596647337646,220.44000244140625,190.35994708125565,602.6520744429687,84.31999969482422,39435300,24711700,17174900,13598000,30377000
2025-01-15,236.35986328125,223.35000610351562,194.65011596679688,614.6538696289062,84.82599639892578,237.44295487436693,223.57000732421875,195.45638605757955,619.972556750708,85.08399963378906,232.9416999002932,220.75,190.97709427450172,604.0763139738187,83.04100036621094,233.15037337402552,222.8300018310547,192.20142977574318,607.7715100133968,83.64399719238281,39832000,31291300,21776000,15524300,31814000
2025-01-16,226.81089782714844,220.66000366210938,192.0222625732422,608.8571166992188,84.23699951171875,236.4990004602556,224.64999389648438,194.5804279448186,613.7873477153851,86.89800262451172,226.58236221549976,220.30999755859375,191.92271668187493,607.2735046849263,84.2020034790039,235.8432019589194,224.4199981689453,193.2465980564925,609.0563296194044,86.09600067138672,71759100,24757300,17815400,8355300,40285000
2025-01-17,228.5199737548828,225.94000244140625,195.09800720214844,610.3212890625,85.80999755859375,230.8153063545454,226.50999450683594,196.32234248434244,622.4724872092602,86.5,227.02949646555186,223.0800018310547,192.85836171130745,601.2576176946507,85.21299743652344,230.6463874145182,225.83999633789062,195.62556692490554,621.5561807031561,85.97899627685547,68488300,42370100,27735100,17280600,36176000
2025-01-21,221.2265625,230.7100067138672,197.1385955810547,613.99658203125,86.96800231933594,222.99526090225285,231.77999877929688,201.3590737795005,619.0164197693068,91.63999938964844,217.98726416864307,226.94000244140625,196.9594160260543,606.5763408669152,85.4749984741211,222.57792910461188,228.89999389648438,198.15390588987137,615.3611025019545,86.35299682617188,98070400,39951500,29971300,11674000,98514000
2025-01-22,222.4090118408203,235.00999450683594,197.45712280273438,621.0084228515625,95.39900207519531,222.6971640978084,235.44000244140625,199.5574134711185,631.1676746458771,99.9000015258789,218.39465138442915,231.19000244140625,196.62099201618707,616.9546797410454,95.07599639892578,218.39465138442915,232.02000427246094,198.14394994474472,620.8092099161343,99.8030014038086,64126500,41448200,26200600,12274000,142732000
2025-01-23,222.24009704589844,235.4199981689453,197.0689239501953,633.9066162109375,98.48600006103516,225.58869773276695,235.52000427246094,199.3782549776066,634.0559803027825,98.5,220.88873040600683,231.50999450683594,194.30171827365388,618.6677705767347,95.38999938964844,223.3132424800993,234.10000610351562,197.22819130144518,624.8529151272735,95.78099822998047,60234800,26404400,26951400,9910200,77521000
2025-01-24,221.3656768798828,234.85000610351562,199.28866577148438,644.9025268554688,97.75900268554688,224.19758968028435,236.39999389648438,199.9754777209976,649.3945139716581,98.62799835205078,220.00437919561992,232.92999267578125,197.08882922694013,631.6656574969397,96.76799774169922,223.35297985225768,234.5,197.18837511510904,633.8568781379164,98.44100189208984,54697900,25890700,23877500,19065300,45504000
2025-01-27,228.40072631835938,235.4199981689453,190.92730712890625,657.2430419921875,97.18900299072266,230.67618150163648,235.61000061035156,195.97398278636885,661.2170877274049,98.22699737548828,222.5580508531902,225.86000061035156,189.85227535828872,622.601998034938,96.0260009765625,222.5978054024586,226.2100067138672,191.5245520643281,624.1059736130031,97.11000061035156,94863400,49428300,41728900,28399200,46342000
2025-01-28,236.7473907470703,238.14999389648438,194.4012451171875,671.63525390625,97.18299865722656,238.66514594376807,241.77000427246094,194.58040947836048,679.8522851881131,97.79299926757812,229.3446904229109,233.97999572753906,189.80249572901596,656.8345913596311,95.7300033569336,229.38444497187513,234.2899932861328,191.86297701391987,663.3385252994983,96.6709976196289,75707600,41587200,24157900,20950100,34340000
2025-01-29,237.84043884277344,237.07000732421875,194.51075744628906,673.7866821289062,97.81500244140625,238.33726462451705,240.38999938964844,195.88439657430914,678.3284575725552,98.76399993896484,232.52439691334908,236.14999389648438,192.5398581602494,663.0099124193205,96.822998046875,232.63369919180946,239.02000427246094,194.66006109436606,672.3026460146747,98.0,45486100,26091700,18218300,21377800,29307000
2025-01-30,236.08164978027344,234.63999938964844,199.94561767578125,684.2545776367188,97.3239974975586,239.26133146080375,237.9499969482422,200.47317747002577,707.949485012391,99.45899963378906,235.7040725307193,232.22000122070312,196.76034669489817,673.3981124232191,97.0009994506836,237.1547951903121,237.13999938964844,197.08882990069444,694.0353417764899,98.67500305175781,55658300,32020700,24354700,29322900,38678000
2025-01-31,234.50173950195312,237.67999267578125,203.0811309814453,686.4259033203125,97.6760025024414,245.62070152543137,240.2899932861328,204.5344037474068,702.4814799874082,99.02899932861328,231.9579942451269,236.41000366210938,200.87134591508243,682.8403138955325,97.4000015258789,245.62070152543137,236.5,201.0704225036096,688.2386375622425,97.4000015258789,100959800,36110200,32001100,19303900,36151000
2025-02-03,226.5625,237.4199981689453,200.303955078125,694.6728515625,97.89399719238281,230.35825645912033,239.25,202.8123625387659,701.1866947109021,98.76899719238281,224.26716718794117,232.89999389648438,199.17916555521708,672.5515846641146,96.43800354003906,228.52994112055367,234.05999755859375,199.76644678798675,673.2089204422564,97.30000305175781,73063300,37285900,27838300,21415700,37242000
2025-02-04,231.3220977783203,242.05999755859375,205.43028259277344,701.3759155273438,99.48699951171875,231.6500046289628,242.52000427246094,206.09719755510824,704.8818683424153,100.80000305175781,225.2111312813077,238.02999877929688,201.8767037764101,688.846170752285,97.85099792480469,225.80732831191588,239.00999450683594,202.4540365472158,699.6926666804768,98.0469970703125,45067300,29713800,43856400,13826300,60001000
2025-02-05,230.99417114257812,236.1699981689453,190.44952392578125,702.05322265625,101.11100006103516,231.19289841511937,238.32000732421875,191.86298743209488,715.270213081664,101.18299865722656,226.82083777153602,235.1999969482422,187.16470709545553,696.2166547369433,98.66799926757812,227.0791817096477,237.02000427246094,190.19072588273337,700.7384902909668,98.77300262451172,39620300,38727300,70373900,17778200,39934000
2025-02-06,231.7394256591797,238.8300018310547,190.71829223632812,709.144775390625,101.56800079345703,232.31574540236795,239.66000366210938,191.21599131294843,716.0271960756166,101.63500213623047,228.96712922491054,236.00999450683594,187.85154069465264,700.6887123835558,100.26100158691406,229.8216702010973,238.00999450683594,188.62795003909466,703.0592064230789,100.78700256347656,29925300,60897100,29297400,13080700,31343000
2025-02-07,226.1848907470703,229.14999389648438,184.48707580566406,711.6646728515625,101.39299774169922,232.51444580894437,234.80999755859375,190.3001969256679,722.1127432544886,102.7760009765625,225.81722939017394,228.05999755859375,182.39674895869484,708.9057228017197,100.56700134277344,231.1233398047693,232.5,190.17080550398342,713.9355299622597,101.69999694824219,39707200,77539300,49315000,16427100,32129000
2025-02-10,226.45346069335938,233.13999938964844,185.6118927001953,714.5331420898438,102.76000213623047,229.378010419489,233.9199981689453,187.33392723255807,718.317944327383,103.28500366210938,226.00582893863492,229.1999969482422,185.00469922620795,708.4873917995161,101.58799743652344,228.36338248973718,230.5500030517578,186.4878479252447,715.688479736199,102.30500030517578,33115600,35419900,23105600,12904300,32966000
2025-02-11,231.3973388671875,232.75999450683594,184.46719360351562,716.923583984375,100.80799865722656,233.99362125199642,233.44000244140625,186.07973375626966,720.7681443890708,102.26899719238281,226.93094812871882,230.1300048828125,183.43197101543439,707.2025763439763,100.29499816894531,227.000572314181,231.9199981689453,184.17851963260873,710.4694982653,102.0790023803711,53718400,23713700,21239500,12998000,33318000
2025-02-12,235.62501525878906,228.92999267578125,182.76502990722656,722.481201171875,102.73100280761719,235.71455375787428,231.17999267578125,184.2581269278111,724.1942984329098,102.77400207519531,229.4675472393098,228.16000366210938,180.99322265788507,709.7522441351978,99.83499908447266,229.98481838871234,230.4600067138672,182.37682528941733,712.4414664040551,100.54900360107422,45243300,32285200,22072600,12016500,33890000
2025-02-13,240.26052856445312,230.3699951171875,185.2834014892578,725.6485595703125,104.36900329589844,241.06626881430705,230.4199981689453,185.42275661553663,726.0868036941785,104.5989990234375,234.33186254170715,227.52000427246094,182.29720719308074,715.170579657767,102.51000213623047,235.66481592241834,228.85000610351562,183.47178484763324,718.6367143797072,102.66300201416016,53614100,31346500,21402500,12569100,34761000
2025-02-14,243.31439208984375,228.67999267578125,184.3776092529297,733.72607421875,105.86000061035156,244.25939586817944,229.88999938964844,185.54222335537645,737.9491204423847,106.44999694824219,239.72336558929686,227.22999572753906,183.47180841007437,722.7202448085826,104.16899871826172,239.981993568851,229.1999969482422,184.20839337704305,723.2381862179419,104.49500274658203,40896200,27031100,20448400,16901200,31454000
2025-02-18,243.18507385253906,226.64999389648438,182.92430114746094,713.5072631835938,103.58499908447266,243.8913336127375,229.3000030517578,185.10422527431422,734.0548271850589,106.19999694824219,240.56889220053384,223.72000122070312,180.90364435146645,703.6169523863489,102.375,242.86674847770814,228.82000732421875,184.74588137416617,733.058823348987,106.0,48822500,42975100,29916700,21938700,42293000
2025-02-19,243.5829620361328,226.6300048828125,184.41741943359375,700.95751953125,104.33300018310547,244.716969605811,226.8300018310547,184.60654751219354,704.174591919496,104.5,241.88195827091008,223.7100067138672,182.74514264416922,692.6110039461893,102.45099639892578,243.37407429304395,225.52000427246094,183.22294469175932,701.2861569713644,103.51799774169922,32204200,28566700,19549400,17535500,26000000
2025-02-20,244.53790283203125,222.8800048828125,183.71067810058594,692.0632934570312,102.4540023803711,245.4829065325138,225.1300048828125,184.4572267048234,702.8101523617008,104.5,243.00598867544505,221.80999755859375,181.87914917011352,690.8680767624129,101.55899810791016,243.6525813389452,224.77999877929688,183.9495791218272,694.4935451126314,104.19999694824219,32316900,30001700,20441500,12587400,31118000
2025-02-21,244.25938415527344,216.5800018310547,178.83322143554688,680.8184814453125,100.31500244140625,247.38287960480025,223.30999755859375,184.48707519951907,701.0572888134465,103.23799896240234,243.93111682470231,214.74000549316406,178.25588873059436,679.6332343243371,99.93900299072266,244.6572756706751,223.27999877929688,184.29794713548316,693.7964419712561,102.94200134277344,53197400,55323900,35199200,15660400,37387000
2025-02-24,245.80125427246094,212.7100067138672,178.4251251220703,665.4600830078125,98.84700012207031,247.55199828948733,217.72000122070312,182.2773112476267,684.5236120270697,101.51699829101562,243.1353323966777,212.4199981689453,178.06678116700198,659.8027882150541,98.447998046875,243.64264638435856,217.4499969482422,181.15252162389993,683.5375779038759,100.80000305175781,51326400,42387600,29854200,15677000,44262000
2025-02-25,245.74156188964844,212.8000030517578,174.6127471923828,654.87255859375,97.7239990234375,248.68601093773057,213.33999633789062,177.91747644578498,665.330599453422,99.44000244140625,243.62276739789988,204.16000366210938,173.8861107726199,639.2950431423949,95.5,246.69652285022872,211.6300048828125,177.2206855678133,663.3086823740839,98.94000244140625,48013300,58958000,41913400,20579700,47383000
2025-02-26,239.09666442871094,214.35000610351562,171.9351043701172,671.0078125,99.00599670410156,243.6923767743236,218.16000366210938,175.26969397988614,680.2806060030118,100.08899688720703,237.87313357927937,213.08999633789062,170.79040266509935,655.3705397430182,97.69000244140625,243.04579925662603,214.94000244140625,174.2643473971189,657.0139704281752,97.76000213623047,44433600,39120600,35431300,14488700,33972000
2025-02-27,236.05274963378906,208.74000549316406,167.72459411621094,655.6094970703125,96.30699920654297,241.1856322165831,219.97000122070312,173.75670468511518,685.8980050768483,100.072998046875,235.81400561415145,208.3699951171875,167.16717356296937,654.9421915809927,96.18299865722656,238.15166004001364,218.35000610351562,173.1893356179125,679.7227696836991,99.5,41153600,40548600,39991000,12500000,37666000
2025-02-28,240.56887817382812,212.27999877929688,169.4963836669922,665.52978515625,98.05599975585938,240.8175641664438,212.6199951171875,169.82486685567105,666.9540633677159,98.22699737548828,228.9900589647863,206.99000549316406,166.00254187779413,640.0320501051021,95.81700134277344,235.70458076540925,208.64999389648438,167.90374066525882,655.4103519906419,96.95600128173828,56833400,51771700,48130600,17534200,47174000
2025-03-03,236.77891540527344,205.02000427246094,166.24143981933594,652.4323120117188,97.37000274658203,242.74737946323825,214.00999450683594,172.57217267061702,678.5276251290609,99.49299621582031,234.8690087281554,202.5500030517578,165.1664079930538,648.2391746953033,96.48100280761719,240.51914741730602,213.35000610351562,171.13879690224084,670.9878686638693,98.30000305175781,47184000,42948400,40770500,10843800,39074000
2025-03-04,234.68994140625,203.8000030517578,170.13345336914062,637.4424438476562,97.25800323486328,238.80819608105105,206.8000030517578,172.49254217135646,647.1534810781478,98.63099670410156,233.44651142335266,197.42999267578125,165.03701959982106,621.1578057314852,94.82099914550781,236.46059966619734,200.11000061035156,165.47499722472898,642.9304346142569,97.16100311279297,53798100,60853100,45388000,21495200,43928000
2025-03-05,234.50094604492188,208.36000061035156,172.22378540039062,653.8465576171875,99.09200286865234,235.30668622205877,209.97999572753906,172.98028249678805,656.8644781827222,99.55999755859375,228.02515316620742,203.25999450683594,168.2820021982634,635.111729367083,96.947998046875,234.18262069274581,204.8000030517578,169.73529012314535,638.4384086658453,97.36199951171875,47227600,38610100,30954900,13770000,38079000
2025-03-06,234.09310913085938,200.6999969482422,171.55686950683594,625.420654296875,90.63600158691406,236.60981025581015,205.77000427246094,174.0055403400316,647.9602249904791,97.36900329589844,231.93451645578955,198.3000030517578,169.71537693678601,621.6159125135576,89.9000015258789,233.20778757123546,204.39999389648438,169.7452376648565,645.4104577126469,97.29900360107422,45170400,49863800,28302000,13446500,78526000
2025-03-07,237.81344604492188,199.25,173.05992126464844,623.1597290039062,89.11100006103516,240.10134501237943,202.27000427246094,174.1648138078256,632.2532488274342,90.48899841308594,233.5260868229449,192.52999877929688,169.48644558654738,598.2098452417057,85.80699920654297,233.8742532807345,199.49000549316406,170.4718800246714,622.8709097782997,89.76399993896484,46273600,59802800,27385800,21375700,77375000
2025-03-10,226.28436279296875,194.5399932861328,165.29684448242188,595.6002807617188,86.66799926757812,234.91874867921032,196.72999572753906,167.87790649910283,607.6718415110856,88.12699890136719,223.04150278970278,190.85000610351562,163.1243845987229,584.5247237757733,85.44999694824219,234.3019970725287,195.60000610351562,167.6785854184163,605.6400157185544,87.50700378417969,72071200,62350900,43604000,21999900,69953000
2025-03-11,219.67926025390625,196.58999633789062,163.47315979003906,603.28955078125,89.51000213623047,224.65298022983382,200.17999267578125,166.17380218640486,612.4726776603288,91.06800079345703,216.30707871737093,193.39999389648438,160.81238769070245,590.9590175004934,86.5999984741211,222.63365113389432,193.89999389648438,164.34016388069963,592.6721150475107,86.74099731445312,76137400,54002900,39587400,17401500,73989000
2025-03-12,215.83953857421875,198.88999938964844,166.53256225585938,617.0840454101562,91.96800231933594,220.58447147788527,201.52000427246094,167.06072965689114,630.7990357116678,92.71800231933594,213.7804264853068,195.2899932861328,162.96493090148982,606.9148258229645,90.0999984741211,218.9829331071368,200.72000122070312,166.0043948548276,627.3827503406967,91.45999908447266,62547500,43679300,28372400,15747000,68658000
2025-03-13,208.5779266357422,193.88999938964844,162.1975860595703,588.2797241210938,89.01699829101562,215.70029772842102,198.8800048828125,165.5559515451144,618.0203842680918,92.18900299072266,207.3245545879158,191.82000732421875,161.54983818219623,584.1662233882897,88.7509994506836,214.81497612462363,198.1699981689453,165.46625097868807,617.771383307468,91.30000305175781,61368300,41270800,31756200,16480300,50017000
2025-03-14,212.36788940429688,197.9499969482422,164.91815185546875,605.7102661132812,91.80000305175781,212.82546311709572,198.64999389648438,165.91469633780176,606.9663570960139,91.96299743652344,208.47843695256688,195.32000732421875,161.88864811378173,592.9301914090029,90.0999984741211,210.13965751241793,197.41000366210938,162.70582188820455,600.9252068633762,90.14600372314453,60107600,38096700,31995900,12364500,52007000
2025-03-17,212.87522888183594,195.74000549316406,163.72230529785156,603.0187377929688,95.00199890136719,214.08881784956162,199.0,165.72536967150563,611.1931864721827,96.76300048828125,208.86641153353526,194.32000732421875,163.10445251309577,596.1401729971761,93.44200134277344,212.18885305172668,198.77000427246094,164.4597537744784,605.5707735579393,93.99500274658203,48073400,47341800,31184300,15473900,75431000
2025-03-18,211.57211303710938,192.82000732421875,160.11480712890625,580.5487670898438,92.99800109863281,214.019174884069,194.0,163.68243835584954,598.3831413748485,94.82499694824219,210.3784232206469,189.3800048828125,156.17845929337233,572.8727029614505,91.62999725341797,213.0343879953175,192.52000427246094,163.11440067725707,598.1837512328132,94.0,42432400,40414900,42074800,20297700,60094000
2025-03-19,214.1086883544922,195.5399932861328,163.32366943359375,582.2435302734375,95.9489974975586,217.61017604964766,195.97000122070312,165.29682318848322,590.4778508331983,96.80000305175781,212.62651443867486,191.9600067138672,160.44365657902026,572.9824447250121,92.4000015258789,213.0940452987452,193.3800048828125,161.20102488744715,582.4628776976826,93.5770034790039,54385400,39442900,34275600,20537500,66624000
2025-03-20,212.97471618652344,194.9499969482422,162.23744201660156,584.1775512695312,95.08399963378906,216.34689805154306,199.32000732421875,164.3202162999389,608.3023019039958,96.69999694824219,211.1045924362575,192.3000030517578,160.40380384962694,577.7077447799743,94.55000305175781,212.86529372925065,193.07000732421875,161.01169658179438,580.947637342476,95.0009994506836,48862900,38921100,28138500,24336500,44663000
2025-03-21,217.12278747558594,196.2100067138672,163.42333984375,594.3956298828125,96.02899932861328,217.68978368973626,196.99000549316406,163.67247597151626,595.6815960079244,96.36499786376953,210.16952111998106,192.52000427246094,160.33404577702316,579.1432258888485,94.09500122070312,210.44804823896536,192.89999389648438,160.65294731947398,581.6055148479699,94.16400146484375,94127800,60056900,36625800,25015900,59054000
2025-03-24,219.56985473632812,203.25999450683594,167.10060119628906,616.9252319335938,97.1989974975586,220.31591279023903,203.63999938964844,167.73840437615397,620.6037577505249,97.69999694824219,217.43116105321957,199.9499969482422,164.5693844519754,610.2959512327303,95.15499877929688,219.83843988574125,200.0,166.49272355185173,613.0572946197622,96.96700286865234,44299500,41625400,30879100,15741300,46779000
2025-03-25,222.57398986816406,205.7100067138672,169.9706268310547,624.3621215820312,99.72799682617188,222.92215637067883,206.2100067138672,170.04039224469534,631.9085855563646,99.87000274658203,218.9232808837126,203.22000122070312,167.7383768915496,619.2480714393791,97.71099853515625,219.60965673355645,203.60000610351562,168.3960847024039,624.8107342138192,97.81800079345703,34493600,31171200,24174400,15312500,37822000
2025-03-26,220.36563110351562,201.1300048828125,164.48963928222656,609.0797729492188,97.06500244140625,223.83729303324841,206.00999450683594,169.0239199788623,624.8007461767364,99.67900085449219,219.31120492080973,199.92999267578125,164.27039826701778,604.7233689444203,96.63200378417969,222.3352199198642,205.83999633789062,168.41602720143118,622.9465455616044,99.38099670410156,34466100,32855300,28901600,12609800,35274000
2025-03-27,222.67344665527344,201.36000061035156,161.6793975830078,600.7059326171875,97.6719970703125,223.80745418869535,203.7899932861328,164.84840203770966,612.3396207064936,98.9000015258789,219.40073045135125,199.27999877929688,161.44022141043914,598.2336042918504,96.63700103759766,220.22636977863218,200.88999938964844,164.06113851285755,600.1277194388429,97.4219970703125,37094800,27317700,24508300,10436500,30472000
2025-03-28,216.75469970703125,192.72000122070312,153.79672241210938,574.9462890625,93.38500213623047,222.63364006926244,199.25999450683594,161.26084657481337,599.8785159717515,97.49800109863281,216.5358548246797,191.8800048828125,153.0991442674789,572.1350521556752,92.9229965209961,220.50488863250547,198.4199981689453,159.9354404969839,598.4429920373162,97.19999694824219,39818600,52548200,48669300,17602800,44227000
2025-03-31,220.96249389648438,190.25999450683594,154.10565185546875,574.5674438476562,93.25299835205078,224.43414081005062,191.3300018310547,155.00253588696825,576.9001929680891,93.447998046875,215.09349507460487,184.39999389648438,150.13940872047658,551.57916536005,90.05899810791016,215.86939419548492,188.19000244140625,152.58093987828155,561.7474544327795,92.0530014038086,65299300,63547600,54603500,21124700,46341000
2025-04-01,222.0169219970703,192.1699981689453,156.52725219726562,584.1775512695312,92.83799743652344,222.50433685640354,193.92999267578125,157.55369181763876,588.0753644727768,93.22899627685547,217.749461617725,187.1999969482422,153.0891615011919,568.2273109618308,91.1500015258789,218.65468232589998,187.86000061035156,153.0891615011919,569.0647253499337,92.75,36412700,41267300,30672900,12836600,35200000
2025-04-02,222.71324157714844,196.00999450683594,156.49732971191406,582.114013671875,93.552001953125,224.00641185945875,198.33999633789062,157.86260591341835,590.8168445483201,94.95500183105469,219.8583310514353,187.66000366210938,154.16541940835015,571.5768782871228,91.61100006103516,220.15675729790527,187.66000366210938,154.61386135810304,573.1220457329204,92.30000305175781,35905900,53679200,25041700,13470800,32569000
2025-04-03,202.12205505371094,178.41000366210938,150.1991729736328,529.9666137695312,91.70500183105469,206.39945769712665,184.1300048828125,152.2520520017812,550.8414911032017,94.65899658203125,200.19224908119847,176.9199981689453,149.87031149736717,528.6507117752637,90.0469970703125,204.45969456936825,183.0,150.5878246808448,544.5211822460076,90.18000030517578,103419000,95553600,46883400,34777500,58646000
2025-04-04,187.38987731933594,171.0,145.09689331054688,503.1602783203125,85.58599853515625,198.82943318150367,178.13999938964844,150.54799324363788,516.3889970810194,90.66300201416016,186.3553350717911,166.0,144.8776522919314,492.6630283031205,85.38700103759766,192.87091122900438,167.14999389648438,147.49855413182192,505.0443845169023,89.6500015258789,125910900,123159400,62259500,38589800,67988000
2025-04-07,180.50625610351562,175.25999450683594,146.24290466308594,514.6444091796875,86.78299713134766,193.12954493623218,183.41000366210938,152.3218321659185,537.6924987241373,90.67400360107422,173.70219548773406,161.3800048828125,140.04439668677543,480.40123514295635,82.11000061035156,176.26863687444822,162.0,141.06087632952463,483.591294981514,82.78500366210938,160466300,109327100,76794100,36606100,66568000
2025-04-08,171.5137481689453,170.66000366210938,144.19998168945312,508.86248779296875,87.04000091552734,189.33955773730443,185.89999389648438,151.7139355045659,545.7274587202911,92.24199676513672,168.32062862424334,168.57000732421875,142.5357542501846,501.29606629091035,85.7699966430664,185.71869040589692,185.22999572753906,150.69745588802078,541.5604660254379,91.24400329589844,120859500,87710400,52200200,28034200,56254000
2025-04-09,197.8048553466797,191.10000610351562,158.16160583496094,583.9482421875,94.5469970703125,199.55559936553783,192.64999389648438,158.99869967955883,586.06164400195,95.14299774169922,170.98654976711688,169.92999267578125,143.4127421842368,500.54839536763654,85.44000244140625,171.04623198001363,172.1199951171875,143.9209744743003,507.68613102008703,85.59300231933594,184395900,116804300,70406200,39216600,74980000
2025-04-10,189.41915893554688,181.22000122070312,152.29193115234375,544.5909423828125,92.11699676513672,193.7562435722064,186.8699951171875,157.17499290712513,579.4920662876316,94.1240005493164,182.0381599544528,175.85000610351562,149.41190307502956,533.635132502997,89.4000015258789,188.0762635840202,185.44000244140625,155.99906254121734,573.7001386064724,93.19400024414062,121880000,68302000,48022000,28173500,51298000
2025-04-11,197.10853576660156,184.8699951171875,156.59701538085938,541.8795166015625,91.8290023803711,198.49122944739574,185.86000061035156,157.12518279409443,545.6976224228102,94.48600006103516,185.0820833366806,178.0,152.29195068350106,526.9461235413648,90.66799926757812,185.12188160037283,179.92999267578125,152.37166086891528,533.8445854574395,92.0,87435900,50594300,33636200,17642300,40736000
2025-04-14,201.45555114746094,182.1199951171875,158.5203399658203,529.8270263671875,93.12799835205078,211.82078139531484,187.44000244140625,161.16117679260088,556.0353008675298,94.89800262451172,200.10269875392328,179.22999572753906,157.0155480479404,526.6370273527008,91.94999694824219,210.32866545443895,186.83999633789062,159.44711904636745,554.4402405149555,93.2699966430664,101352900,48002500,30333000,14130900,40359000
2025-04-15,201.07754516601562,179.58999633789062,155.76988220214844,519.8980712890625,97.62799835205078,202.44033954558066,182.35000610351562,159.09833747842598,536.2669873917704,99.34500122070312,198.74984792281177,177.92999267578125,154.6736922783896,515.8905541802854,94.80000305175781,200.7990180691496,181.41000366210938,158.58014524074957,530.4551018896253,95.0,51343900,43642000,27551500,15558700,77120000
2025-04-16,193.24893188476562,174.3300018310547,152.80015563964844,500.747802734375,96.16300201416016,199.64512887500646,179.10000610351562,155.35130688675565,511.7734034642656,98.12100219726562,191.35890907242805,171.41000366210938,150.9864375213095,494.08858497853294,94.91699981689453,197.31743142832593,176.2899932861328,152.57095468390108,506.92853277097964,97.62799835205078,59732400,51875300,28187400,18735100,60661000
2025-04-17,195.9446563720703,172.61000061035156,150.63766479492188,499.92041015625,97.3030014038086,197.78493872612725,176.2100067138672,154.14549035907424,505.72228685828065,98.47000122070312,193.39811432307044,172.0,147.98685287180376,496.4612006254759,95.5999984741211,196.16350125239885,176.0,153.75683862644127,503.67867451915555,96.9000015258789,52164700,44726500,33046600,14593500,88937000
2025-04-21,192.144775390625,167.32000732421875,147.1597442626953,483.1526794433594,98.79100036621094,192.78141101209272,169.60000610351562,148.43532017759705,491.9651828161341,101.9000015258789,188.81237656005126,165.2899932861328,145.59517709463205,478.3077785405203,97.30500030517578,192.2541978495612,169.60000610351562,148.3655699603778,489.8019182716785,98.44000244140625,46742500,48126100,26049100,16166000,97757000
2025-04-22,198.69017028808594,173.17999267578125,150.94659423828125,498.72412109375,104.03399658203125,200.53043756485187,176.77999877929688,151.66410748339032,505.3036010873951,106.49700164794922,194.93998119085117,169.35000610351562,148.02671099242252,484.847399099468,100.4520034790039,195.08918671811182,169.85000610351562,148.37550764431742,490.34027265884373,100.52999877929688,52976400,56607200,26971800,17399400,93689000
2025-04-23,203.52462768554688,180.60000610351562,154.8131866455078,518.6519775390625,104.95899963378906,206.9067512010516,187.3800048828125,156.98564625118482,533.6751170758674,106.125,201.7340854567431,180.19000244140625,153.2784996745797,514.9136400551463,103.19999694824219,204.9172632087338,183.4499969482422,155.0722827287534,526.8862986388891,104.72200012207031,52929200,63470100,31128800,18173900,64719000
2025-04-24,207.2747802734375,186.5399932861328,158.72959899902344,531.491943359375,109.68699645996094,207.73236914311858,186.74000549316406,159.03852534598082,532.2396108812093,110.0999984741211,201.87332821636014,180.17999267578125,155.2516533895316,515.8905900656315,104.7020034790039,203.81307577336062,180.9199981689453,155.61041000027018,517.1167453309313,104.80000305175781,47311000,43763200,45894000,13910000,63819000
2025-04-25,208.1800079345703,188.99000549316406,161.40036010742188,545.5679931640625,110.15299987792969,208.64753879478604,189.94000244140625,165.52605388757996,548.1499041120835,110.68000030517578,205.11619481641537,185.49000549316406,160.4835257508864,534.5822462279478,109.0999984741211,205.2852994626612,187.6199951171875,164.49961422965615,545.09942323875,109.7040023803711,38222300,36414300,56034000,17098900,39500000
2025-04-28,209.03550720214844,187.6999969482422,160.0550079345703,548.0302734375,111.03800201416016,210.38835967290976,190.22000122070312,162.58622419769722,556.7530605327843,111.4000015258789,206.3696005213303,184.88999938964844,158.05195902405725,538.9087668679174,108.26200103759766,208.89624364686077,190.11000061035156,161.86871096281394,553.9119485027396,110.0,38743100,33224700,29745800,15179000,38311000
2025-04-29,210.09988403320312,187.38999938964844,159.60658264160156,552.7156372070312,112.56400299072266,211.12446912484504,188.02000427246094,160.18458031932272,554.8390175563454,112.78099822998047,207.27479957627347,183.67999267578125,156.97570557414937,542.4277261633298,109.5479965209961,207.59312493762445,183.99000549316406,159.76603342291708,544.3018840382675,110.39199829101562,36827600,41667300,26809000,11835000,37773000
2025-04-30,211.3831024169922,184.4199981689453,158.2512664794922,547.2925415039062,113.1719970703125,212.4574277707069,185.0500030517578,158.7196436016194,547.392206153298,113.31999969482422,205.5837430092506,178.85000610351562,154.86300612354924,527.8531889368276,110.11100006103516,208.19992461631293,182.1699981689453,157.43409270690867,536.725533164549,111.26499938964844,52286500,55176500,34981100,29244000,42667000
2025-05-01,212.1988067626953,190.1999969482422,160.7426300048828,570.430419921875,113.34700012207031,213.43227966302132,191.80999755859375,161.39037784388623,591.1059077397648,114.24199676513672,207.80202473083082,187.5,158.36088927125815,568.7257162038675,111.18299865722656,207.98108655162656,190.6300048828125,159.8955611021286,590.238618351305,112.25199890136719,57365700,74266000,30203200,31159000,34995000
2025-05-02,204.2706756591797,189.97999572753906,163.46319580078125,595.1632080078125,115.64900207519531,205.90205512568554,192.8800048828125,164.39995007912242,602.4604491374204,115.94400024414062,201.09744003856807,186.39999389648438,161.3106559960053,576.5313339553563,113.33200073242188,205.00677646592024,191.44000244140625,162.84534306658284,581.6453838419038,113.66600036621094,101010600,77903500,25715000,24739300,37743000
2025-05-05,197.84463500976562,186.35000610351562,163.642578125,597.40625,113.40599822998047,203.02725796650907,188.17999267578125,164.81849332954616,601.3339987723356,114.4020004272461,197.1682163705072,185.52999877929688,162.15772135408076,586.2211133050413,110.70099639892578,202.03251395918386,186.50999450683594,162.436752596043,589.3812373579714,111.4800033569336,69018500,35217500,21341800,13887700,56623000
2025-05-06,197.4666290283203,185.00999450683594,162.6659393310547,585.4833984375,113.76899719238281,199.59538061408486,187.92999267578125,164.2305213492823,594.1763099115676,114.76599884033203,195.98447015970467,183.85000610351562,160.6329954310148,584.7556882888333,112.63999938964844,197.1682179665783,184.57000732421875,161.6096046923827,590.687195299098,112.94300079345703,51216500,29314100,21277200,10600700,32567000
2025-05-07,195.218505859375,188.7100067138672,150.85691833496094,594.953857421875,115.54100036621094,198.39174158064424,190.99000549316406,164.42985019413678,601.2043765510581,116.4000015258789,192.23427392267118,185.00999450683594,147.32914212449143,584.8453792561588,113.80000305175781,198.1231564563361,185.55999755859375,163.5130310359637,588.5239054125428,113.91799926757812,68536700,43948600,127490100,13139100,43497000
2025-05-08,196.4519805908203,192.0800018310547,153.74688720703125,596.1502075195312,114.44300079345703,198.99852257626176,194.3300018310547,155.39117958130052,609.3988539126512,116.22899627685547,193.65673744886013,188.82000732421875,152.37165090458322,594.7645157959997,113.91999816894531,196.6807674405125,191.42999267578125,154.46440047734652,604.4044252029665,116.16200256347656,50478900,41043600,57498700,14622800,37609000
2025-05-09,197.4865264892578,193.05999755859375,152.22216796875,590.6473388671875,114.02200317382812,199.48595647897335,194.69000244140625,154.51422329361623,605.0822864134453,115.0999984741211,196.50172445806652,191.16000366210938,151.674065468403,589.8697963166327,113.3219985961914,197.95405738682032,193.3800048828125,153.63725929306102,601.8423939545719,114.70999908447266,36453900,29663100,32435300,10427300,25696000
2025-05-12,209.95704650878906,208.63999938964844,157.91246032714844,637.4412841796875,111.0,210.435160708662,211.66000366210938,158.5502482480448,638.3983203620691,113.0,205.93301745006437,205.75,155.7100901217978,619.0985470240091,110.29299926757812,210.13634313336473,210.7100067138672,156.94581087118723,628.9577416253547,112.4260025024414,63775800,75205000,44138800,21965100,64791000
2025-05-13,212.0885772705078,211.3699951171875,158.978759765625,653.9896850585938,113.84400177001953,212.55672123163643,214.83999633789062,160.0151746711756,658.864430238976,114.78800201416016,208.17411437678524,210.10000610351562,155.62040930962155,640.8307267174667,110.62999725341797,209.59845628513955,211.0800018310547,158.24131128306263,643.5322593011751,111.44599914550781,51909300,56193700,42382100,18570800,39979000
2025-05-14,211.490966796875,210.25,164.79856872558594,657.309326171875,115.0989990234375,213.09460539099953,211.92999267578125,166.4229412214118,660.6090293889421,115.29000091552734,209.7478820292828,208.85000610351562,159.0584775444673,652.2750442210183,112.83999633789062,211.5905625216416,211.4499969482422,159.4072742222668,659.1536090398383,112.95999908447266,49325800,38492100,48755900,12348200,39101000
2025-05-15,210.61444091796875,205.1699981689453,163.39344787597656,641.8775024414062,117.7979965209961,212.11848379882832,206.8800048828125,165.6356730691148,655.2657270968772,118.77999877929688,208.71198473801002,202.6699981689453,161.80893051621783,636.5939979037247,114.76499938964844,210.11641669484823,206.4499969482422,165.26694125278715,652.2451822041022,114.77400207519531,45029500,64347300,33146700,14341800,44640000
2025-05-16,210.42518615722656,205.58999633789062,165.61572265625,638.3485107421875,119.15299987792969,211.73002236916358,206.85000610351562,168.76480673115492,638.448175394899,119.6500015258789,208.9410837213976,204.3699951171875,165.04768502743337,624.2026405076157,117.93900299072266,211.52084551122164,206.85000610351562,167.15039440077075,635.9759078924747,119.31400299072266,54737900,43318500,42846900,18519000,46984000
2025-05-19,207.9550018310547,206.16000366210938,165.96450805664062,638.438232421875,119.16400146484375,208.65223273202483,206.6199951171875,166.06416858529283,641.0002469311114,119.16400146484375,203.45285841572866,201.25999450683594,163.65253281131433,625.8475073073743,117.1709976196289,207.0884445111699,201.64999389648438,163.94152401470697,626.2961199602966,117.35800170898438,46140500,34314800,30426100,9592400,28534000
2025-05-20,206.04258728027344,204.07000732421875,163.41336059570312,635.1185913085938,119.2020034790039,207.64622592622177,205.58999633789062,167.91774593119885,637.3615937967512,119.30000305175781,204.2198167548668,202.64999389648438,162.337090725838,630.2936778074568,117.9020004272461,206.84938410987283,204.6300048828125,165.8548915457752,634.0320152877193,118.67900085449219,42496600,29470400,46607700,6743500,21331000
2025-05-21,201.29141235351562,201.1199951171875,167.9775390625,633.5236206054688,119.46299743652344,206.2218487675542,203.4600067138672,172.54171471286378,644.5990543502297,121.12200164794922,199.9168759316908,200.05999755859375,162.9948165454298,628.2101796540182,118.6500015258789,204.359243170771,201.61000061035156,163.1243721968136,629.8251366516639,118.6500015258789,59211800,42460900,73416000,11464600,29766000
2025-05-22,200.5643310546875,203.10000610351562,170.27955627441406,634.5902099609375,118.7969970703125,201.94883789272,205.75999450683594,176.15917803179707,641.2494271811771,119.875,198.91088686006037,200.16000366210938,170.12012070875053,628.7484497588706,118.72100067138672,199.91690559460176,201.3800048828125,171.25618084668935,632.078027946325,119.23999786376953,46742400,38938900,74864400,8228400,18616000
2025-05-23,194.49838256835938,200.99000549316406,167.88784790039062,625.1098022460938,118.53900146484375,196.91877297523902,202.3699951171875,169.3727046333075,630.4830536161486,119.1449966430664,192.6955373289648,197.85000610351562,167.30985028367255,620.7135443903518,117.94400024414062,192.9046989896,198.89999389648438,168.47580548761593,622.0593214688579,118.4000015258789,78432900,33393500,35211400,8454100,21865000
2025-05-27,199.4188690185547,206.02000427246094,172.3025360107422,640.3223266601562,121.15699768066406,199.94677348688452,206.69000244140625,172.5716072803838,641.0799727179783,121.177001953125,196.64984031499387,202.19000244140625,169.41256307598843,630.7820830337338,119.30899810791016,197.51641281084125,203.08999633789062,169.5720138436325,633.4337833907804,119.53299713134766,56288500,34892000,37995700,9508400,29205000
2025-05-28,199.62802124023438,204.72000122070312,171.76441955566406,641.5784301757812,120.8550033569336,201.92889064401075,207.66000366210938,174.66436785084326,648.8557144048555,121.59100341796875,199.1100718095576,204.41000366210938,171.31597754856884,640.5516043549418,120.60199737548828,199.79734764673603,205.9199981689453,172.56165823831284,640.6014366817531,121.0270004272461,45339700,28549800,34784000,9042900,18559000
2025-05-29,199.15988159179688,205.6999969482422,171.26614379882812,643.0437622070312,118.48600006103516,203.0046291598645,208.80999755859375,173.81729536660228,651.2880604374615,120.9000015258789,197.72556941325453,204.22999572753906,170.04039828273065,637.5110359096404,117.62799835205078,202.77554227533128,208.02999877929688,173.39874848808273,649.623271485147,120.80000305175781,51396800,34650000,29317300,8858800,33007000
2025-05-30,200.05633544921875,205.00999450683594,171.14657592773438,645.4762573242188,120.7229995727539,201.1619498266407,205.99000549316406,171.61495310854446,647.3902689717587,121.18099975585938,196.00241099917397,201.6999969482422,166.86143108525064,630.8120452521741,118.09300231933594,198.5821728136608,204.83999633789062,170.7579241400477,640.501786260345,119.83300018310547,70819900,51679400,52639900,16241000,46968000
2025-06-02,200.90296936035156,206.64999389648438,168.44593811035156,668.8134765625,121.89800262451172,201.33127809714276,207.0,169.28303195267003,671.166122188044,121.94000244140625,199.32921098525782,202.67999267578125,166.8116055203689,642.256314296396,119.625,199.488582384924,204.97999572753906,167.2600475640349,642.3859148545713,120.12000274658203,35423300,29113300,38612300,15766300,22942000
2025-06-03,202.46678161621094,205.7100067138672,165.6057586669922,664.7760620117188,121.79399871826172,202.96480586317466,208.9499969482422,167.89781407143477,673.4789529536675,122.95700073242188,200.16591202699755,205.02999877929688,164.70887469424017,662.9617757833167,121.11799621582031,200.55437033168948,207.11000061035156,166.91124474262,669.3617924489035,121.98699951171875,46381600,33139100,45084900,11585000,23638000
2025-06-04,202.0185546875,207.22999572753906,167.4693145751953,685.8104858398438,123.96600341796875,205.42503857555045,208.17999267578125,167.63872532387313,686.8572081679845,124.25599670410156,201.30139858491114,205.17999267578125,165.78515185366567,666.4907528237472,121.98799896240234,202.10819540070028,206.5500030517578,166.1638436483944,667.238420321753,122.072998046875,43604000,29915600,26900800,14031900,23594000
2025-06-05,199.8372039794922,207.91000366210938,167.62876892089844,682.4907836914062,125.052001953125,203.94091870107042,212.80999755859375,170.33935616350743,692.2204392102127,126.28099822998047,199.35908978394463,207.55999755859375,167.01090094696792,680.1281594087234,123.72899627685547,202.69585814733983,209.5500030517578,169.75139851627495,689.5088669424362,124.05999755859375,55126100,51864200,36379100,13083100,28172000
2025-06-06,203.11419677734375,213.57000732421875,173.07984924316406,695.5401000976562,124.14700317382812,204.8871617909174,213.8699951171875,173.897023068816,700.6242144400436,126.0,201.2515910514923,210.5,170.239706414102,689.7182360915449,123.55500030517578,202.19783403313102,212.39999389648438,170.239706414102,694.0048506531133,125.94100189208984,46607700,39832500,35731800,11728000,25570000
2025-06-09,200.65396118164062,216.97999572753906,175.69395446777344,691.9014892578125,122.44599914550781,205.18598475848052,217.85000610351562,176.07310468622353,702.9968801187655,123.88800048828125,199.22961916524454,212.8800048828125,173.97782168090652,691.7818673222771,122.15699768066406,203.58234611432158,214.75,174.14743750903665,696.2878297119079,123.88800048828125,72862600,38102500,28935900,12773200,24031000
2025-06-10,201.86915588378906,217.61000061035156,178.19833374023438,700.2155151367188,120.36199951171875,203.54252533508333,217.69000244140625,180.70268325607967,701.0428899746662,122.75199890136719,199.77746306778945,214.14999389648438,174.5166301339373,689.4092014623567,118.06099700927734,199.80734330812555,216.77999877929688,175.80372221831115,699.1687320280228,122.75199890136719,54672600,31303300,61766100,10850100,44544000
2025-06-11,197.99452209472656,213.1999969482422,176.95114135742188,691.981201171875,121.98799896240234,203.69192080198684,218.39999389648438,179.96433833777158,706.6653705943312,122.8290023803711,197.62598900862739,212.88999938964844,176.352484683136,689.8378634515371,119.60099792480469,202.6958722895077,217.41000366210938,179.36569688795734,701.5214452489874,120.26000213623047,60989900,39326000,31646800,9582500,23823000
2025-06-12,198.41285705566406,213.24000549316406,175.30482482910156,691.2035522460938,121.50299835205078,198.890956077424,213.5800018310547,176.32253497944023,693.2172892731859,123.0,196.58013147350607,211.3300018310547,174.3569645474145,684.8633472153633,121.19599914550781,198.29333609984755,211.77999877929688,175.7837409838909,691.143741287137,122.25900268554688,43904600,27640000,20941900,7322700,20846000
2025-06-13,195.6737060546875,212.10000610351562,174.27716064453125,680.7462158203125,121.21499633789062,199.57821397711425,214.0500030517578,176.73163473712606,692.409840070813,122.06199645996094,194.92666975119658,209.6199951171875,172.00228964381978,678.8920151692206,120.18900299072266,198.94074360607502,209.9600067138672,172.05218023736916,685.8104336581752,120.65899658203125,51447300,29337800,27663100,9274400,22103000
2025-06-16,197.63592529296875,216.10000610351562,176.3724365234375,700.4749145507812,122.53500366210938,197.90486262143017,217.05999755859375,176.5420523549515,705.4931583928874,122.625,195.78327462738756,211.60000610351562,174.25719419482596,691.8851025594383,121.22000122070312,196.52035592822918,212.30999755859375,174.33701609632743,697.6914734952734,121.22000122070312,43020700,33284200,27389200,13720300,21128000
2025-06-17,194.86691284179688,214.82000732421875,175.5542755126953,695.5963745117188,122.06700134277344,197.60604600468164,217.41000366210938,176.96110799729416,704.3158869977019,123.23600006103516,194.43861931524052,214.55999755859375,174.1873615915514,694.4291328649981,121.60900115966797,196.42074594971083,215.1999969482422,175.30483777675101,700.3552179138009,121.99500274658203,38856200,32086300,24973000,10066100,18921000
2025-06-18,195.80320739746094,212.52000427246094,172.93020629882812,694.1398315429688,122.22899627685547,196.7893008408277,217.9600067138672,176.16290971424257,699.9462025997926,124.19999694824219,194.2991796996429,212.33999633789062,172.81046582918458,693.2718748228809,122.05000305175781,195.16573699325735,215.08999633789062,175.6141436330853,696.5441581244662,122.9990005493164,45394700,44360500,28707500,10068300,22810000
2025-06-20,200.20574951171875,209.69000244140625,166.26522827148438,680.7511596679688,123.14099884033203,200.90298042554332,214.88999938964844,173.94790803011588,700.1755711266569,124.8499984741211,196.08210930882012,208.27000427246094,165.08788938336605,677.0797895921414,122.43499755859375,197.45666110928434,214.67999267578125,173.55878574385125,699.10807093925,123.44499969482422,96813500,75350700,75659900,22538600,53482000
2025-06-23,200.70376586914062,208.47000122070312,164.81846618652344,696.8933715820312,125.35399627685547,201.50060768152076,210.38999938964844,166.96362443515676,697.4121118139869,125.48400115966797,198.17380945321412,207.30999755859375,161.63563852290417,677.1596869463602,121.5009994506836,200.83325703321927,209.7899932861328,165.89603893694584,682.0881149489193,123.8030014038086,55814300,37311700,57671000,11080100,26673000
2025-06-24,199.50851440429688,212.77000427246094,166.3949432373047,710.5313110351562,127.91100311279297,202.63610603642124,214.33999633789062,167.84167918331357,711.5189816994163,128.2570037841797,199.4089034764897,211.0500030517578,165.75638318822968,700.4649253469852,125.5,201.78945874554142,212.13999938964844,166.5445998017471,703.2384409706419,126.05500030517578,54064000,38378800,40524300,13823200,26633000
2025-06-25,200.76353454589844,211.99000549316406,170.29612731933594,707.0194702148438,127.5250015258789,202.8651975026319,216.02999877929688,171.97235685648238,714.9009839215107,129.8000030517578,199.82724651799433,211.11000061035156,167.17317715297744,703.7272146901875,127.38099670410156,200.65396860223956,214.6199951171875,167.25299905707695,711.6486127508716,128.6840057373047,39525700,31755700,35479000,9320400,21465000
2025-06-26,200.20574951171875,217.1199951171875,173.1497039794922,724.3887329101562,130.66700744628906,201.8392684520338,218.0399932861328,173.29937576602373,726.5136861086672,130.73399353027344,198.67184150130464,212.00999450683594,169.5578094698184,709.3839340058294,128.0,200.63404307360597,213.1199951171875,172.0421997468365,712.686175943774,128.0,50799100,50480800,31796700,13964800,26059000
2025-06-27,200.28541564941406,223.3000030517578,178.12847900390625,731.9111328125,132.31199645996094,202.41695863400855,223.3000030517578,178.27813555923768,733.7069032905775,133.13499450683594,199.20968154525062,216.74000549316406,171.3437693802371,724.1593181930845,130.10000610351562,201.09221242791352,219.9199981689453,173.14969619543672,724.8178059334097,130.68800354003906,73188600,119217100,108140200,18775700,40709000
2025-06-30,204.3592529296875,219.38999938964844,175.83363342285156,736.3606567382812,133.91299438476562,206.57048164253425,223.82000732421875,180.82238782578247,746.1476691378697,134.11500549316406,198.4726031076903,219.1199951171875,174.18735055967244,732.5296271967599,132.12100219726562,201.211736268348,223.52000427246094,180.37340297441276,742.8054817668852,133.10000610351562,91912800,58887800,63378900,15402100,32829000
2025-07-01,206.99879455566406,220.4600067138672,175.44451904296875,717.5348510742188,129.36000061035156,209.35942450018746,221.8800048828125,175.6939567742825,736.0214648412638,133.8769989013672,205.3254252695324,217.92999267578125,173.139716841545,713.6938959127618,128.2220001220703,205.85332972802502,219.5,175.3447530851258,735.1535081071979,133.822998046875,78788900,39256800,35904500,13431200,49936000
2025-07-02,211.6005401611328,219.9199981689453,178.23822021484375,711.8980712890625,128.48599243164062,212.49697770796604,221.60000610351562,178.4577266308603,718.6122830220947,129.9949951171875,207.31752868499885,219.05999755859375,174.67625741761273,711.1298559583659,127.15899658203125,208.08449026524102,219.72999572753906,175.14518633422566,713.6539572494278,129.6959991455078,67941800,30894200,29128900,9336700,30488000
2025-07-03,212.70614624023438,223.41000366210938,179.126220703125,717.3253784179688,129.71800231933594,213.8017903991559,224.00999450683594,179.265905222364,727.3219211703462,130.2259979248047,210.97301649264048,221.36000061035156,176.65180269468908,712.7461059372963,127.97599792480469,211.31166931275297,221.82000732421875,178.09853847776557,724.9075473573512,129.1999969482422,34955800,29632400,21689700,8601700,20062000
2025-07-07,209.12037658691406,223.47000122070312,176.3923797607422,716.6668701171875,128.96200561523438,215.37555986284275,224.2899932861328,178.89674433224096,725.29662738586,129.5,207.97492690746134,222.3699951171875,175.28487562232132,711.8382444141125,127.60199737548828,211.83958469799765,223.0,178.65727862884938,715.9186273791692,129.5,50229000,36604100,34175600,9457100,22737000
2025-07-08,209.1801300048828,219.36000061035156,173.9678497314453,718.9814453125,127.53099822998047,210.59451698338924,224.0,177.54977185383785,721.2161872254258,129.3249969482422,207.6262968509882,218.42999267578125,172.42133277200756,713.1351899702655,126.0,209.26978591644843,223.9199981689453,177.4500058972594,719.8793609595846,129.08999633789062,42848900,45692000,40442500,7770700,32925000
2025-07-09,210.30567932128906,222.5399932861328,176.22276306152344,731.0631103515625,128.8280029296875,210.49493096772343,224.2899932861328,179.03642797074187,735.8019810021477,128.82899475097656,206.40117103180637,220.47000122070312,172.38143114455036,721.0266226856489,126.6240005493164,208.7020406311003,221.07000732421875,174.85584916951822,721.0266226856489,127.39900207519531,48749400,38155100,43025600,11418000,23845000
2025-07-10,211.57066345214844,222.25999450683594,177.22052001953125,725.5360107421875,125.05899810791016,212.63642743345136,222.7899932861328,178.02869585837095,734.0759515650559,128.9600067138672,209.2000631819418,219.6999969482422,173.98781666417247,717.9138972384281,124.60099792480469,209.67816220166208,221.5500030517578,175.2350053597822,729.8359096434607,128.5500030517578,44443600,30370600,29252400,9913600,42308000
2025-07-11,210.3256072998047,225.02000427246094,179.78475952148438,715.8289184570312,124.51100158691406,211.29177557167307,226.67999267578125,181.02196104807066,723.4609583411119,126.0999984741211,209.03074119537857,222.3699951171875,176.08309652221448,708.037219345619,123.12999725341797,209.73794232575938,223.5800018310547,176.39239690386106,720.807217385224,125.97899627685547,39765800,50518300,34282900,10873900,39572000
2025-07-14,207.79562377929688,225.69000244140625,181.1516571044922,719.2308349609375,126.19499969482422,210.07658325197187,226.66000366210938,183.2569121837853,726.2942632522581,127.04900360107422,206.71988962428105,224.24000549316406,179.27588047712075,714.8710789388857,124.0,209.10044482334126,225.07000732421875,180.60289104600895,715.9186065632238,124.49099731445312,38840100,35702600,32536600,8939400,27810000
2025-07-15,208.28369140625,226.35000610351562,181.59066772460938,708.7255249023438,126.0270004272461,211.05270487364396,227.27000427246094,183.80567598843865,722.7724907094275,127.12200164794922,208.09443976951917,225.4600067138672,181.1915734457722,708.1568531421487,124.3239974975586,208.39325734338402,226.1999969482422,182.3988435351607,722.2038798413794,126.19999694824219,42296300,34907300,33448300,11529500,28017000
2025-07-16,209.32955932617188,223.19000244140625,182.55850219726562,701.2630004882812,125.03099822998047,211.5606982702429,226.10000610351562,183.91544417003013,712.2970836136572,127.0999984741211,207.81556132948495,222.17999267578125,181.62061381873355,697.6315755690009,124.98200225830078,209.46900551017632,225.8800048828125,182.82789923086935,711.6985138171127,126.1709976196289,47490500,39535900,33104200,13067600,32270000
2025-07-17,209.1901092529297,223.8800048828125,183.1671142578125,699.7665405273438,127.41699981689453,210.9630743588066,224.5,183.64603043273615,704.2460714207873,127.75,208.7618004967043,222.50999450683594,180.07408034072432,695.4766277838654,124.4800033569336,209.7379389650813,223.32000732421875,181.73035050857078,702.7395996705828,125.30000305175781,48068100,31855800,31992600,11803300,64699000
2025-07-18,210.3455047607422,226.1300048828125,184.643798828125,702.6298828125,120.92400360107422,210.95309492429405,226.39999389648438,186.00074080595235,703.0588680042227,124.6500015258789,208.87135730762196,222.97999572753906,183.2968441040249,690.0294703606638,120.10099792480469,210.0367321724359,225.13999938964844,184.9830305164638,700.5447529444856,124.19599914550781,48974600,37833800,34014500,12779800,106933000
2025-07-21,211.640380859375,229.3000030517578,189.67247009277344,711.2994384765625,123.3270034790039,214.92734394651046,229.69000244140625,189.86202999312056,715.3200251684316,123.70999908447266,210.79374875413163,225.64999389648438,185.73134148599024,704.1063709182977,119.80000305175781,211.26189276464606,225.83999633789062,185.83112267520195,705.1439122135475,120.5999984741211,51377400,40297600,45803100,9404400,56276000
2025-07-22,213.5527801513672,227.47000122070312,190.90966796875,703.1586303710938,119.00800323486328,214.1006098348481,230.0,191.21896833519165,714.9209845240272,123.23699951171875,211.39135685335447,226.35000610351562,187.03840453704987,699.7665722015134,118.75,212.29776458434165,229.67999267578125,191.0693117786785,714.5119719450398,123.03800201416016,46404100,37483700,44660200,8921100,50630000
2025-07-23,213.3037872314453,228.2899932861328,189.8021697998047,711.9080810546875,117.6780014038086,214.29983576430007,228.7899932861328,192.09700016081177,712.9556086996904,119.26200103759766,211.5706725113145,227.08999633789062,188.75452819755446,703.2783238666914,117.36000061035156,214.15043456376964,228.47000122070312,191.06931784155387,704.7149523459423,118.98100280761719,46989300,28294900,58681900,8771600,45043000
2025-07-24,212.91531372070312,232.22999572753906,191.73777770996094,713.125244140625,118.07599639892578,214.83769515517375,236.0,197.5047763656739,721.9245865914077,118.3499984741211,212.68622683006964,228.63999938964844,190.57041105035847,712.3271306824367,116.26599884033203,213.05475989741393,229.1699981689453,196.5868474168703,715.3699724936158,117.77999877929688,46022600,42902300,74881700,10920800,38456000
2025-07-25,213.03485107421875,231.44000244140625,192.74551391601562,711.0101318359375,118.04900360107422,214.38947759784276,232.47999572753906,193.8929365997576,718.9614892126135,118.73200225830078,212.5567368669443,231.17999267578125,190.82983399147875,710.2319910963464,117.43800354003906,213.85160291428238,232.22000122070312,191.54821586623893,715.2401874661052,117.84200286865234,40268800,28712100,39785900,8271700,26293000
2025-07-28,213.2041778564453,232.7899932861328,192.14686584472656,715.9485473632812,117.45999908447266,214.00101967144602,234.2899932861328,193.61356085282932,723.0418735196432,119.77899932861328,212.2180844005514,232.25,190.41077383680673,711.010133382621,116.85299682617188,213.18425263148458,233.35000610351562,193.21445136708732,713.5242483310619,118.12000274658203,37858000,26300100,38139500,8715700,34470000
2025-07-29,210.43515014648438,231.00999450683594,195.30975341796875,698.35986328125,116.8740005493164,213.96115480223384,234.72000122070312,195.47936925683575,722.7724995594365,117.95999908447266,209.9869314052821,230.30999755859375,191.64800916549822,698.270047363426,116.3290023803711,213.33363944545516,234.14999389648438,191.99721287217557,718.3130022321428,117.9000015258789,51411700,33716200,41389200,13267000,27525000
2025-07-30,208.22393798828125,230.19000244140625,196.08799743652344,693.5811157226562,118.41999816894531,211.5507362671114,231.8000030517578,197.155598285003,706.8399547738821,118.48500061035156,206.89919168476044,229.2899932861328,194.2521393007246,689.5805015781577,116.61000061035156,211.06266703997414,231.63999938964844,195.1600963397073,706.4309422136296,116.8550033569336,45512500,32993300,32445400,27077300,29227000
2025-07-31,206.7498016357422,234.11000061035156,191.46839904785156,771.6278076171875,115.94000244140625,209.01082086651627,236.52999877929688,195.54921195775628,782.9113054874113,119.0,206.34141808889078,231.39999389648438,190.66022322341527,763.7163951695271,115.77400207519531,207.66616446381488,235.77000427246094,195.26984291287636,773.3836936232736,118.4800033569336,80698400,104357300,51329200,38831100,37129000
2025-08-01,201.58029174804688,214.75,188.7046356201172,748.2527465820312,115.86000061035156,212.73603143542957,220.44000244140625,190.40080913246982,764.2052724882252,117.85099792480469,200.7037642416869,212.8000030517578,187.39758435603645,743.5637464392476,115.28500366210938,210.03673342752194,217.2100067138672,188.6048544387261,758.9476005405788,116.3010025024414,104434500,122258800,34832200,19028700,38910000
2025-08-04,202.5464630126953,211.64999389648438,194.60133361816406,774.5509643554688,117.0989990234375,207.0585613783641,217.44000244140625,194.830827292421,775.029820232538,117.69999694824219,200.88304868853191,211.4199981689453,189.69240089649873,756.6330226185955,116.26200103759766,203.70186769022786,217.39999389648438,189.86201672672937,758.2193240496142,116.76499938964844,75109300,77890100,31547400,15801700,22447000
2025-08-05,202.11814880371094,213.75,194.23216247558594,761.6712036132812,114.78700256347656,204.52858421879685,216.3000030517578,197.41499022677854,781.2950989411861,117.1709976196289,201.36115745633876,212.8699951171875,193.45391800516853,761.212259491104,114.47100067138672,202.59624780213056,213.0500030517578,194.27208103659058,774.6307577641016,117.0999984741211,44155100,51505100,31602300,11640300,26607000
2025-08-06,212.4073486328125,222.30999755859375,195.64898681640625,770.18115234375,117.8479995727539,214.5289368613384,222.64999389648438,196.18778087351924,771.8273106109475,118.13800048828125,204.77761325937152,213.74000549316406,193.23443126184418,758.678199773599,115.18699645996094,204.81746371165528,214.6999969482422,194.0625664055758,768.1958248249329,115.35199737548828,108483100,54823000,21562900,9733900,33622000
2025-08-07,219.16053771972656,223.1300048828125,196.07801818847656,760.0449829101562,118.03700256347656,219.97730473834642,226.22000122070312,197.09571318148866,773.1841074016191,119.12200164794922,215.7241736307253,220.82000732421875,193.8929412029117,757.7702959207965,116.81999969482422,218.01508808955717,221.0,196.6167969951023,771.6776357205837,118.1760025024414,90224800,40603500,26321800,9019700,26283000
2025-08-08,228.4437255859375,222.69000244140625,200.9669952392578,767.4974975585938,121.16400146484375,230.08719950298993,223.8000030517578,202.15432130991044,768.0961282780016,121.41100311279297,218.38362983130105,221.8800048828125,196.72655368662487,756.8026440305783,118.03700256347656,219.95738825778145,223.13999938964844,196.7764442791972,760.9628565603988,118.31900024414062,113854000,32970500,39161800,7320800,38167000
2025-08-11,226.53909301757812,221.3000030517578,200.54794311523438,764.0755615234375,121.83100128173828,228.91238364576833,223.0500030517578,201.02685931355308,771.6478049440495,122.30699920654297,224.12592192869855,220.39999389648438,198.62229106869012,762.8783609453131,120.19300079345703,227.27701087414155,221.77999877929688,200.48808049350347,768.2757194135389,121.4010009765625,61806100,31646200,25832400,7612000,24556000
2025-08-12,229.00213623046875,221.47000122070312,202.88267517089844,788.1489868164062,122.52799987792969,230.14890113463383,223.5,204.04006993048975,791.8103707559926,123.1989974975586,226.42942796921326,219.0500030517578,200.1388600495838,770.6201469797736,120.6510009765625,227.36676338645532,222.22999572753906,200.91710457512625,771.1888187456735,122.5,55626200,37185800,30397900,14563100,22788000
2025-08-13,232.6717529296875,224.55999755859375,201.5057830810547,778.2523193359375,120.44400024414062,234.33703985510917,224.9199981689453,204.06999503609887,793.5962894533881,123.71199798583984,229.77992501054072,222.0,197.06577929471834,776.4066172801486,120.30000305175781,230.4181341091737,222.0,203.6709007567403,789.2963900548351,123.4000015258789,69878500,36508300,28342900,8811800,27624000
2025-08-14,232.12330627441406,230.97999572753906,202.48358154296875,780.2974243164062,123.05599975585938,234.4567012802976,233.11000061035156,203.98020797768137,785.9641084064921,124.40899658203125,230.19875827485632,227.02000427246094,200.77742070862897,770.6999694623344,120.7030029296875,233.39969406647393,227.39999389648438,201.0468177297292,776.0573823379099,120.98899841308594,51916300,61545800,25230400,8116200,39047000
2025-08-15,230.93666076660156,231.02999877929688,203.44140625,783.3901977539062,123.8949966430664,233.61907447658757,234.0800018310547,205.97570210941166,794.3843975355859,124.69400024414062,228.69300821277216,229.80999755859375,200.82730371462006,778.9905571139482,122.78800201416016,233.3398655982593,232.5800018310547,203.39153088363753,782.3127720209482,123.40399932861328,56038700,39649200,34931400,13375400,27678000
2025-08-18,230.23863220214844,231.49000549316406,203.0423126220703,765.572021484375,124.50900268554688,232.46233685580373,231.91000366210938,204.80833601681928,773.9922487170201,125.11599731445312,229.46083388892833,228.3300018310547,202.0345896716843,754.7873521125813,123.54499816894531,231.04634466466607,230.22999572753906,203.74073522255918,773.2739649293972,123.56300354003906,37476200,25248900,18526600,16513700,21111000
2025-08-19,229.90956115722656,228.00999450683594,201.11666870117188,749.7192993164062,121.41500091552734,232.2130419457167,230.52999877929688,202.98245812812408,765.3725408429555,124.0999984741211,228.70298322789472,227.1199951171875,199.51028904350812,747.6042712449723,119.27899932861328,230.62753117126795,230.08999633789062,202.57337657986534,765.3226701689615,124.0199966430664,39402600,29891000,24240200,12286700,37077000
2025-08-20,225.3723907470703,223.80999755859375,198.87171936035156,745.968017578125,121.38600158691406,229.81981519856654,227.27000427246094,200.82730262485018,748.4422481947564,122.30000305175781,225.13307755654054,220.9199981689453,196.15783565803162,729.2872227778392,119.33100128173828,229.33119207499826,227.1199951171875,200.27853657760338,745.8184055724877,121.80000305175781,42263900,36604300,28955500,11898200,24344000
2025-08-21,224.26551818847656,221.9499969482422,199.30075073242188,737.3682250976562,120.62100219726562,225.88095827873425,222.77999877929688,202.02460654215824,743.7532539146816,122.13999938964844,223.14868274098328,220.5,198.9814631231269,731.392269728463,119.76399993896484,225.63166356522294,222.64999389648438,199.30075073242188,742.965126847803,121.14299774169922,30621200,32140500,19774600,8876300,20472000
2025-08-22,227.11746215820312,228.83999633789062,205.62649536132812,753.021484375,120.46499633789062,228.44371192910324,229.13999938964844,208.07098221204853,755.1265868650723,121.36199951171875,224.77410085849388,220.82000732421875,200.8472748764244,732.6693186706706,119.822998046875,225.53195134940427,222.7899932861328,202.27405146693474,737.4979443181139,120.88800048828125,42477800,37315300,42827000,10612700,31281000
2025-08-25,226.5191650390625,227.94000244140625,208.02108764648438,751.5350341796875,121.80699920654297,228.65312729963858,229.60000610351562,210.046520726557,757.1019774988098,123.37999725341797,225.59178073979155,227.30999755859375,204.8183006045268,748.372478420576,119.9000015258789,225.84107546750252,227.35000610351562,205.96570803332725,753.0514923621954,120.16500091552734,30983100,22633700,29928900,6861200,28120000
2025-08-26,228.6630859375,228.7100067138672,206.6741180419922,752.3331298828125,122.60900115966797,228.84258604761433,229.0,207.38252787024734,753.1013452690629,123.1500015258789,224.05612439304167,226.02000427246094,205.23735432936843,746.187589469264,121.22000122070312,226.22996704217394,227.11000061035156,207.04328099820484,749.0408739151204,122.02100372314453,54575100,26105400,28464100,7601800,19857000
2025-08-27,229.83978271484375,229.1199951171875,207.01336669921875,745.62890625,122.3499984741211,230.24861452224957,229.8699951171875,208.4401585010209,752.3830637406979,122.9209976196289,227.61606269083353,227.80999755859375,205.18748059977113,741.0995653139147,121.30000305175781,227.96508141122786,228.57000732421875,205.2373711930947,750.5373617239242,122.36100006103516,31259500,21254500,23022900,8315400,16645000
2025-08-28,231.90391540527344,231.60000610351562,211.16400146484375,749.3501586914062,123.1449966430664,232.7515235304584,232.7100067138672,211.74269881815906,751.2856157691724,123.78900146484375,228.692998228932,228.02000427246094,206.43465668224866,739.0643171271723,121.427001953125,230.16883391080088,229.00999450683594,206.7838755896793,742.2568318080029,122.27899932861328,38074700,33679600,32339300,7468000,19503000
2025-08-29,231.485107421875,229.0,212.43116760253906,736.96923828125,120.82499694824219,232.7216147258446,231.80999755859375,214.16724458693432,745.3894657992533,122.87899780273438,230.71727541448905,228.16000366210938,209.72725571237183,733.6270507950396,120.11499786376953,231.85405874294378,231.32000732421875,210.0365560843286,743.5338383928589,122.7969970703125,39418400,26199200,39728400,9070500,32098000
2025-09-02,229.07192993164062,225.33999633789062,210.8746795654297,733.3875732421875,121.41100311279297,230.19874691737337,226.1699981689453,211.20392399730977,734.2755025264773,121.54000091552734,226.3296880547272,221.8300018310547,205.73625278986853,720.0389186102121,118.27999877929688,228.60325464814514,223.52000427246094,207.9712205067108,724.3388175548104,119.69999694824219,44075600,38843900,47523000,9350900,23033000
2025-09-03,237.79725646972656,225.99000549316406,230.14125061035156,735.3230590820312,122.61799621582031,238.17618932549604,227.1699981689453,230.78978267421618,738.5155735710689,122.69999694824219,233.69885053091846,224.36000061035156,224.28444185471682,732.2702311831985,120.33799743652344,236.5408165177042,225.2100067138672,225.70126168023373,734.2755314397929,120.51399993896484,66427800,29223100,103336100,7699300,24715000
2025-09-04,239.10353088378906,235.67999267578125,231.7775421142578,746.8959350585938,125.74800109863281,239.22318747047024,235.77000427246094,231.84737676203946,759.3765729399474,125.74800109863281,236.07211403385233,230.77999877929688,225.60146147412655,744.0725487076684,122.30899810791016,237.7772812570227,231.19000244140625,229.13349303754427,746.8161054490425,122.31999969482422,47549400,59391800,51684200,11439100,30235000
2025-09-05,239.01380920410156,232.3300018310547,234.4714813232422,750.68701171875,124.38200378417969,240.63921565449175,236.0,235.22976659054154,756.1741251448537,126.70999908447266,237.8171975861315,231.92999267578125,231.37844718195538,743.2844139282448,123.9020004272461,239.3229322237051,235.19000244140625,231.677775522156,750.8565963566639,126.0,54870400,36721800,46588900,9663400,23797000
2025-09-08,237.20892333984375,235.83999633789062,233.72247314453125,750.537353515625,124.47599792480469,239.47250850410185,237.60000610351562,237.8069358559837,764.7140814935753,125.2040023803711,235.6732593017711,233.75,233.3529799966882,750.2580412178338,123.19999694824219,238.62491556233425,234.94000244140625,235.15054099905157,754.2286966166499,124.85399627685547,48999500,33947100,32474700,13087800,19151000
2025-09-09,233.6888885498047,238.24000549316406,239.30490112304688,763.9059448242188,126.32499694824219,238.10638391026913,238.85000610351562,240.14375784585562,764.5045146420852,126.5719985961914,232.70167593051625,235.0800018310547,232.91357479962468,751.6646744655906,124.66699981689453,236.33140663047269,236.36000061035156,233.85230194861487,755.715159278882,124.66699981689453,66313900,27033800,38061000,10999000,22197000
2025-09-10,226.1501922607422,230.3300018310547,238.84552001953125,750.2180786132812,124.77100372314453,231.76431424305812,237.67999267578125,241.33214736167037,763.9059640843684,126.69999694824219,225.31256565050364,229.10000610351562,237.5273187664355,749.2403942554,124.63600158691406,231.53496736029473,237.52000427246094,238.5758820575914,763.3372922969834,126.39700317382812,83440800,60907700,35141100,12478300,27010000
2025-09-11,229.38107299804688,229.9499969482422,240.0438995361328,749.1406860351562,120.3499984741211,229.7998863317909,231.52999877929688,241.9213539288796,755.3261108896929,125.34500122070312,226.01060327291316,229.33999633789062,235.92949376965038,746.6165845282627,119.19999694824219,226.23996538709508,231.49000549316406,239.55457404217233,752.8818998869256,125.0999984741211,50208600,37485600,30599300,7923300,56823000
2025-09-12,233.40968322753906,228.14999389648438,240.4733123779297,753.8196411132812,118.84400177001953,233.84842918261825,230.7899932861328,241.75157459718335,755.7949823874058,121.1780014038086,228.373926506362,226.2899932861328,237.67710805902945,742.0173423532742,118.23999786376953,228.57335925244223,230.35000610351562,240.04388783032,746.9756681630587,120.30599975585938,55824200,38496200,26771600,8248600,37849000
2025-09-15,236.03224182128906,231.42999267578125,251.26864624023438,762.9083251953125,120.22599792480469,237.5180438551372,233.72999572753906,252.06756394348793,772.2563664766384,120.7239990234375,234.36695488957946,230.32000732421875,244.32807821701437,750.2280827190908,117.32099914550781,236.33139853346725,230.6300048828125,244.32807821701437,755.6952236302711,118.83999633789062,42699500,33243300,58383800,10533800,29093000
2025-09-16,237.4781494140625,234.0500030517578,250.8192596435547,777.1748046875,120.0510025024414,240.53949594661788,235.89999389648438,252.696698721273,779.5292605984961,120.9000015258789,235.65332541334,232.22999572753906,249.13154999644232,763.3073480005289,119.72799682617188,236.51088466190768,232.94000244140625,251.73800966841424,765.2029206615051,120.56400299072266,63421100,38203900,34109700,11782500,24047000
2025-09-17,238.3157958984375,231.6199951171875,249.19146728515625,773.9024658203125,122.8499984741211,239.42266510979977,234.3000030517578,251.25866627901078,781.4547366857648,123.39299774169922,237.05934071942244,228.7100067138672,245.94587648389523,764.5145401578408,120.66100311279297,238.2958480596019,233.77000427246094,250.87917693990602,778.16248073438,122.10199737548828,46508000,42815200,34108000,9400900,34598000
2025-09-18,237.20892333984375,231.22999572753906,251.68807983398438,778.4218139648438,120.77799987792969,240.51954939992544,233.47999572753906,253.64542748570952,786.9318567440129,123.30000305175781,235.98238232851827,228.7899932861328,249.46110945180462,771.5479431530769,120.55000305175781,239.29302360434258,232.5,251.338548569648,778.9206424262118,122.08200073242188,44249600,37931700,31239500,10955000,31691000
2025-09-19,244.8074188232422,231.47999572753906,254.3744354248047,776.5562744140625,122.6969985961914,245.60516498271895,234.16000366210938,255.65269769422878,788.9471575257752,122.99500274658203,239.53234916144805,229.6999969482422,251.4683796180924,767.3878039844694,120.80999755859375,240.5494606794321,232.3699951171875,252.90642848071656,784.5774149162842,121.86199951171875,163741300,97943200,55571400,23696800,49476000
2025-09-22,255.35755920410156,227.6300048828125,252.18740844726562,763.8824462890625,122.73699951171875,255.9160073848096,230.57000732421875,255.4329993925613,784.4181095052566,122.97599792480469,247.42002368458668,227.50999450683594,249.96043800377367,763.1935958899483,121.42400360107422,247.5995237986898,230.55999755859375,254.08482475081846,780.5445827585347,122.19000244140625,105517400,45914500,32290500,11706900,25468000
2025-09-23,253.7122344970703,220.7100067138672,251.31858825683594,754.1387939453125,121.84700012207031,256.6140289111009,227.86000061035156,254.01492224497756,769.3133669851754,122.77899932861328,252.86464151383097,220.07000732421875,250.1401811840686,749.8160063356215,120.84700012207031,255.15815615601056,227.8300018310547,252.69670571321294,767.9656453445465,122.73300170898438,60275200,70956200,26628000,10872600,24991000
2025-09-24,251.59820556640625,220.2100067138672,246.80471801757812,759.3899536132812,120.3949966430664,255.01853710208397,224.55999755859375,252.00765659919705,759.8392144671293,122.1500015258789,250.33178410429736,219.4499969482422,246.1056707170572,751.2735837511626,119.41999816894531,254.49999981420794,224.14999389648438,251.31859024650916,756.2352564498105,121.86100006103516,42303700,49509000,28201000,8828200,27731000
2025-09-25,256.14532470703125,218.14999389648438,245.45652770996094,747.6595458984375,120.8239974975586,256.4444966190252,220.6699981689453,246.15559020390248,755.5064686568031,121.68399810791016,250.99989343760635,216.47000122070312,240.41339128252798,743.3068402529434,119.1510009765625,252.49566170312627,220.05999755859375,244.0684141454478,752.1920046258563,120.30899810791016,55202100,52226300,31020400,10591100,19978000
2025-09-26,254.7393341064453,219.77999877929688,246.2055206298828,742.5081787109375,121.06099700927734,256.8732963908738,221.0500030517578,249.08161830530747,750.6745134518627,121.4000015258789,253.06406560531616,218.02000427246094,245.63630185383965,736.1188402620083,120.0,253.38317016390945,219.0800018310547,246.73481561544992,748.7477432379202,120.54199981689453,46076300,41650100,18503200,9696300,19450000
2025-09-29,253.7122344970703,222.1699981689453,243.71890258789062,742.1588134765625,120.64099884033203,254.28063380560434,222.60000610351562,250.80926093832198,749.5264964028529,122.4489974975586,252.29624220529692,219.3000030517578,242.4406403715287,737.9159094495395,118.75399780273438,253.8418726304012,220.0800018310547,247.51375020937843,747.4698773667765,120.5,40127700,44259200,32505800,9246800,30332000
2025-09-30,253.9116668701172,219.57000732421875,242.77020263671875,733.15380859375,119.89199829101562,255.1980209495745,222.24000549316406,242.9599320717839,741.729431724798,120.8499984741211,252.39595068950493,217.88999938964844,238.92541967317948,725.0872827303901,117.80000305175781,254.1410137555297,222.02999877929688,242.48058753408858,741.0106631587118,120.64099884033203,37704300,48396400,34724300,16226800,38303000
2025-10-01,254.72933959960938,220.6300048828125,244.5677490234375,716.142333984375,117.08999633789062,258.0599285933123,222.14999389648438,245.96585884887978,720.6447527663656,117.91400146484375,254.21080232618834,216.61000061035156,238.2862890899911,709.0142405229949,116.32099914550781,254.32049261064776,217.36000061035156,240.42338523813993,720.2853684573676,117.54900360107422,48713900,43933800,31658200,20419600,41102000
2025-10-02,256.40460205078125,222.41000366210938,245.356689453125,725.8360595703125,116.25299835205078,257.45162766856953,222.80999755859375,246.4751651396655,726.5548890984803,116.33300018310547,253.43299812845933,218.9499969482422,241.97128907367482,716.9409630753169,113.4000015258789,255.85613542550084,221.00999450683594,244.8174135056227,721.3735522103992,116.1500015258789,42630200,41258600,25483300,11415300,46855000
2025-10-03,257.2920837402344,219.50999450683594,245.0171356201172,709.3735961914062,115.33200073242188,258.5086431914624,224.1999969482422,245.96584369150784,729.7794705550638,116.80000305175781,253.23357360959045,219.33999633789062,241.33213946713911,708.9942257916973,114.3219985961914,253.9515436206674,223.44000244140625,244.15830178707057,728.4117628788885,116.5,49155600,43639000,30249600,16154300,31374000
2025-10-06,255.9658660888672,220.89999389648438,250.09024047851562,714.465087890625,116.33100128173828,258.339156849437,221.72999572753906,250.97904766602093,715.6830826309072,116.35800170898438,254.33049322602108,216.02999877929688,244.24818617214953,689.3571155710283,114.54499816894531,257.262186546101,221.0,244.44791178946252,704.0125981338592,116.03700256347656,44664100,43690900,28894700,21654700,29686000
2025-10-07,255.75645446777344,221.77999877929688,245.42657470703125,711.889404296875,119.10600280761719,256.6738420114173,222.88999938964844,250.1002333278666,717.3003375901077,120.13700103759766,254.70939836699205,220.1699981689453,245.18691006468788,704.5716259627259,117.74600219726562,256.0855101139428,220.8800048828125,247.93317917084852,716.5216106896504,117.77899932861328,31955800,31194700,23181300,12062900,33091000
2025-10-08,257.33197021484375,225.22000122070312,244.2881317138672,716.6414794921875,121.42500305175781,257.7906639625656,226.72999572753906,245.67624536262252,718.4484549738279,121.73899841308594,255.3874592951906,221.19000244140625,243.48922922331397,706.6281969142439,119.19999694824219,255.7963062732735,222.9199981689453,244.62768203424937,712.2587946669486,119.71099853515625,36496900,46686000,21307100,10790600,28514000
2025-10-09,253.32330322265625,227.74000549316406,241.2023162841797,732.2852783203125,123.10700225830078,257.27213808351553,228.2100067138672,244.42792989328805,732.2852783203125,123.75,252.42584836214985,221.75,238.82554034163272,711.2504512938121,121.18199920654297,257.08267167133846,225.0,244.13833003954065,717.0807271377935,121.42500305175781,38322000,46412100,27892100,12717200,28241000
2025-10-10,244.57806396484375,216.3699951171875,236.24905395507812,704.1223754882812,122.00800323486328,255.6567217403356,228.25,243.75884063652228,734.0423674154782,124.69999694824219,243.3116425485481,216.0,235.52003337107624,703.333716456913,121.91000366210938,254.2207817432353,226.2100067138672,241.10244578834048,729.6995938834806,122.9000015258789,61999100,72367500,33180300,16980100,42798000
2025-10-13,246.96133422851562,220.07000732421875,243.8187713623047,714.5050048828125,121.90299987792969,248.98560621270488,220.67999267578125,244.16830263513637,718.7379155876384,123.11199951171875,244.86725241658198,217.0399932861328,239.38480762364867,706.4584651360833,120.68099975585938,248.67648318296307,217.6999969482422,239.8841293059291,711.8194939498104,122.13500213623047,38142900,37809700,24995000,9251800,24608000
2025-10-14,247.07101440429688,216.38999938964844,245.11700439453125,707.4668579101562,121.53500366210938,248.14796941642882,219.32000732421875,246.78473694130554,714.3553010671379,122.42900085449219,244.00966795095763,212.60000610351562,240.18370386409978,698.1624113283383,120.30999755859375,245.90431694508948,215.55999755859375,240.9027282868883,706.5983153422467,121.4749984741211,35478000,45665600,22111600,8829800,23624000
2025-10-15,248.63658142089844,215.57000732421875,250.68943786621094,716.3519287109375,120.3290023803711,251.10959602979932,217.7100067138672,251.76797450819856,722.6913629779451,121.96199798583984,246.77186176083558,212.66000366210938,245.6562821083569,708.3253746524584,120.16100311279297,248.78616738422895,216.6199951171875,246.91456723829836,715.8627565899488,121.3010025024414,33893600,45909500,27007700,10246800,20252000
2025-10-16,246.7519073486328,214.47000122070312,251.1188507080078,710.881103515625,118.35900115966797,248.33741809379524,218.58999633789062,256.6113736152233,724.2786798244232,121.6709976196289,244.43846029169785,212.80999755859375,249.76069521164578,702.7047754671785,117.5999984741211,247.54965348458146,215.6699981689453,251.42842769264908,716.3519343648386,121.21499633789062,39777000,42414600,27997200,9017000,28326000
2025-10-17,251.5782470703125,213.0399932861328,252.95635986328125,715.7229614257812,119.93599700927734,252.66518358811555,214.8000030517578,253.87510990312921,717.3402516818879,120.31199645996094,246.57242016484557,211.02999877929688,247.4738024671156,704.9410060739878,117.8949966430664,247.3203043073955,214.55999755859375,250.41979725844868,705.8994251244851,118.36000061035156,49147000,45986900,29671600,12232400,29571000
2025-10-20,261.50018310546875,216.47999572753906,256.2019348144531,730.947509765625,123.85600280761719,263.63416054313814,216.69000244140625,256.98087539491434,732.5448748734839,124.7760009765625,254.90884523128253,213.58999633789062,253.88509020638818,718.9775387090459,120.69000244140625,255.168106265739,213.8800048828125,254.3444728441902,719.9858621042338,120.78800201416016,90483000,38882800,22350200,8900200,39862000
2025-10-21,262.0286865234375,222.02999877929688,250.12020874023438,732.0457153320312,124.13500213623047,264.5415968076956,223.32000732421875,254.53421031738455,737.2669635645257,124.86000061035156,261.0913359303388,217.99000549316406,243.81875668908756,727.5332426508437,123.1760025024414,261.141213133835,218.42999267578125,254.39440086428343,734.7911237948646,124.28299713134766,46695900,50494600,47312100,7647300,65082000
2025-10-22,257.7209167480469,217.9499969482422,251.34854125976562,732.1854248046875,111.63700103759766,262.1084981259862,220.00999450683594,256.01218852739623,739.3634223567747,115.76000213623047,254.70941678507808,216.52000427246094,248.95178813355238,722.8211423130082,111.2509994506836,261.9090501595624,219.3000030517578,254.02489806023604,732.6047674176828,114.29000091552734,45015300,44308500,35029400,8734500,147890000
2025-10-23,258.8476867675781,221.08999633789062,252.7366485595703,732.7744750976562,111.35900115966797,259.8847613495841,221.3000030517578,254.69398089708358,741.170406509876,112.78299713134766,257.28213901467177,218.17999267578125,251.50832156545113,731.8759534115667,109.9729995727539,259.206686997747,219.0,252.6367781341903,733.4733185275871,112.69000244140625,32754900,31540000,19901400,9856000,68497000
2025-10-24,262.07855224609375,224.2100067138672,259.5674133300781,737.1271362304688,109.46900177001953,263.3848541030092,225.39999389648438,261.32500504033385,739.9724141089259,111.45099639892578,258.44880663072195,221.89999389648438,254.97364746401067,729.9292138570585,109.44100189208984,260.4531458541269,221.97000122070312,256.23191746004557,735.5597503675807,111.0999984741211,38253700,38685100,28655100,9151300,60280000
2025-10-27,268.0516357421875,226.97000122070312,268.9046630859375,749.56640625,109.45600128173828,268.3607587413759,228.39999389648438,269.7735083332291,754.4881675999588,110.22799682617188,263.9033682058253,225.5399932861328,263.92144290721717,746.7611003830549,108.7300033569336,264.13273028939324,227.66000366210938,264.4607188078389,748.4781993498117,110.06700134277344,44888200,38267000,35235200,11321100,46911000
2025-10-28,268.2410888671875,229.25,267.1071472167969,750.1853637695312,110.25,269.12859257872884,231.49000549316406,270.3627344019799,757.1337649704751,111.697998046875,267.39348082722177,226.2100067138672,266.1384619149823,744.2752651341964,109.3010025024414,268.23110734142335,228.22000122070312,269.3241367489819,751.3733793283152,109.4000015258789,41534800,47100000,29738600,12193800,40209000
2025-10-29,268.93914794921875,230.3000030517578,274.197509765625,750.4149780273438,110.04100036621094,270.6443152614699,232.82000732421875,274.96645416764926,757.8924628078227,110.8550033569336,266.35642794866993,227.75999450683594,267.3068768000952,741.2702985772319,109.5999984741211,268.5203194424725,231.6699981689453,267.38675485794886,753.4898526523095,109.98400115966797,51086700,52036200,43580300,26818600,33995000
2025-10-30,270.63433837890625,222.86000061035156,281.09814453125,665.357177734375,108.9000015258789,273.36662916750566,228.44000244140625,291.1944142933695,679.8230352249238,110.61599731445312,267.72259312931254,222.75,279.6800575475708,649.0844057389726,108.81099700927734,271.2226702585742,227.05999755859375,291.1944142933695,668.0327566076506,109.44000244140625,69886500,102252900,74876000,88440100,41581000
2025-10-31,269.60723876953125,244.22000122070312,280.80853271484375,647.2674560546875,111.88600158691406,276.53764389728985,250.5,285.6120049046921,673.7631824593219,113.48799896240234,268.4006608909581,243.97999572753906,276.6541726227251,644.4921293755289,110.197998046875,276.2085578376442,250.10000610351562,282.8257813584811,673.383812052831,110.53900146484375,86167100,166340800,39267900,56953200,68665000
2025-11-03,268.2909851074219,254.0,283.3350830078125,636.645263671875,110.00900268554688,270.08592548154905,258.6000061035156,285.14262497278366,658.2291607688485,113.3499984741211,265.4988962118729,252.89999389648438,279.42038779718166,635.1177890022415,107.51499938964844,269.6571458353552,255.36000061035156,281.797163766903,654.90470367213,113.3239974975586,50194600,95997800,29786000,33003600,58634000
2025-11-04,269.2781982421875,249.32000732421875,277.1634826660156,626.2725830078125,109.2959976196289,270.72408938596277,257.010009765625,280.88840284028174,640.6684891460408,110.45999908447266,266.86501191822913,248.66000366210938,275.88522040271835,624.9647727272926,108.66799926757812,267.5730004152706,250.3800048828125,276.3745458896769,626.9913515895119,109.9990005493164,49274800,51546300,30078400,27356600,38718000
2025-11-05,269.3778991699219,250.1999969482422,283.9242858886719,634.88818359375,109.84600067138672,270.93349568379296,251.0,286.03143918614273,641.1576663615418,110.08499908447266,266.17693326929896,246.16000366210938,276.96374058170124,625.4938610947797,107.33699798583984,267.8521863717013,249.02999877929688,278.4916636746374,631.2542465797685,108.5,43683100,40610700,31010300,20219900,35539000
2025-11-06,269.0089416503906,243.0399932861328,284.36370849609375,617.9065551757812,109.7020034790039,272.6287059365568,250.3800048828125,287.9588308357049,634.938067569805,110.37000274658203,267.1342708755924,242.1699981689453,280.7586204462715,616.9681222612256,108.51300048828125,267.1342708755924,249.16000366210938,284.9429082592804,634.7882936522686,109.45800018310547,51204000,46004200,37173600,23628800,36532000
2025-11-07,267.7126159667969,244.41000366210938,278.4516906738281,620.6719360351562,110.36599731445312,271.5218466038475,244.89999389648438,283.39498707048995,621.0912176885568,110.8219985961914,266.0173996929098,238.49000549316406,274.816645004158,600.1961723842201,108.75,269.03885049148494,242.89999389648438,282.82575309004056,615.4606203242017,109.41799926757812,48227400,46374300,34479600,29946800,44125000
2025-11-10,268.9303283691406,248.39999389648438,289.7064208984375,630.7051391601562,112.00700378417969,273.2223721938244,251.75,290.40545290698407,633.9397194755629,112.81999969482422,266.9639805623884,245.58999633789062,282.47622284552773,617.0779066438014,110.40499877929688,268.46119877683986,248.33999633789062,284.03413439651047,630.0362749426478,110.6719970703125,41312400,36476500,29557300,19245000,36929000
2025-11-11,274.73956298828125,249.10000610351562,290.9147644042969,626.0330200195312,113.64399719238281,275.3983427074405,249.75,291.5239526379353,628.5088598168925,113.9219970703125,269.2996575494418,247.22999572753906,286.9301875660949,618.3558571038752,111.27999877929688,269.3096487524697,248.41000366210938,287.3595968518003,626.9514668906089,111.76000213623047,46208300,23564100,19842100,13302200,27966000
2025-11-12,272.962890625,244.1999969482422,286.3210144042969,607.9931640625,115.75,275.2187095291286,250.3699951171875,291.613842224268,627.939784558569,116.43399810791016,271.19618380015726,243.75,283.30512258449664,606.7552442025384,112.82599639892578,274.49005224267427,250.24000549316406,291.2842728658537,627.0812350986922,113.81700134277344,48398000,31190100,24829900,24493300,39221000
2025-11-13,272.4438171386719,237.5800018310547,278.19207763671875,608.8717041015625,115.4229965209961,276.1868626363035,243.75,282.45627365196606,616.6187572691151,116.73300170898438,271.58539619817094,236.5,276.8638649512614,601.993193452889,114.56900024414062,273.6016390736082,243.0500030517578,281.9569519907634,612.0463872625083,115.8499984741211,49602800,41401700,29494000,20973800,40144000
2025-11-14,271.90484619140625,234.69000244140625,276.0350036621094,608.4424438476562,111.21700286865234,275.4482508823214,238.72999572753906,278.1820807042813,612.6553687237855,114.27300262451172,269.10005949599775,232.88999938964844,270.3327588398133,594.2062431482154,110.72100067138672,270.5473523374902,235.05999755859375,271.04178706348836,600.7852061056304,114.27300262451172,47431300,38956700,31647200,20724100,47607000
2025-11-17,266.9639892578125,232.8699951171875,284.63330078125,601.0048217773438,110.29000091552734,269.98836893107386,234.60000610351562,293.55120856159544,610.6686515784111,111.8499984741211,265.237217022597,229.19000244140625,283.1852862901624,594.4058732487083,109.55000305175781,268.3214829895084,233.25,285.392279437324,608.0230519623859,110.75,45018300,59919000,52670200,16501300,26082700
2025-11-18,266.94403076171875,222.5500030517578,283.8943176269531,596.6920776367188,114.08999633789062,270.20795552947055,230.1999969482422,288.4081743957296,602.6520806612418,115.25,264.8279672087311,222.4199981689453,277.8225797399186,582.8053290854997,109.19999694824219,269.48928956232544,228.10000610351562,287.52939388700526,590.612218909938,110.29000091552734,45677300,60608400,49158700,25500600,43440600
2025-11-19,268.0619812011719,222.69000244140625,292.4127502441406,589.3343505859375,110.0,271.70520656667077,223.74000549316406,303.39782684502376,594.3359951431619,113.33999633789062,265.0076580872151,218.52000427246094,286.2411417953812,580.2794874440681,108.61000061035156,265.0376012369211,223.74000549316406,286.77042153983126,592.7286370493186,113.0,40424500,58335600,68198900,24744700,31868100
2025-11-20,265.7562561035156,217.13999938964844,289.05731201171875,588.1663818359375,105.66999816894531,274.91922505965954,227.41000366210938,306.0042898345543,605.7069934113463,111.0999984741211,265.42688147061517,216.74000549316406,288.2783714658303,582.376016746667,105.38999938964844,270.327749378444,227.0500030517578,304.1268355762142,602.4923987587222,111.0,45823600,50309000,62025200,20603000,36918500
2025-11-21,270.98651123046875,220.69000244140625,299.2534484863281,593.2578125,104.30999755859375,272.8230952896135,222.2100067138672,303.50767860502685,597.1213460929463,106.52999877929688,265.17732758833057,215.17999267578125,293.4513334764558,580.88848479756,103.80999755859375,265.4568071090486,216.35000610351562,296.0178540164301,587.517412968027,105.12999725341797,59030800,68490500,74137700,21052600,41232700
2025-11-24,275.4083557128906,226.27999877929688,318.14776611328125,612.0264282226562,106.97000122070312,276.48633959077114,227.3300018310547,319.0465694557707,615.6703584886146,108.04000091552734,270.397645153795,222.27000427246094,309.17996886834777,596.6321908004635,103.31999969482422,270.397645153795,222.55999755859375,310.70789188393536,597.7203367937327,104.25,65585800,54318400,85165100,23554900,62918300
2025-11-25,276.45635986328125,229.6699981689453,323.0011901855469,635.15771484375,104.4000015258789,279.8600396675645,230.52000427246094,328.3838617048627,635.9863461070595,106.30000305175781,274.7395483878858,223.8000030517578,317.2190369667809,617.2676517847817,103.81999969482422,274.75950033189645,226.3800048828125,325.767421144808,622.9581470454041,106.12000274658203,46914200,39379300,88632100,25213000,35122600
2025-11-26,277.0353088378906,229.16000366210938,319.5159606933594,632.5521240234375,106.13999938964844,279.0116481613461,231.75,324.0597758686898,637.2941935276676,106.94999694824219,276.11703191175064,228.77000427246094,316.36024396458464,630.575449286631,105.22000122070312,276.4464065684995,230.74000549316406,320.2449508538883,636.6253292062765,105.73999786376953,33431400,38497900,51373400,15209500,27951000
2025-11-28,278.3328857421875,233.22000122070312,319.74560546875,646.8681640625,107.58000183105469,278.4826014787427,233.2899932861328,326.40656970987055,646.9679727244463,107.94000244140625,275.4781737009374,230.22000122070312,316.3602205188893,634.4389389877349,106.23999786376953,276.7458380127342,231.24000549316406,322.9312800436979,635.0179876534709,106.44000244140625,20135600,20292300,26018600,11033200,15021600
2025-12-01,282.57501220703125,233.8800048828125,314.4627990722656,639.7999877929688,109.12999725341797,282.89442609469603,235.8000030517578,319.41606123931075,644.2425701847634,109.33999633789062,275.62792768573877,232.25,313.46415578589995,636.6951949252638,106.30999755859375,277.4944549964911,233.22000122070312,317.26898426885936,638.482184375183,106.51000213623047,46587700,42904000,41183000,13029900,24873400
2025-12-02,285.6592712402344,234.4199981689453,315.38153076171875,646.01953125,109.3499984741211,286.86701880065203,238.97000122070312,317.948051296999,646.7882651016448,109.7300033569336,282.10587559562896,233.5500030517578,313.4841146313127,637.0046400682228,107.5199966430664,282.47518456741903,235.00999450683594,316.3102616947243,641.2675300698932,109.20999908447266,53669500,45785400,35854700,11640900,25763000
2025-12-03,283.623046875,232.3800048828125,319.1963806152344,638.5321044921875,103.95999908447266,288.0847586222564,233.3800048828125,321.14371687287894,647.766660764867,106.87000274658203,282.77461708045536,230.61000061035156,313.67388407801036,636.4855393427306,102.02999877929688,285.6692634925469,233.35000610351562,315.4614642178001,643.3340713166507,106.58999633789062,43538700,35495100,41838300,11134300,53593400
2025-12-04,280.179443359375,229.11000061035156,317.1890869140625,660.4254760742188,103.22000122070312,284.20196835267484,233.5,321.92264650582644,674.9710950003275,103.80000305175781,278.07334059490756,226.8000030517578,314.27306548179905,658.9479057878542,101.7699966430664,283.5731318378766,232.77000427246094,321.7928484740126,674.8712863431018,103.56999969482422,43989100,45683200,31240900,29874600,51779100
2025-12-05,278.26300048828125,229.52999877929688,320.8341064453125,672.2955932617188,100.23999786376953,280.6186397013617,231.24000549316406,322.72155681925386,673.5634922785046,104.79000091552734,277.53434330937836,228.5500030517578,318.73697999805336,661.2840414153883,97.73999786376953,280.01974631085085,230.32000732421875,319.05652267664885,662.8913386215002,98.77999877929688,47265800,33117400,28851700,21207900,133363600
2025-12-08,277.3746643066406,226.88999938964844,313.49932861328125,665.6866455078125,96.79000091552734,279.15136205700173,230.8300018310547,320.21460294317257,675.5801331063639,99.88999938964844,275.6378704438954,226.27000427246094,311.0010871288888,663.9595535520253,95.30000305175781,277.6142094762677,229.58999633789062,319.82486263347363,668.2224435191038,99.87000274658203,38211800,35019200,33909400,13161000,100906300
2025-12-09,276.6659851074219,227.9199981689453,316.85693359375,655.8630981445312,96.70999908447266,279.5107061083118,228.57000732421875,317.7662971049956,663.3705005924867,97.23999786376953,276.4064879695729,225.11000061035156,311.6805848338384,652.2491473204041,95.44999694824219,277.6441787437343,226.83999633789062,312.15025542764414,662.6617250742562,97.02999877929688,32193300,25841700,30194000,12997100,51745600
2025-12-10,278.26300048828125,231.77999877929688,319.9847412109375,649.0444946289062,92.70999908447266,279.2312028389952,232.4199981689453,321.0839735202244,653.4171862971667,96.97000122070312,275.92734368017386,228.4600067138672,314.45863248382005,642.3257510862366,92.3499984741211,277.23491184461454,228.80999755859375,315.6078174223929,648.8648024836247,96.73999786376953,33038300,38790700,33428900,16910900,74129300
2025-12-11,277.514404296875,230.27999877929688,312.210205078125,651.6202392578125,94.08999633789062,279.07150890817053,232.11000061035156,320.8940942947929,654.1859556266841,94.81999969482422,273.3022288840155,228.69000244140625,308.3829128168011,639.7300904007725,92.76000213623047,278.5824273392719,230.7100067138672,319.85481737290655,642.2159232785478,93.9000015258789,33248000,28249600,42353700,13056700,43949000
2025-12-12,277.763916015625,226.19000244140625,309.07244873046875,643.1543579101562,95.19000244140625,278.70217518025987,230.0800018310547,314.6485102459599,709.8128965395189,96.91999816894531,276.30663218031253,225.1199951171875,305.34506149685063,637.543746077992,94.6500015258789,277.38461586894516,229.8699951171875,313.47935032153816,648.7150654102267,95.5,39532900,35639100,35940200,14016900,49323100
2025-12-15,273.6016540527344,222.5399932861328,308.003173828125,646.9561157226562,93.7699966430664,279.63046152672615,227.92999267578125,311.2009348824072,652.4414097008485,96.37000274658203,272.33402020742307,221.5,304.66552711937686,638.1536544261938,93.52999877929688,279.63046152672615,227.92999267578125,311.1009991314403,645.1476664750544,96.0199966430664,50409100,47286100,29151900,15549100,40016500
2025-12-16,274.1007385253906,222.55999755859375,306.3543395996094,656.587890625,94.56999969482422,274.9891026980292,223.66000366210938,310.5513666605185,661.973233609148,94.93000030517578,271.2859911871425,221.1300048828125,302.37712849550337,642.6498114209788,93.31999969482422,272.3140798989353,223.0399932861328,304.7354841263937,642.9495426008936,93.87999725341797,37648600,39298900,30585000,14309100,34265000
2025-12-17,271.33587646484375,221.27000427246094,296.5112609863281,648.9443969726562,94.79000091552734,275.6478724530811,225.19000244140625,307.87325739956634,660.664343241777,97.33000183105469,271.13626563598973,220.99000549316406,295.9116769824828,648.644665798819,94.45999908447266,274.50001118897205,224.66000366210938,307.7933270972379,655.0491556477624,95.9800033569336,50138700,44034400,43930400,15598500,50472800
2025-12-18,271.68524169921875,226.75999450683594,302.2472229003906,663.881591796875,94.0,273.12257373871984,229.22999572753906,303.7461677101471,669.9863502083882,95.80999755859375,266.4549687260805,224.41000366210938,299.0195145942255,655.8984367998282,93.58999633789062,273.1025913325419,225.7100067138672,301.50775321966603,656.4679564970005,95.0199966430664,51630700,50272400,33518000,20260300,37244700
2025-12-19,273.1625061035156,227.35000610351562,306.9439392089844,658.2064819335938,94.38999938964844,274.09077415448866,229.1300048828125,307.03387224107576,670.4260003995075,95.54000091552734,269.399477884542,225.5800018310547,300.7582909786616,657.6169598101359,93.44999694824219,271.6453053723066,226.75999450683594,301.5177661333593,665.8499012351181,93.56999969482422,144632000,85544400,59943200,49977100,78990200
2025-12-22,270.4674987792969,228.42999267578125,309.56207275390625,660.9341430664062,93.2300033569336,273.37210596231955,229.47999572753906,309.9118326328777,673.0038267300547,94.70999908447266,270.00836035897595,226.7100067138672,305.0852133945127,656.0883162216827,92.91000366210938,272.3539780142796,228.61000061035156,309.66200850448513,661.0840391473547,94.70999908447266,36571800,32261300,26429900,15659400,39484800
2025-12-23,271.85491943359375,232.13999938964844,314.1288757324219,664.3711547851562,93.5,271.99467443806464,232.4499969482422,314.7184570357758,665.4302455294139,93.80999755859375,269.06012395403746,228.72999572753906,309.1024153195162,657.6868755551602,91.33000183105469,270.3377490962612,229.05999755859375,309.41219480947996,659.4853234816244,93.4000015258789,29642000,29230200,25478700,8486800,25896200
2025-12-24,273.3022155761719,232.3800048828125,313.8690490722656,666.9789428710938,93.63999938964844,274.9192064044749,232.9499969482422,314.8583428959372,667.6084088263418,93.68000030517578,271.69521595033444,231.3300018310547,311.70059264113144,661.633543835896,92.66999816894531,271.8349404799371,232.1300048828125,314.5485634057752,661.9632786179176,93.11000061035156,17910600,11420500,10097400,5627500,12427900
2025-12-26,272.89300537109375,232.52000427246094,313.2894592285156,662.7225952148438,94.47000122070312,274.8593534534055,232.99000549316406,314.86833429915043,668.3777877623371,94.69000244140625,272.35399820928086,231.17999267578125,312.0603135401851,660.7543096382171,93.2699966430664,273.65160578690546,232.0399932861328,314.25877806497726,667.4885344385556,93.4800033569336,21521800,15994700,10899000,7133800,22068300
2025-12-29,273.2523498535156,232.07000732421875,313.33941650390625,658.1265258789062,94.1500015258789,273.8512128461511,232.60000610351562,313.79908436732376,659.6851889371151,94.97000122070312,271.8449608988494,230.77000427246094,310.4014822754237,653.8302165118,93.62999725341797,272.1843267483383,231.94000244140625,311.15095467052413,657.4471149030659,93.98999786376953,23715200,19797900,19621800,8506500,24493700
2025-12-30,272.57354736328125,232.52999877929688,313.6292419433594,665.3803100585938,93.77999877929688,273.57169281796894,232.77000427246094,316.72706748217655,671.6449047754843,93.98999786376953,271.77504318392386,230.1999969482422,312.24020504037514,657.2772625792347,93.33999633789062,272.30405905646904,231.2100067138672,312.28018544302313,658.1265110341435,93.5199966430664,22139600,21910500,17380900,9187500,23422000
2025-12-31,271.3558349609375,230.82000732421875,312.7798156738281,659.5253295898438,93.76000213623047,273.17246717497864,232.99000549316406,314.3586907819443,664.4311023248911,94.30999755859375,271.24605357156486,230.1199951171875,311.22091551782626,658.8758612620638,93.19999694824219,272.553621806917,232.91000366210938,312.62992729269524,664.1813161961976,93.5999984741211,27293600,24383700,16377700,7940400,23495200
2026-01-02,270.5074462890625,226.5,314.9283142089844,649.8535766601562,90.98999786376953,277.32476727085935,235.4600067138672,322.2731502440002,663.8216588672108,94.12999725341797,268.5011639041959,224.6999969482422,310.11169732658084,642.9495146869224,90.80999755859375,271.7551282774649,231.33999633789062,316.67708324131615,662.1630447721155,94.12999725341797,37838100,51456200,32009400,13726500,41155400
2026-01-05,266.764404296875,233.05999755859375,316.3173522949219,658.2264404296875,91.45999908447266,271.00652312062255,234.0,318.79558832967825,663.9715218041853,92.62999725341797,265.64648609237463,227.17999267578125,314.4086921415047,647.1959061445123,90.83999633789062,270.1381413175191,228.83999633789062,317.4365596004392,650.4531272549772,90.91999816894531,45647200,49733300,30195600,12213700,39183300
2026-01-06,261.87347412109375,240.92999267578125,314.1188659667969,660.0548706054688,90.6500015258789,267.05385240251036,243.17999267578125,320.71422913013345,664.9507033148827,91.63999938964844,261.63392891626114,232.07000732421875,311.5606693028291,651.3423593634897,89.73999786376953,266.5048844877732,232.10000610351562,316.17741436833177,659.0057810200069,91.54000091552734,52352100,53764700,31212100,11074400,43331000
2026-01-07,259.84722900390625,241.55999755859375,321.7535095214844,648.1350708007812,90.7300033569336,263.1910228349833,245.2899932861328,325.9205589972494,658.5861445899717,92.41999816894531,259.3282042611396,239.52000427246094,313.96898096999803,644.2583851266311,90.05999755859375,262.7119324450406,239.61000061035156,314.13884430323384,655.0791375151089,91.55999755859375,48309800,42236500,35104400,12846300,36525700
2026-01-08,258.55963134765625,246.2899932861328,325.2110595703125,645.50732421875,90.52999877929688,258.80916773471864,246.41000366210938,330.0876314322289,646.5464125947736,91.25,255.22581364132833,241.8800048828125,321.2738288701313,635.1761427603,89.58000183105469,256.5433578451618,243.05999755859375,328.7385750407063,645.3274855180696,90.44999694824219,50419300,39509800,31896100,11921700,40068700
2026-01-09,258.8890075683594,247.3800048828125,328.3388671875,652.5013427734375,89.45999908447266,259.7274461787287,247.86000061035156,330.5972566011106,654.3897406244424,90.05000305175781,255.74485516422806,242.24000549316406,325.5707962902668,642.3000548798136,88.31999969482422,258.5995368285105,244.57000732421875,326.8598973489763,644.8878661181845,90.02999877929688,39997000,34560000,26214200,11634900,55579500
2026-01-12,259.7673645019531,246.47000122070312,331.62652587890625,641.4207763671875,89.41000366210938,260.81540508500296,248.94000244140625,333.80501545240315,653.4105105723186,90.33999633789062,256.32375036738995,245.9600067138672,324.77136644379436,640.6814191818085,89.33000183105469,258.679389570116,246.72999572753906,325.57079145505844,651.9718010113269,89.69000244140625,45263800,35867800,33923900,14797200,36290600
2026-01-13,260.5658874511719,242.60000610351562,335.7336730957031,630.5501708984375,90.31999969482422,261.3244878277737,247.66000366210938,340.25048265726696,641.720599826752,91.1500015258789,257.9108470550362,240.25,333.38532003422745,623.5660991574318,89.06999969482422,258.24022168851656,246.52999877929688,334.7144015630273,641.720599826752,89.44000244140625,45730800,38371800,33517600,18030400,45221100
2026-01-14,259.4779052734375,236.64999389648438,335.603759765625,614.9934692382812,88.55000305175781,261.33447181199796,241.27999877929688,336.2832741209541,627.9124008742662,91.58000183105469,256.23393227813756,236.22000122070312,330.2475447349911,614.2940558608916,87.94999694824219,259.0087756526009,241.14999389648438,334.8243096530742,625.9640568168747,91.23999786376953,40019400,41410600,28525600,15527900,49737700
2026-01-15,257.7311706542969,238.17999267578125,332.5458984375,620.2689208984375,88.05000305175781,260.55593980217856,240.64999389648438,337.4524480652932,623.6360331340583,89.88999938964844,256.57331808587395,236.6300048828125,330.507324974913,613.7045339245012,87.81999969482422,260.16664839115424,239.30999755859375,337.4124676651339,617.9508982377323,89.0199966430664,39388600,43003600,28442400,13076100,36945100
2026-01-16,255.05612182617188,239.1199951171875,329.7678527832031,619.7194213867188,88.0,258.41986733264514,239.57000732421875,334.4145755186536,628.5418850412981,88.51000213623047,254.4572284259222,236.41000366210938,327.46948297740045,619.5495838845379,87.77999877929688,257.4217218192236,239.08999633789062,334.1747541117482,623.6460522405506,88.33999633789062,72142800,45888300,40341600,17012500,48130500
2026-01-20,246.2425079345703,231.0,321.77349853515625,603.6032104492188,87.26000213623047,254.31750190322293,235.08999633789062,327.49947891315526,610.8770121629093,89.9000015258789,242.9685916985444,229.33999633789062,320.20459558658575,599.4867397151437,87.0199966430664,252.26132447540706,233.75999450683594,320.6442885211675,607.3600037753715,88.97000122070312,80267500,47737900,35361000,15169600,109729700
2026-01-21,247.1907501220703,231.30999755859375,328.1490173339844,612.4356689453125,85.36000061035156,251.09350304772093,232.3000030517578,332.24613943011235,617.7411240978843,86.0,244.72532928784554,226.8800048828125,319.12537039479025,599.5666821865381,81.93000030517578,248.23880604127606,231.08999633789062,320.6942733516965,606.2209580964126,82.5199966430664,54641700,47276100,35386600,14494700,127940700
2026-01-22,247.8894500732422,234.33999633789062,330.3074951171875,647.0759887695312,83.54000091552734,250.53452965267718,235.72000122070312,334.9142376434696,660.0049216653568,85.0999984741211,247.68980878155546,230.89999389648438,328.5187457270175,626.0140046136898,82.9800033569336,248.737864640942,234.0500030517578,334.2147483456718,628.811597152667,85.0199966430664,39708300,31913300,26253600,21394700,69113300
2026-01-23,247.58001708984375,239.16000366210938,327.6993103027344,658.1964721679688,86.12000274658203,248.94748685874615,240.4499969482422,333.45526818914374,665.9198400091174,86.30000305175781,244.22624741136653,234.57000732421875,327.21966747627397,643.8987161260534,83.27999877929688,246.86136630134166,234.9600067138672,332.25610013077164,644.2184496993522,83.43000030517578,41689000,33778500,27280000,22797700,64520400
2026-01-26,254.93637084960938,238.4199981689453,333.02557373046875,671.7847900390625,85.69999694824219,256.08423219515316,240.9499969482422,335.60374537803585,674.7023359243682,86.94000244140625,249.33677343540953,237.5399932861328,326.7699676491338,660.7242529636108,85.3499984741211,251.01365072947274,239.97999572753906,327.5793954045391,664.5609947255355,86.91999816894531,55969200,32825500,26042100,16327400,40941900
2026-01-27,257.7910461425781,244.67999267578125,334.31463623046875,672.394287109375,85.58000183105469,261.4642450011371,244.8800048828125,337.6722883721735,676.2410302656567,85.5999984741211,257.73115984508394,238.0800018310547,333.2454121385867,664.0913982323968,83.87999725341797,258.6894015269614,239.69000244140625,335.1340666902067,674.0129574053085,85.27999877929688,49648300,38029200,21636200,13297400,37790800
2026-01-28,255.96444702148438,243.00999450683594,335.7736511230469,668.1578979492188,84.63999938964844,258.3799421919039,247.77999877929688,337.30257365930305,677.1002536346601,86.47000122070312,254.03801819206552,241.52999877929688,331.7065067534381,665.5301429727417,84.30000305175781,257.1721946066941,246.3699951171875,335.82360375323316,673.9229813666298,85.62999725341797,41288000,40882700,27434400,25709600,37762600
2026-01-29,257.801025390625,241.72999572753906,338.0120544433594,737.6784057617188,83.16000366210938,259.16847988830324,243.0,342.0492210013424,743.363540655783,84.37999725341797,253.93820707645818,236.74000549316406,326.3103005061971,711.9404325537852,82.3499984741211,257.52154586161765,242.82000732421875,340.06060015063264,736.7991536844581,84.30999755859375,67253000,47229600,39785600,59852900,42278100
2026-01-30,258.99884033203125,239.3000030517578,337.7622375488281,715.8870849609375,83.48999786376953,261.4143357105436,243.32000732421875,339.76083067041884,731.5436633097714,84.05999755859375,251.71235892004358,237.63999938964844,332.0562627255977,712.9796010924755,82.77999877929688,254.6968198516284,239.88999938964844,339.76083067041884,726.8776752394725,83.0999984741211,92443400,46585000,31024000,23744600,45755000
2026-02-02,269.50927734375,242.9600067138672,343.4482421875,705.8056640625,82.76000213623047,269.98836769074944,245.6300048828125,344.5874244246442,720.6829408229889,85.2699966430664,258.72928762151224,238.1699981689453,335.3939142353609,702.9181827036907,82.72000122070312,259.5477742456141,238.30999755859375,335.983495554882,713.9886602426056,83.52999877929688,73913400,37546100,32006100,14365200,41445300
2026-02-03,268.98028564453125,238.6199951171875,339.47100830078125,691.1082763671875,79.94000244140625,271.3758289780004,246.35000610351562,348.7544814019383,716.3866205151361,82.44999694824219,267.11372779647115,235.4499969482422,337.2325938809106,685.8227628297016,79.62000274658203,268.70080609664296,244.97999572753906,347.09564553860224,706.7648539132639,82.2300033569336,64394700,53831300,36506700,13760700,49789000
2026-02-04,275.97723388671875,232.99000549316406,332.80572509765625,668.417724609375,80.16000366210938,278.432693698261,238.86000061035156,343.0684894885568,688.2407799622291,81.44000244140625,271.7850411492978,231.82000732421875,328.2888852617291,666.8890651090074,79.2300033569336,271.7850411492978,238.86000061035156,342.7187296036167,687.1416843315144,79.98999786376953,90545700,51299900,70618400,16882800,48963200
2026-02-05,275.3983459472656,222.69000244140625,331.0169677734375,669.63671875,80.87000274658203,278.98168486317746,226.30999755859375,332.45595718246585,680.9170392363125,83.30000305175781,272.72332314901723,220.3800048828125,306.24439883874277,652.9409906690098,80.54000091552734,277.6142303156022,224.91000366210938,312.0003564748562,663.0123852284637,81.48999786376953,52977400,103509200,88205800,17131800,54805700
2026-02-06,277.6042175292969,210.32000732421875,322.63287353515625,660.8941650390625,82.19999694824219,280.3890519626743,211.44000244140625,330.147603202773,671.4151252649915,82.48999786376953,276.4164219647768,200.30999755859375,319.694969697787,645.9469408650316,80.6500015258789,276.6060720438839,202.6999969482422,326.94984200428365,664.920685797671,81.0199966430664,50453400,179210900,56380500,18159300,46154100
2026-02-09,274.3672180175781,208.72000122070312,324.09185791015625,676.640625,81.47000122070312,277.9439398399519,212.80999755859375,327.4694850607409,682.7254419812133,82.20999908447266,271.4499228389202,203.35000610351562,317.03682684844796,658.2164585284562,79.87000274658203,277.6541982366954,208.97000122070312,320.70422803551696,662.6126578425271,82.18000030517578,44623400,91178400,39640100,14837500,42200200
2026-02-10,273.4280700683594,206.9600067138672,318.3558654785156,670.1461791992188,82.20999908447266,275.11651686144285,212.64999389648438,321.4437184993816,680.0677378888336,84.66000366210938,272.68876099546605,206.41000366210938,314.38865715458337,669.216982119095,82.08999633789062,274.6369782150198,208.8000030517578,320.7441987510988,677.0202983345941,82.72000122070312,34376900,67175000,39170000,10455800,43595800
2026-02-11,275.24639892578125,204.0800018310547,310.7412414550781,668.1179809570312,79.62000274658203,279.92208361183503,208.57000732421875,320.8341425405983,678.6889475196376,82.4800033569336,274.1973776592452,202.49000549316406,309.44216816023624,656.5378686274887,79.44999694824219,274.44714753122867,208.05999755859375,318.7456164455411,673.4234361526849,81.95999908447266,51931300,65545500,45406400,14323800,40840300
2026-02-12,261.4891052246094,199.60000610351562,308.7826232910156,649.254150390625,75.86000061035156,275.46621856633783,203.9600067138672,316.0175203045161,675.421749916193,79.1500015258789,259.94051360693726,197.55999755859375,306.9839017615506,644.7280570616384,75.2300033569336,275.3363333447182,203.9600067138672,311.87044586439265,669.3968787035581,79.11000061035156,81077200,83975400,47761300,14960100,73516100
2026-02-13,255.5445556640625,198.7899932861328,305.50494384765625,639.2227172851562,76.87000274658203,261.9886306947134,201.16000366210938,308.41290048065196,650.872715705495,77.18000030517578,255.21485759663088,197.27999877929688,303.4963480144474,634.0271535178357,75.52999877929688,261.7688319830923,198.8800048828125,307.5135396808651,644.5481137374378,76.13999938964844,56290700,66321600,38499700,12336400,42292100
2026-02-17,263.6371154785156,201.14999389648438,301.8075256347656,638.7431030273438,77.0,266.0449008431299,201.74000549316406,304.22583664461854,642.0502690775812,77.87000274658203,255.30478047881587,196.0,296.04159566157676,628.2620863630333,75.30000305175781,257.8124646511843,198.1300048828125,299.82893803190484,638.952945338547,76.91999816894531,58469100,69879200,39247600,12674700,35961500
2026-02-18,264.106689453125,204.7899932861328,303.1166076660156,642.6697387695312,77.98999786376953,266.57441720150126,206.86000061035156,305.1651838815364,644.4482453696517,78.31999969482422,262.20844437502524,201.50999450683594,301.0380842700908,627.6126838179015,76.27999877929688,263.35737977838915,202.07000732421875,301.87748970860525,633.2578140286595,77.31999969482422,34203300,51003300,28482100,14649200,29883100
2026-02-19,260.3401184082031,204.86000061035156,302.636962890625,644.2284545898438,77.0,264.2365527856389,205.63999938964844,305.25511494304027,646.6363661317032,78.69999694824219,259.81060750150084,202.80999755859375,299.828942056139,636.1752909436037,76.58999633789062,262.35827847824623,203.8000030517578,301.6076886754516,638.0237449576674,77.75,30845300,35669600,25834400,10035700,30139200
2026-02-20,264.3364562988281,210.11000061035156,314.7584228515625,655.09912109375,78.66999816894531,264.5063132392292,211.1699981689453,316.2773425544253,662.7825455010891,78.8499984741211,257.9223826043077,203.75,303.68620054308417,638.2336163631846,76.4000015258789,258.73163460792017,204.75999450683594,304.1059184917761,639.1428111159805,76.61000061035156,42070500,65881600,53210800,14183500,32411300
2026-02-23,265.9349670410156,205.27000427246094,311.2708740234375,636.7048950195312,76.0199966430664,269.1819753311392,208.42999267578125,319.29522413676915,657.1374142434245,77.83000183105469,263.13755670993424,203.11000061035156,309.65201848441603,635.455964272141,75.01000213623047,263.24744081710827,208.10000610351562,318.82555353627805,651.9817939677475,77.79000091552734,37308200,53581500,31423000,8605900,38363000
2026-02-24,271.8895263671875,208.55999755859375,310.6813049316406,638.7531127929688,78.04000091552734,274.6369951599546,210.36000061035156,312.05033638585,640.5615620292823,78.12000274658203,267.46358073991865,203.25,305.71479964031533,628.4419334902003,75.20999908447266,267.61343657617186,205.47000122070312,310.3015673465962,632.5384628258726,75.7300033569336,47014600,41137200,25615600,10135600,33079100
2026-02-25,273.97760009765625,210.63999938964844,312.67987060546875,653.1307983398438,82.69999694824219,274.6869380517792,211.58999633789062,313.4193707572093,653.3206382422114,83.12000274658203,270.8005039088116,208.92999267578125,309.22231323387047,641.5906910720822,79.25,271.5298429675081,210.4600067138672,311.84046520002283,641.9803720795121,79.43000030517578,33714300,41346400,29963600,11330700,69319300
2026-02-26,272.6987609863281,207.9199981689453,307.1637878417969,656.447998046875,84.58999633789062,275.8558253670768,211.0500030517578,312.9197459051382,660.4345752110744,86.5,270.55071567552415,205.35000610351562,302.1373272609355,646.9461232211356,82.80000305175781,274.6969199809464,210.72999572753906,312.42009761480955,649.9935020296807,83.19999694824219,32345100,47756800,36431200,10637700,85642500
2026-02-27,263.93682861328125,210.0,311.54071044921875,647.62548828125,96.23999786376953,272.5588900215503,210.3300018310547,312.1502667227519,648.8844201349368,96.75,262.6480379442022,205.1999969482422,303.5862877430576,637.5740968396581,90.58000183105469,272.5588900215503,206.8300018310547,303.92607541564644,642.8995542116262,94.30000305175781,72366500,57422800,44640600,15703000,200767000
2026-03-02,264.476318359375,208.38999938964844,306.3043518066406,653.0009155273438,97.08999633789062,266.2846497598317,209.72999572753906,308.27296712894787,659.3754626922687,98.06999969482422,259.960490133898,203.4600067138672,301.088022863519,633.9572226725116,95.19999694824219,262.16844722421786,204.5500030517578,303.0166882830762,636.6149203669017,95.26000213623047,41827900,46001000,34790200,9816100,79915400
2026-03-03,263.5072326660156,208.72999572753906,303.3664245605469,654.5196533203125,97.69999694824219,265.31556422164516,209.17999267578125,303.72618716624237,658.4762268569145,98.45999908447266,259.8905695547566,202.47999572753906,296.5012623376298,638.293554979916,95.33000183105469,263.23749216234586,203.10000610351562,298.37994467731505,647.7354225434952,96.01000213623047,38568900,43184900,35497000,12263800,59149000
2026-03-04,262.2783508300781,216.82000732421875,302.9167785644531,667.1587524414062,98.66000366210938,265.9050144519466,217.5399932861328,305.2551289128473,672.1944798634893,99.75,261.179387723623,210.14999389648438,300.5384478137644,657.1073609851721,96.98999786376953,264.4063951364299,210.47000122070312,302.6769571429086,657.397151925757,97.11000061035156,39803100,54731100,29536200,10810100,52604300
2026-03-05,260.0504150390625,218.94000244140625,300.6683349609375,660.0049438476562,99.16999816894531,261.3192350446657,220.47000122070312,303.08661540637286,670.1262833419206,100.19000244140625,257.01320478174756,215.58999633789062,297.78035344585857,649.7537106790966,98.0999984741211,260.54995479568396,215.97999572753906,302.82681905445145,661.363765843265,98.5,49658600,60943400,35752300,13341400,53403000
2026-03-06,257.2229919433594,213.2100067138672,298.30999755859375,644.308349609375,99.0199966430664,258.53178361058343,217.32000732421875,300.31859339921897,648.9143914185428,99.87999725341797,254.13584003818684,212.52999877929688,294.97235071392555,635.5658346648192,97.4000015258789,258.39192833924307,214.99000549316406,295.88171424137005,647.3457881163396,99.33000183105469,41120000,51152700,25576900,13159400,41196300
2026-03-09,259.6407775878906,213.49000549316406,306.3599853515625,646.836181640625,98.31999969482422,260.9095975388004,213.82000732421875,306.79998779296875,647.195859029807,98.94000244140625,253.44647267699952,207.11000061035156,294.0799865722656,626.2438278402449,96.58000183105469,255.45463216869055,210.4499969482422,294.3599853515625,634.2369839533108,97.69999694824219,38218500,54642900,29312100,13489700,48589000
2026-03-10,260.58990478515625,214.3300018310547,307.0400085449219,653.510498046875,96.94000244140625,262.2384104290217,215.64999389648438,309.510009765625,659.7351492208539,98.48999786376953,256.71350175461305,212.42999267578125,305.57000732421875,648.444827744844,96.29000091552734,257.4128391437035,214.19000244140625,306.1700134277344,653.0009245574777,97.80999755859375,30590800,35678800,23239700,9859300,41027200
2026-03-11,260.5699157714844,212.64999389648438,308.70001220703125,654.2998046875,94.88999938964844,261.888707997661,217.0,311.4200134277344,658.5561703533895,98.0,259.3110658747261,211.35000610351562,305.9200134277344,647.8053649208291,94.69000244140625,260.8496568052655,215.7100067138672,306.75,654.1999146227295,97.41000366210938,26218900,34199300,24125700,8977200,33962900
2026-03-12,255.52456665039062,209.52999877929688,303.54998779296875,637.6340942382812,94.30999755859375,258.71164792954545,211.7100067138672,308.94000244140625,652.9409968457168,95.4000015258789,253.94601921584928,208.14999389648438,301.0299987792969,636.355220859953,93.87000274658203,258.4219063383753,210.38999938964844,306.82000732421875,648.1950599902964,94.86000061035156,40794000,44349500,24928300,11617500,34206900
2026-03-13,249.8897705078125,207.6699981689453,302.2799987792969,613.1849975585938,95.30999755859375,256.0940459350445,210.55999755859375,307.69000244140625,628.6317326131165,95.68000030517578,249.29033192864068,206.22000122070312,300.44000244140625,609.0285222575777,94.23999786376953,255.24483747003174,209.61000061035156,307.010009765625,623.3562813254467,94.63999938964844,36930000,35662100,23693100,18957600,29876700
2026-03-16,252.58729553222656,211.74000549316406,305.55999755859375,627.4500122070312,95.19999694824219,253.6563027081548,212.72000122070312,306.489990234375,634.75,96.0999984741211,249.6499992581203,207.4499969482422,303.0199890136719,623.0999755859375,94.36000061035156,251.87794235419486,208.35000610351562,304.3500061035156,632.0,95.58000183105469,32074200,42209300,23519700,15134900,34931800
2026-03-17,253.99598693847656,215.1999969482422,310.9200134277344,622.6599731445312,94.36000061035156,254.89516767044782,215.6999969482422,311.4200134277344,636.5499877929688,96.33999633789062,251.94787083452104,212.42999267578125,305.5,621.7000122070312,94.01000213623047,252.72716690012706,212.82000732421875,305.8599853515625,627.989990234375,95.30000305175781,32361600,44969900,21955200,10348800,26434500
2026-03-18,249.70994567871094,209.8699951171875,307.69000244140625,615.6799926757812,94.69999694824219,254.70534343896443,215.13999938964844,312.4700012207031,622.6500244140625,95.33999633789062,248.7708084606242,208.8300018310547,306.92999267578125,614.6099853515625,93.61000061035156,252.3974721128864,213.92999267578125,309.2699890136719,616.3400268554688,94.44999694824219,35757900,37846600,20009800,11726300,27878300
2026-03-19,248.73085021972656,208.75999450683594,307.1300048828125,606.7000122070312,91.73999786376953,251.5982036354298,209.1199951171875,308.05999755859375,613.0,95.75,247.0723745163624,206.0500030517578,302.3500061035156,602.260009765625,90.77999877929688,249.17043241392184,207.05999755859375,304.010009765625,612.1500244140625,94.30999755859375,34864100,36440600,25075800,13247700,40169300
2026-03-20,247.76173400878906,205.3699951171875,301.0,593.6599731445312,91.81999969482422,248.97061168291066,207.5399932861328,306.0,603.9600219726562,91.87999725341797,245.77356028907465,204.32000732421875,298.2699890136719,587.25,90.69000244140625,247.7517334570195,207.39999389648438,305.4599914550781,603.530029296875,91.30999755859375,88331100,63694600,44364100,21214900,61678000
2026-03-23,251.25851440429688,210.13999938964844,302.05999755859375,604.0599975585938,93.37999725341797,254.3656523266213,212.8000030517578,305.9800109863281,608.6400146484375,93.9800033569336,250.0496214753341,209.50999450683594,300.92999267578125,599.010009765625,91.86000061035156,253.73622734962268,209.7899932861328,302.1099853515625,605.7899780273438,92.04000091552734,40546100,44277400,29326900,13638000,34315900
2026-03-24,251.4083709716797,207.24000549316406,290.44000244140625,592.9199829101562,90.91999816894531,254.5954370944537,209.35000610351562,299.9200134277344,601.0,93.73999786376953,249.32029842391177,206.63999938964844,290.3299865722656,591.0,90.81999969482422,250.1195650925759,207.9499969482422,299.20001220703125,599.0999755859375,92.79000091552734,45152300,35351400,36864300,10739700,28938000
2026-03-25,252.38746643066406,211.7100067138672,290.92999267578125,594.8900146484375,92.27999877929688,254.76528059453105,213.07000732421875,296.0,603.6699829101562,92.5199966430664,251.3684162845015,209.89999389648438,289.239990234375,593.4000244140625,91.23999786376953,253.86611511385965,211.55999755859375,293.44000244140625,598.739990234375,91.70999908447266,28476700,36388800,29460700,12585000,29545600
2026-03-26,252.6572265625,207.5399932861328,280.9200134277344,547.5399780273438,93.31999969482422,256.76344411909713,212.88999938964844,287.95001220703125,583.0,95.86000061035156,250.53918279672283,207.1199951171875,278.5,543.3499755859375,91.01000213623047,251.88793104116345,210.61000061035156,287.9100036621094,582.489990234375,91.5199966430664,41796700,46746000,39080600,35780100,59522000
2026-03-27,248.57098388671875,199.33999633789062,274.3399963378906,525.719970703125,93.43000030517578,255.2548282141602,206.60000610351562,279.3699951171875,543.5999755859375,95.58000183105469,247.8416601166152,199.13999938964844,273.95001220703125,520.260009765625,92.73999786376953,253.666280215245,206.4600067138672,277.2799987792969,540.0999755859375,94.56999969482422,47900000,56009800,35890600,30133000,44590700
2026-03-30,246.40298461914062,200.9499969482422,273.5,536.3800048828125,92.97000122070312,250.63907198816298,203.8000030517578,277.0899963378906,539.5499877929688,94.48999786376953,245.28400520065438,199.97999572753906,272.1099853515625,528.5399780273438,92.22000122070312,249.83982057534305,201.47999572753906,276.4200134277344,536.3800048828125,92.75,39446200,46373800,35141200,22795200,32375100
2026-03-31,253.55638122558594,208.27000427246094,287.55999755859375,572.1300048828125,96.1500015258789,255.24482803058763,210.27999877929688,288.0799865722656,573.6900024414062,96.26000213623047,246.87255213324852,204.13999938964844,277.0899963378906,546.77001953125,93.02999877929688,247.6818040942864,204.85000610351562,278.0400085449219,549.97998046875,93.02999877929688,49598100,58470100,43875400,32898300,54270000
2026-04-01,255.3946990966797,210.57000732421875,297.3900146484375,579.22998046875,95.55000305175781,255.94418062939917,213.5800018310547,300.5199890136719,592.5499877929688,97.19999694824219,253.096813183035,208.19000244140625,290.4100036621094,573.8200073242188,94.26000213623047,253.8461228128272,210.44000244140625,290.8399963378906,580.1300048828125,96.47000122070312,40059400,45955400,37684500,23608100,30439300
2026-04-02,255.68443298339844,209.77000427246094,295.7699890136719,574.4600219726562,98.66000366210938,255.89424639361263,212.2100067138672,298.0799865722656,578.5,98.70999908447266,250.4192795609811,204.89999389648438,289.45001220703125,559.7000122070312,95.16999816894531,253.96601496217014,206.5399932861328,290.69000244140625,566.0399780273438,95.2699966430664,31289400,31453000,21666500,13518500,37068000
2026-04-06,258.6217041015625,212.7899932861328,299.989990234375,573.02001953125,98.93000030517578,261.9186847371787,212.9499969482422,300.6199951171875,582.7899780273438,102.69000244140625,256.2239194053331,209.58999633789062,295.17999267578125,572.0,97.97000122070312,256.27389167390277,209.8000030517578,295.8699951171875,577.6900024414062,100.95999908447266,29329900,25385500,16945500,9515700,37029300
2026-04-07,253.26666259765625,213.77000427246094,305.4599914550781,575.0499877929688,98.81999969482422,255.96418954301222,213.97000122070312,305.6300048828125,575.22998046875,99.87999725341797,245.47383916108728,209.0800018310547,297.7200012207031,564.760009765625,98.25,255.92421782448065,211.24000549316406,302.7300109863281,572.47998046875,98.55000305175781,62148000,28154600,23205400,9580800,25016700
2026-04-08,258.66168212890625,221.25,317.32000732421875,612.4199829101562,99.38999938964844,259.51090582044134,226.10000610351562,322.0799865722656,629.9500122070312,100.4000015258789,256.29386854025813,219.6199951171875,315.0199890136719,591.8300170898438,97.44000244140625,258.2121146377317,223.7899932861328,320.45001220703125,606.0,100.31999969482422,41032800,51092700,33547100,32036600,30957600
2026-04-09,260.2502136230469,233.64999389648438,318.489990234375,628.3900146484375,102.05000305175781,260.879638597066,233.8000030517578,319.5400085449219,637.5,102.33999633789062,255.8342992320816,223.27000427246094,311.05999755859375,623.0,99.08000183105469,258.7615948993736,225.22999572753906,315.9100036621094,626.969970703125,99.62999725341797,28121600,65964200,23739200,19012900,35087800
2026-04-10,260.240234375,238.3800048828125,317.239990234375,629.8599853515625,103.01000213623047,261.94865175168746,240.42999267578125,321.8299865722656,638.5800170898438,103.08000183105469,258.78155637925676,235.2100067138672,316.32000732421875,624.3300170898438,101.45999908447266,259.7406946341393,235.3000030517578,320.0199890136719,634.469970703125,102.47000122070312,31291500,56912800,19152600,13294800,25769900
2026-04-13,258.96142578125,239.88999938964844,321.30999755859375,634.530029296875,103.16000366210938,259.9405042051452,240.0,321.6300048828125,635.0,103.66999816894531,256.4237552437805,235.75,315.4700012207031,624.4000244140625,102.05999755859375,259.49093671136296,237.4499969482422,317.1400146484375,629.5,103.02999877929688,36234700,42166200,18866400,9538900,26042800
2026-04-14,258.59173583984375,249.02000427246094,332.9100036621094,662.489990234375,106.27999877929688,261.68888841493145,252.17999267578125,333.2900085449219,666.260009765625,106.56999969482422,256.9532612999924,241.77999877929688,323.75,639.3699951171875,103.04000091552734,259.01136264890187,241.77999877929688,324.7900085449219,643.219970703125,103.12000274658203,48370700,72685000,27721400,17818000,40534900
2026-04-15,266.18475341796875,248.5,337.1199951171875,671.5800170898438,107.70999908447266,266.3146386359468,250.44000244140625,337.4800109863281,678.5,107.8499984741211,257.57269269729437,247.1999969482422,330.8999938964844,664.219970703125,105.04000091552734,257.92237663273806,249.25,332.8900146484375,667.0,105.9800033569336,49913500,43045200,24918800,14952600,38023700
2026-04-16,263.15753173828125,249.6999969482422,336.0199890136719,676.8699951171875,107.79000091552734,266.91408037974617,250.0,339.8800048828125,677.5800170898438,108.94999694824219,261.0294875448873,244.1999969482422,334.5199890136719,667.75,106.62000274658203,266.55439590858066,248.50999450683594,338.75,675.989990234375,107.47000122070312,43323100,41895700,20541500,9544800,64928300
2026-04-17,269.98126220703125,250.55999755859375,341.67999267578125,688.5499877929688,97.30999755859375,272.0493335842862,256.17999267578125,342.32000732421875,691.52001953125,98.73999786376953,266.47448343207725,250.11000061035156,336.239990234375,675.1300048828125,95.0999984741211,266.7142527536172,254.99000549316406,337.6499938964844,678.5999755859375,96.37000274658203,61436200,52029300,25581900,16283500,125958700
2026-04-20,272.79864501953125,248.27999877929688,337.4200134277344,670.9099731445312,94.83000183105469,274.0275237795767,250.17999267578125,341.3999938964844,683.3800048828125,97.5999984741211,270.04120633500696,245.3699951171875,336.6099853515625,668.0,93.54000091552734,270.08114756253855,249.19000244140625,340.760009765625,681.3599853515625,97.13999938964844,36590200,39463100,18784200,12534000,63298300
2026-04-21,265.9250183105469,249.91000366210938,332.2900085449219,668.8400268554688,92.58000183105469,272.5488901425708,255.08999633789062,339.3399963378906,676.2000122070312,94.6500015258789,265.1557075406741,249.10000610351562,331.3500061035156,667.3300170898438,92.37000274658203,271.250098918132,255.08999633789062,337.69000244140625,671.0,94.0,50209800,42922400,23123800,8660100,61962300
2026-04-22,272.9185791015625,255.36000061035156,339.32000732421875,674.719970703125,93.23999786376953,273.48803128351057,255.94000244140625,339.82000732421875,678.3800048828125,93.8499984741211,266.62435952726383,250.3300018310547,335.1700134277344,669.75,92.7699966430664,267.5734973129919,252.44000244140625,337.0199890136719,674.3599853515625,93.05999755859375,43249200,36065100,20293000,9215600,33694300
2026-04-23,273.1783142089844,255.0800018310547,338.8900146484375,659.1500244140625,92.81999969482422,275.5161566987003,258.7900085449219,341.9599914550781,669.5599975585938,94.63999938964844,271.39995382845746,253.07000732421875,336.17999267578125,653.0499877929688,92.06999969482422,274.79681820267325,255.38999938964844,341.17999267578125,663.7000122070312,94.05999755859375,33399600,39091400,18650300,11667000,36851700
2026-04-24,270.81048583984375,263.989990234375,344.3999938964844,675.030029296875,92.44000244140625,272.80864483253174,264.5,345.2699890136719,680.6699829101562,93.27999877929688,269.4017800912603,257.69000244140625,335.3900146484375,653.8400268554688,91.80000305175781,272.50893317942314,259.9800109863281,338.7300109863281,660.3200073242188,92.56999969482422,38157100,53777400,26426100,13348300,32553200
2026-04-27,267.3636474609375,261.1199951171875,350.3399963378906,678.6199951171875,91.37000274658203,268.1129570778125,264.1499938964844,353.17999267578125,682.5,92.83999633789062,264.8260075108844,260.3399963378906,342.7300109863281,670.8400268554688,91.30000305175781,265.84505761361925,263.4599914550781,345.9800109863281,671.0,92.05000305175781,41466800,44906800,28576900,12805200,29707400
2026-04-28,270.4608154296875,259.70001220703125,349.7799987792969,671.3400268554688,92.2699966430664,272.97851539952296,261.0299987792969,352.4200134277344,678.1799926757812,92.33999633789062,268.4127145556596,256.6300048828125,346.1199951171875,665.6300048828125,90.0199966430664,272.0893199684016,258.3900146484375,348.54998779296875,674.239990234375,91.5,40018900,42204400,27824100,10606800,33418100
2026-04-29,269.92132568359375,263.0400085449219,349.94000244140625,669.1199951171875,92.12000274658203,270.7905199823619,265.9100036621094,355.7900085449219,674.25,92.86000061035156,266.7942019267937,257.70001220703125,344.2099914550781,663.8099975585938,90.86000061035156,267.3037117460274,257.989990234375,347.57000732421875,668.9099731445312,91.2300033569336,30047900,72367900,35376300,18947500,26122100
